2026-02-25 13:48:41 [main] INFO  c.t.TaskManagementServiceApplication - Starting TaskManagementServiceApplication using Java 17.0.18 with PID 26644 (C:\Users\akathirgamana\IdeaProjects\X-Maxxing-Microservices\task-management-service\target\classes started by akathirgamana in C:\Users\akathirgamana\IdeaProjects\X-Maxxing-Microservices)
2026-02-25 13:48:41 [main] DEBUG c.t.TaskManagementServiceApplication - Running with Spring Boot v3.2.5, Spring v6.1.6
2026-02-25 13:48:41 [main] INFO  c.t.TaskManagementServiceApplication - No active profile set, falling back to 1 default profile: "default"
2026-02-25 13:48:42 [main] INFO  o.s.d.r.c.RepositoryConfigurationDelegate - Bootstrapping Spring Data JPA repositories in DEFAULT mode.
2026-02-25 13:48:42 [main] INFO  o.s.d.r.c.RepositoryConfigurationDelegate - Finished Spring Data repository scanning in 42 ms. Found 2 JPA repository interfaces.
2026-02-25 13:48:42 [main] INFO  o.s.b.w.e.tomcat.TomcatWebServer - Tomcat initialized with port 8080 (http)
2026-02-25 13:48:42 [main] INFO  o.a.catalina.core.StandardService - Starting service [Tomcat]
2026-02-25 13:48:42 [main] INFO  o.a.catalina.core.StandardEngine - Starting Servlet engine: [Apache Tomcat/10.1.20]
2026-02-25 13:48:42 [main] INFO  o.a.c.c.C.[Tomcat].[localhost].[/] - Initializing Spring embedded WebApplicationContext
2026-02-25 13:48:42 [main] INFO  o.s.b.w.s.c.ServletWebServerApplicationContext - Root WebApplicationContext: initialization completed in 1307 ms
2026-02-25 13:48:42 [main] INFO  o.h.jpa.internal.util.LogHelper - HHH000204: Processing PersistenceUnitInfo [name: default]
2026-02-25 13:48:43 [main] INFO  org.hibernate.Version - HHH000412: Hibernate ORM core version 6.4.4.Final
2026-02-25 13:48:43 [main] INFO  o.h.c.i.RegionFactoryInitiator - HHH000026: Second-level cache disabled
2026-02-25 13:48:43 [main] INFO  o.s.o.j.p.SpringPersistenceUnitInfo - No LoadTimeWeaver setup: ignoring JPA class transformer
2026-02-25 13:48:43 [main] INFO  com.zaxxer.hikari.HikariDataSource - HikariPool-1 - Starting...
2026-02-25 13:48:44 [main] ERROR com.zaxxer.hikari.pool.HikariPool - HikariPool-1 - Exception during pool initialization.
com.mysql.cj.jdbc.exceptions.CommunicationsException: Communications link failure

The last packet sent successfully to the server was 0 milliseconds ago. The driver has not received any packets from the server.
	at com.mysql.cj.jdbc.exceptions.SQLError.createCommunicationsException(SQLError.java:174)
	at com.mysql.cj.jdbc.exceptions.SQLExceptionsMapping.translateException(SQLExceptionsMapping.java:64)
	at com.mysql.cj.jdbc.ConnectionImpl.createNewIO(ConnectionImpl.java:815)
	at com.mysql.cj.jdbc.ConnectionImpl.<init>(ConnectionImpl.java:438)
	at com.mysql.cj.jdbc.ConnectionImpl.getInstance(ConnectionImpl.java:241)
	at com.mysql.cj.jdbc.NonRegisteringDriver.connect(NonRegisteringDriver.java:189)
	at com.zaxxer.hikari.util.DriverDataSource.getConnection(DriverDataSource.java:138)
	at com.zaxxer.hikari.pool.PoolBase.newConnection(PoolBase.java:359)
	at com.zaxxer.hikari.pool.PoolBase.newPoolEntry(PoolBase.java:201)
	at com.zaxxer.hikari.pool.HikariPool.createPoolEntry(HikariPool.java:470)
	at com.zaxxer.hikari.pool.HikariPool.checkFailFast(HikariPool.java:561)
	at com.zaxxer.hikari.pool.HikariPool.<init>(HikariPool.java:100)
	at com.zaxxer.hikari.HikariDataSource.getConnection(HikariDataSource.java:112)
	at org.hibernate.engine.jdbc.connections.internal.DatasourceConnectionProviderImpl.getConnection(DatasourceConnectionProviderImpl.java:122)
	at org.hibernate.engine.jdbc.env.internal.JdbcEnvironmentInitiator$ConnectionProviderJdbcConnectionAccess.obtainConnection(JdbcEnvironmentInitiator.java:428)
	at org.hibernate.resource.transaction.backend.jdbc.internal.JdbcIsolationDelegate.delegateWork(JdbcIsolationDelegate.java:61)
	at org.hibernate.engine.jdbc.env.internal.JdbcEnvironmentInitiator.getJdbcEnvironmentUsingJdbcMetadata(JdbcEnvironmentInitiator.java:276)
	at org.hibernate.engine.jdbc.env.internal.JdbcEnvironmentInitiator.initiateService(JdbcEnvironmentInitiator.java:107)
	at org.hibernate.engine.jdbc.env.internal.JdbcEnvironmentInitiator.initiateService(JdbcEnvironmentInitiator.java:68)
	at org.hibernate.boot.registry.internal.StandardServiceRegistryImpl.initiateService(StandardServiceRegistryImpl.java:130)
	at org.hibernate.service.internal.AbstractServiceRegistryImpl.createService(AbstractServiceRegistryImpl.java:263)
	at org.hibernate.service.internal.AbstractServiceRegistryImpl.initializeService(AbstractServiceRegistryImpl.java:238)
	at org.hibernate.service.internal.AbstractServiceRegistryImpl.getService(AbstractServiceRegistryImpl.java:215)
	at org.hibernate.boot.model.relational.Database.<init>(Database.java:45)
	at org.hibernate.boot.internal.InFlightMetadataCollectorImpl.getDatabase(InFlightMetadataCollectorImpl.java:223)
	at org.hibernate.boot.internal.InFlightMetadataCollectorImpl.<init>(InFlightMetadataCollectorImpl.java:191)
	at org.hibernate.boot.model.process.spi.MetadataBuildingProcess.complete(MetadataBuildingProcess.java:170)
	at org.hibernate.jpa.boot.internal.EntityManagerFactoryBuilderImpl.metadata(EntityManagerFactoryBuilderImpl.java:1432)
	at org.hibernate.jpa.boot.internal.EntityManagerFactoryBuilderImpl.build(EntityManagerFactoryBuilderImpl.java:1503)
	at org.springframework.orm.jpa.vendor.SpringHibernateJpaPersistenceProvider.createContainerEntityManagerFactory(SpringHibernateJpaPersistenceProvider.java:75)
	at org.springframework.orm.jpa.LocalContainerEntityManagerFactoryBean.createNativeEntityManagerFactory(LocalContainerEntityManagerFactoryBean.java:390)
	at org.springframework.orm.jpa.AbstractEntityManagerFactoryBean.buildNativeEntityManagerFactory(AbstractEntityManagerFactoryBean.java:409)
	at org.springframework.orm.jpa.AbstractEntityManagerFactoryBean.afterPropertiesSet(AbstractEntityManagerFactoryBean.java:396)
	at org.springframework.orm.jpa.LocalContainerEntityManagerFactoryBean.afterPropertiesSet(LocalContainerEntityManagerFactoryBean.java:366)
	at org.springframework.beans.factory.support.AbstractAutowireCapableBeanFactory.invokeInitMethods(AbstractAutowireCapableBeanFactory.java:1833)
	at org.springframework.beans.factory.support.AbstractAutowireCapableBeanFactory.initializeBean(AbstractAutowireCapableBeanFactory.java:1782)
	at org.springframework.beans.factory.support.AbstractAutowireCapableBeanFactory.doCreateBean(AbstractAutowireCapableBeanFactory.java:600)
	at org.springframework.beans.factory.support.AbstractAutowireCapableBeanFactory.createBean(AbstractAutowireCapableBeanFactory.java:522)
	at org.springframework.beans.factory.support.AbstractBeanFactory.lambda$doGetBean$0(AbstractBeanFactory.java:326)
	at org.springframework.beans.factory.support.DefaultSingletonBeanRegistry.getSingleton(DefaultSingletonBeanRegistry.java:234)
	at org.springframework.beans.factory.support.AbstractBeanFactory.doGetBean(AbstractBeanFactory.java:324)
	at org.springframework.beans.factory.support.AbstractBeanFactory.getBean(AbstractBeanFactory.java:200)
	at org.springframework.context.support.AbstractApplicationContext.getBean(AbstractApplicationContext.java:1234)
	at org.springframework.context.support.AbstractApplicationContext.finishBeanFactoryInitialization(AbstractApplicationContext.java:952)
	at org.springframework.context.support.AbstractApplicationContext.refresh(AbstractApplicationContext.java:624)
	at org.springframework.boot.web.servlet.context.ServletWebServerApplicationContext.refresh(ServletWebServerApplicationContext.java:146)
	at org.springframework.boot.SpringApplication.refresh(SpringApplication.java:754)
	at org.springframework.boot.SpringApplication.refreshContext(SpringApplication.java:456)
	at org.springframework.boot.SpringApplication.run(SpringApplication.java:334)
	at org.springframework.boot.SpringApplication.run(SpringApplication.java:1354)
	at org.springframework.boot.SpringApplication.run(SpringApplication.java:1343)
	at com.taskmanagement.TaskManagementServiceApplication.main(TaskManagementServiceApplication.java:12)
Caused by: com.mysql.cj.exceptions.CJCommunicationsException: Communications link failure

The last packet sent successfully to the server was 0 milliseconds ago. The driver has not received any packets from the server.
	at java.base/jdk.internal.reflect.NativeConstructorAccessorImpl.newInstance0(Native Method)
	at java.base/jdk.internal.reflect.NativeConstructorAccessorImpl.newInstance(NativeConstructorAccessorImpl.java:77)
	at java.base/jdk.internal.reflect.DelegatingConstructorAccessorImpl.newInstance(DelegatingConstructorAccessorImpl.java:45)
	at java.base/java.lang.reflect.Constructor.newInstanceWithCaller(Constructor.java:500)
	at java.base/java.lang.reflect.Constructor.newInstance(Constructor.java:481)
	at com.mysql.cj.exceptions.ExceptionFactory.createException(ExceptionFactory.java:61)
	at com.mysql.cj.exceptions.ExceptionFactory.createException(ExceptionFactory.java:104)
	at com.mysql.cj.exceptions.ExceptionFactory.createException(ExceptionFactory.java:149)
	at com.mysql.cj.exceptions.ExceptionFactory.createCommunicationsException(ExceptionFactory.java:165)
	at com.mysql.cj.protocol.a.NativeSocketConnection.connect(NativeSocketConnection.java:88)
	at com.mysql.cj.NativeSession.connect(NativeSession.java:120)
	at com.mysql.cj.jdbc.ConnectionImpl.connectOneTryOnly(ConnectionImpl.java:935)
	at com.mysql.cj.jdbc.ConnectionImpl.createNewIO(ConnectionImpl.java:805)
	... 49 common frames omitted
Caused by: java.net.ConnectException: Connection refused: getsockopt
	at java.base/sun.nio.ch.Net.pollConnect(Native Method)
	at java.base/sun.nio.ch.Net.pollConnectNow(Net.java:684)
	at java.base/sun.nio.ch.NioSocketImpl.timedFinishConnect(NioSocketImpl.java:547)
	at java.base/sun.nio.ch.NioSocketImpl.connect(NioSocketImpl.java:602)
	at java.base/java.net.SocksSocketImpl.connect(SocksSocketImpl.java:327)
	at java.base/java.net.Socket.connect(Socket.java:633)
	at com.mysql.cj.protocol.StandardSocketFactory.connect(StandardSocketFactory.java:153)
	at com.mysql.cj.protocol.a.NativeSocketConnection.connect(NativeSocketConnection.java:62)
	... 52 common frames omitted
2026-02-25 13:48:44 [main] WARN  o.h.e.j.e.i.JdbcEnvironmentInitiator - HHH000342: Could not obtain connection to query metadata
java.lang.NullPointerException: Cannot invoke "org.hibernate.engine.jdbc.spi.SqlExceptionHelper.convert(java.sql.SQLException, String)" because the return value of "org.hibernate.resource.transaction.backend.jdbc.internal.JdbcIsolationDelegate.sqlExceptionHelper()" is null
	at org.hibernate.resource.transaction.backend.jdbc.internal.JdbcIsolationDelegate.delegateWork(JdbcIsolationDelegate.java:116)
	at org.hibernate.engine.jdbc.env.internal.JdbcEnvironmentInitiator.getJdbcEnvironmentUsingJdbcMetadata(JdbcEnvironmentInitiator.java:276)
	at org.hibernate.engine.jdbc.env.internal.JdbcEnvironmentInitiator.initiateService(JdbcEnvironmentInitiator.java:107)
	at org.hibernate.engine.jdbc.env.internal.JdbcEnvironmentInitiator.initiateService(JdbcEnvironmentInitiator.java:68)
	at org.hibernate.boot.registry.internal.StandardServiceRegistryImpl.initiateService(StandardServiceRegistryImpl.java:130)
	at org.hibernate.service.internal.AbstractServiceRegistryImpl.createService(AbstractServiceRegistryImpl.java:263)
	at org.hibernate.service.internal.AbstractServiceRegistryImpl.initializeService(AbstractServiceRegistryImpl.java:238)
	at org.hibernate.service.internal.AbstractServiceRegistryImpl.getService(AbstractServiceRegistryImpl.java:215)
	at org.hibernate.boot.model.relational.Database.<init>(Database.java:45)
	at org.hibernate.boot.internal.InFlightMetadataCollectorImpl.getDatabase(InFlightMetadataCollectorImpl.java:223)
	at org.hibernate.boot.internal.InFlightMetadataCollectorImpl.<init>(InFlightMetadataCollectorImpl.java:191)
	at org.hibernate.boot.model.process.spi.MetadataBuildingProcess.complete(MetadataBuildingProcess.java:170)
	at org.hibernate.jpa.boot.internal.EntityManagerFactoryBuilderImpl.metadata(EntityManagerFactoryBuilderImpl.java:1432)
	at org.hibernate.jpa.boot.internal.EntityManagerFactoryBuilderImpl.build(EntityManagerFactoryBuilderImpl.java:1503)
	at org.springframework.orm.jpa.vendor.SpringHibernateJpaPersistenceProvider.createContainerEntityManagerFactory(SpringHibernateJpaPersistenceProvider.java:75)
	at org.springframework.orm.jpa.LocalContainerEntityManagerFactoryBean.createNativeEntityManagerFactory(LocalContainerEntityManagerFactoryBean.java:390)
	at org.springframework.orm.jpa.AbstractEntityManagerFactoryBean.buildNativeEntityManagerFactory(AbstractEntityManagerFactoryBean.java:409)
	at org.springframework.orm.jpa.AbstractEntityManagerFactoryBean.afterPropertiesSet(AbstractEntityManagerFactoryBean.java:396)
	at org.springframework.orm.jpa.LocalContainerEntityManagerFactoryBean.afterPropertiesSet(LocalContainerEntityManagerFactoryBean.java:366)
	at org.springframework.beans.factory.support.AbstractAutowireCapableBeanFactory.invokeInitMethods(AbstractAutowireCapableBeanFactory.java:1833)
	at org.springframework.beans.factory.support.AbstractAutowireCapableBeanFactory.initializeBean(AbstractAutowireCapableBeanFactory.java:1782)
	at org.springframework.beans.factory.support.AbstractAutowireCapableBeanFactory.doCreateBean(AbstractAutowireCapableBeanFactory.java:600)
	at org.springframework.beans.factory.support.AbstractAutowireCapableBeanFactory.createBean(AbstractAutowireCapableBeanFactory.java:522)
	at org.springframework.beans.factory.support.AbstractBeanFactory.lambda$doGetBean$0(AbstractBeanFactory.java:326)
	at org.springframework.beans.factory.support.DefaultSingletonBeanRegistry.getSingleton(DefaultSingletonBeanRegistry.java:234)
	at org.springframework.beans.factory.support.AbstractBeanFactory.doGetBean(AbstractBeanFactory.java:324)
	at org.springframework.beans.factory.support.AbstractBeanFactory.getBean(AbstractBeanFactory.java:200)
	at org.springframework.context.support.AbstractApplicationContext.getBean(AbstractApplicationContext.java:1234)
	at org.springframework.context.support.AbstractApplicationContext.finishBeanFactoryInitialization(AbstractApplicationContext.java:952)
	at org.springframework.context.support.AbstractApplicationContext.refresh(AbstractApplicationContext.java:624)
	at org.springframework.boot.web.servlet.context.ServletWebServerApplicationContext.refresh(ServletWebServerApplicationContext.java:146)
	at org.springframework.boot.SpringApplication.refresh(SpringApplication.java:754)
	at org.springframework.boot.SpringApplication.refreshContext(SpringApplication.java:456)
	at org.springframework.boot.SpringApplication.run(SpringApplication.java:334)
	at org.springframework.boot.SpringApplication.run(SpringApplication.java:1354)
	at org.springframework.boot.SpringApplication.run(SpringApplication.java:1343)
	at com.taskmanagement.TaskManagementServiceApplication.main(TaskManagementServiceApplication.java:12)
2026-02-25 13:48:44 [main] WARN  org.hibernate.orm.deprecation - HHH90000025: MySQLDialect does not need to be specified explicitly using 'hibernate.dialect' (remove the property setting and it will be selected by default)
2026-02-25 13:48:44 [main] INFO  o.h.e.t.j.p.i.JtaPlatformInitiator - HHH000489: No JTA platform available (set 'hibernate.transaction.jta.platform' to enable JTA platform integration)
2026-02-25 13:48:45 [main] INFO  com.zaxxer.hikari.HikariDataSource - HikariPool-1 - Starting...
2026-02-25 13:48:46 [main] ERROR com.zaxxer.hikari.pool.HikariPool - HikariPool-1 - Exception during pool initialization.
com.mysql.cj.jdbc.exceptions.CommunicationsException: Communications link failure

The last packet sent successfully to the server was 0 milliseconds ago. The driver has not received any packets from the server.
	at com.mysql.cj.jdbc.exceptions.SQLError.createCommunicationsException(SQLError.java:174)
	at com.mysql.cj.jdbc.exceptions.SQLExceptionsMapping.translateException(SQLExceptionsMapping.java:64)
	at com.mysql.cj.jdbc.ConnectionImpl.createNewIO(ConnectionImpl.java:815)
	at com.mysql.cj.jdbc.ConnectionImpl.<init>(ConnectionImpl.java:438)
	at com.mysql.cj.jdbc.ConnectionImpl.getInstance(ConnectionImpl.java:241)
	at com.mysql.cj.jdbc.NonRegisteringDriver.connect(NonRegisteringDriver.java:189)
	at com.zaxxer.hikari.util.DriverDataSource.getConnection(DriverDataSource.java:138)
	at com.zaxxer.hikari.pool.PoolBase.newConnection(PoolBase.java:359)
	at com.zaxxer.hikari.pool.PoolBase.newPoolEntry(PoolBase.java:201)
	at com.zaxxer.hikari.pool.HikariPool.createPoolEntry(HikariPool.java:470)
	at com.zaxxer.hikari.pool.HikariPool.checkFailFast(HikariPool.java:561)
	at com.zaxxer.hikari.pool.HikariPool.<init>(HikariPool.java:100)
	at com.zaxxer.hikari.HikariDataSource.getConnection(HikariDataSource.java:112)
	at org.hibernate.engine.jdbc.connections.internal.DatasourceConnectionProviderImpl.getConnection(DatasourceConnectionProviderImpl.java:122)
	at org.hibernate.engine.jdbc.env.internal.JdbcEnvironmentInitiator$ConnectionProviderJdbcConnectionAccess.obtainConnection(JdbcEnvironmentInitiator.java:428)
	at org.hibernate.resource.transaction.backend.jdbc.internal.DdlTransactionIsolatorNonJtaImpl.getIsolatedConnection(DdlTransactionIsolatorNonJtaImpl.java:46)
	at org.hibernate.resource.transaction.backend.jdbc.internal.DdlTransactionIsolatorNonJtaImpl.getIsolatedConnection(DdlTransactionIsolatorNonJtaImpl.java:39)
	at org.hibernate.tool.schema.internal.exec.ImprovedExtractionContextImpl.getJdbcConnection(ImprovedExtractionContextImpl.java:63)
	at org.hibernate.tool.schema.internal.exec.ImprovedExtractionContextImpl.getJdbcDatabaseMetaData(ImprovedExtractionContextImpl.java:70)
	at org.hibernate.tool.schema.extract.internal.InformationExtractorJdbcDatabaseMetaDataImpl.processTableResultSet(InformationExtractorJdbcDatabaseMetaDataImpl.java:64)
	at org.hibernate.tool.schema.extract.internal.AbstractInformationExtractorImpl.getTables(AbstractInformationExtractorImpl.java:570)
	at org.hibernate.tool.schema.extract.internal.DatabaseInformationImpl.getTablesInformation(DatabaseInformationImpl.java:122)
	at org.hibernate.tool.schema.internal.GroupedSchemaMigratorImpl.performTablesMigration(GroupedSchemaMigratorImpl.java:72)
	at org.hibernate.tool.schema.internal.AbstractSchemaMigrator.performMigration(AbstractSchemaMigrator.java:232)
	at org.hibernate.tool.schema.internal.AbstractSchemaMigrator.doMigration(AbstractSchemaMigrator.java:117)
	at org.hibernate.tool.schema.spi.SchemaManagementToolCoordinator.performDatabaseAction(SchemaManagementToolCoordinator.java:286)
	at org.hibernate.tool.schema.spi.SchemaManagementToolCoordinator.lambda$process$5(SchemaManagementToolCoordinator.java:145)
	at java.base/java.util.HashMap.forEach(HashMap.java:1421)
	at org.hibernate.tool.schema.spi.SchemaManagementToolCoordinator.process(SchemaManagementToolCoordinator.java:142)
	at org.hibernate.boot.internal.SessionFactoryObserverForSchemaExport.sessionFactoryCreated(SessionFactoryObserverForSchemaExport.java:37)
	at org.hibernate.internal.SessionFactoryObserverChain.sessionFactoryCreated(SessionFactoryObserverChain.java:35)
	at org.hibernate.internal.SessionFactoryImpl.<init>(SessionFactoryImpl.java:315)
	at org.hibernate.boot.internal.SessionFactoryBuilderImpl.build(SessionFactoryBuilderImpl.java:450)
	at org.hibernate.jpa.boot.internal.EntityManagerFactoryBuilderImpl.build(EntityManagerFactoryBuilderImpl.java:1507)
	at org.springframework.orm.jpa.vendor.SpringHibernateJpaPersistenceProvider.createContainerEntityManagerFactory(SpringHibernateJpaPersistenceProvider.java:75)
	at org.springframework.orm.jpa.LocalContainerEntityManagerFactoryBean.createNativeEntityManagerFactory(LocalContainerEntityManagerFactoryBean.java:390)
	at org.springframework.orm.jpa.AbstractEntityManagerFactoryBean.buildNativeEntityManagerFactory(AbstractEntityManagerFactoryBean.java:409)
	at org.springframework.orm.jpa.AbstractEntityManagerFactoryBean.afterPropertiesSet(AbstractEntityManagerFactoryBean.java:396)
	at org.springframework.orm.jpa.LocalContainerEntityManagerFactoryBean.afterPropertiesSet(LocalContainerEntityManagerFactoryBean.java:366)
	at org.springframework.beans.factory.support.AbstractAutowireCapableBeanFactory.invokeInitMethods(AbstractAutowireCapableBeanFactory.java:1833)
	at org.springframework.beans.factory.support.AbstractAutowireCapableBeanFactory.initializeBean(AbstractAutowireCapableBeanFactory.java:1782)
	at org.springframework.beans.factory.support.AbstractAutowireCapableBeanFactory.doCreateBean(AbstractAutowireCapableBeanFactory.java:600)
	at org.springframework.beans.factory.support.AbstractAutowireCapableBeanFactory.createBean(AbstractAutowireCapableBeanFactory.java:522)
	at org.springframework.beans.factory.support.AbstractBeanFactory.lambda$doGetBean$0(AbstractBeanFactory.java:326)
	at org.springframework.beans.factory.support.DefaultSingletonBeanRegistry.getSingleton(DefaultSingletonBeanRegistry.java:234)
	at org.springframework.beans.factory.support.AbstractBeanFactory.doGetBean(AbstractBeanFactory.java:324)
	at org.springframework.beans.factory.support.AbstractBeanFactory.getBean(AbstractBeanFactory.java:200)
	at org.springframework.context.support.AbstractApplicationContext.getBean(AbstractApplicationContext.java:1234)
	at org.springframework.context.support.AbstractApplicationContext.finishBeanFactoryInitialization(AbstractApplicationContext.java:952)
	at org.springframework.context.support.AbstractApplicationContext.refresh(AbstractApplicationContext.java:624)
	at org.springframework.boot.web.servlet.context.ServletWebServerApplicationContext.refresh(ServletWebServerApplicationContext.java:146)
	at org.springframework.boot.SpringApplication.refresh(SpringApplication.java:754)
	at org.springframework.boot.SpringApplication.refreshContext(SpringApplication.java:456)
	at org.springframework.boot.SpringApplication.run(SpringApplication.java:334)
	at org.springframework.boot.SpringApplication.run(SpringApplication.java:1354)
	at org.springframework.boot.SpringApplication.run(SpringApplication.java:1343)
	at com.taskmanagement.TaskManagementServiceApplication.main(TaskManagementServiceApplication.java:12)
Caused by: com.mysql.cj.exceptions.CJCommunicationsException: Communications link failure

The last packet sent successfully to the server was 0 milliseconds ago. The driver has not received any packets from the server.
	at java.base/jdk.internal.reflect.NativeConstructorAccessorImpl.newInstance0(Native Method)
	at java.base/jdk.internal.reflect.NativeConstructorAccessorImpl.newInstance(NativeConstructorAccessorImpl.java:77)
	at java.base/jdk.internal.reflect.DelegatingConstructorAccessorImpl.newInstance(DelegatingConstructorAccessorImpl.java:45)
	at java.base/java.lang.reflect.Constructor.newInstanceWithCaller(Constructor.java:500)
	at java.base/java.lang.reflect.Constructor.newInstance(Constructor.java:481)
	at com.mysql.cj.exceptions.ExceptionFactory.createException(ExceptionFactory.java:61)
	at com.mysql.cj.exceptions.ExceptionFactory.createException(ExceptionFactory.java:104)
	at com.mysql.cj.exceptions.ExceptionFactory.createException(ExceptionFactory.java:149)
	at com.mysql.cj.exceptions.ExceptionFactory.createCommunicationsException(ExceptionFactory.java:165)
	at com.mysql.cj.protocol.a.NativeSocketConnection.connect(NativeSocketConnection.java:88)
	at com.mysql.cj.NativeSession.connect(NativeSession.java:120)
	at com.mysql.cj.jdbc.ConnectionImpl.connectOneTryOnly(ConnectionImpl.java:935)
	at com.mysql.cj.jdbc.ConnectionImpl.createNewIO(ConnectionImpl.java:805)
	... 54 common frames omitted
Caused by: java.net.ConnectException: Connection refused: getsockopt
	at java.base/sun.nio.ch.Net.pollConnect(Native Method)
	at java.base/sun.nio.ch.Net.pollConnectNow(Net.java:684)
	at java.base/sun.nio.ch.NioSocketImpl.timedFinishConnect(NioSocketImpl.java:547)
	at java.base/sun.nio.ch.NioSocketImpl.connect(NioSocketImpl.java:602)
	at java.base/java.net.SocksSocketImpl.connect(SocksSocketImpl.java:327)
	at java.base/java.net.Socket.connect(Socket.java:633)
	at com.mysql.cj.protocol.StandardSocketFactory.connect(StandardSocketFactory.java:153)
	at com.mysql.cj.protocol.a.NativeSocketConnection.connect(NativeSocketConnection.java:62)
	... 57 common frames omitted
2026-02-25 13:48:46 [main] WARN  o.h.e.jdbc.spi.SqlExceptionHelper - SQL Error: 0, SQLState: 08S01
2026-02-25 13:48:46 [main] ERROR o.h.e.jdbc.spi.SqlExceptionHelper - Communications link failure

The last packet sent successfully to the server was 0 milliseconds ago. The driver has not received any packets from the server.
2026-02-25 13:48:46 [main] ERROR o.s.o.j.LocalContainerEntityManagerFactoryBean - Failed to initialize JPA EntityManagerFactory: [PersistenceUnit: default] Unable to build Hibernate SessionFactory; nested exception is org.hibernate.exception.JDBCConnectionException: Unable to open JDBC Connection for DDL execution [Communications link failure

The last packet sent successfully to the server was 0 milliseconds ago. The driver has not received any packets from the server.] [n/a]
2026-02-25 13:48:46 [main] WARN  o.s.b.w.s.c.AnnotationConfigServletWebServerApplicationContext - Exception encountered during context initialization - cancelling refresh attempt: org.springframework.beans.factory.BeanCreationException: Error creating bean with name 'entityManagerFactory' defined in class path resource [org/springframework/boot/autoconfigure/orm/jpa/HibernateJpaConfiguration.class]: [PersistenceUnit: default] Unable to build Hibernate SessionFactory; nested exception is org.hibernate.exception.JDBCConnectionException: Unable to open JDBC Connection for DDL execution [Communications link failure

The last packet sent successfully to the server was 0 milliseconds ago. The driver has not received any packets from the server.] [n/a]
2026-02-25 13:48:46 [main] INFO  o.a.catalina.core.StandardService - Stopping service [Tomcat]
2026-02-25 13:48:46 [main] INFO  o.s.b.a.l.ConditionEvaluationReportLogger - 

Error starting ApplicationContext. To display the condition evaluation report re-run your application with 'debug' enabled.
2026-02-25 13:48:46 [main] ERROR o.s.boot.SpringApplication - Application run failed
org.springframework.beans.factory.BeanCreationException: Error creating bean with name 'entityManagerFactory' defined in class path resource [org/springframework/boot/autoconfigure/orm/jpa/HibernateJpaConfiguration.class]: [PersistenceUnit: default] Unable to build Hibernate SessionFactory; nested exception is org.hibernate.exception.JDBCConnectionException: Unable to open JDBC Connection for DDL execution [Communications link failure

The last packet sent successfully to the server was 0 milliseconds ago. The driver has not received any packets from the server.] [n/a]
	at org.springframework.beans.factory.support.AbstractAutowireCapableBeanFactory.initializeBean(AbstractAutowireCapableBeanFactory.java:1786)
	at org.springframework.beans.factory.support.AbstractAutowireCapableBeanFactory.doCreateBean(AbstractAutowireCapableBeanFactory.java:600)
	at org.springframework.beans.factory.support.AbstractAutowireCapableBeanFactory.createBean(AbstractAutowireCapableBeanFactory.java:522)
	at org.springframework.beans.factory.support.AbstractBeanFactory.lambda$doGetBean$0(AbstractBeanFactory.java:326)
	at org.springframework.beans.factory.support.DefaultSingletonBeanRegistry.getSingleton(DefaultSingletonBeanRegistry.java:234)
	at org.springframework.beans.factory.support.AbstractBeanFactory.doGetBean(AbstractBeanFactory.java:324)
	at org.springframework.beans.factory.support.AbstractBeanFactory.getBean(AbstractBeanFactory.java:200)
	at org.springframework.context.support.AbstractApplicationContext.getBean(AbstractApplicationContext.java:1234)
	at org.springframework.context.support.AbstractApplicationContext.finishBeanFactoryInitialization(AbstractApplicationContext.java:952)
	at org.springframework.context.support.AbstractApplicationContext.refresh(AbstractApplicationContext.java:624)
	at org.springframework.boot.web.servlet.context.ServletWebServerApplicationContext.refresh(ServletWebServerApplicationContext.java:146)
	at org.springframework.boot.SpringApplication.refresh(SpringApplication.java:754)
	at org.springframework.boot.SpringApplication.refreshContext(SpringApplication.java:456)
	at org.springframework.boot.SpringApplication.run(SpringApplication.java:334)
	at org.springframework.boot.SpringApplication.run(SpringApplication.java:1354)
	at org.springframework.boot.SpringApplication.run(SpringApplication.java:1343)
	at com.taskmanagement.TaskManagementServiceApplication.main(TaskManagementServiceApplication.java:12)
Caused by: jakarta.persistence.PersistenceException: [PersistenceUnit: default] Unable to build Hibernate SessionFactory; nested exception is org.hibernate.exception.JDBCConnectionException: Unable to open JDBC Connection for DDL execution [Communications link failure

The last packet sent successfully to the server was 0 milliseconds ago. The driver has not received any packets from the server.] [n/a]
	at org.springframework.orm.jpa.AbstractEntityManagerFactoryBean.buildNativeEntityManagerFactory(AbstractEntityManagerFactoryBean.java:421)
	at org.springframework.orm.jpa.AbstractEntityManagerFactoryBean.afterPropertiesSet(AbstractEntityManagerFactoryBean.java:396)
	at org.springframework.orm.jpa.LocalContainerEntityManagerFactoryBean.afterPropertiesSet(LocalContainerEntityManagerFactoryBean.java:366)
	at org.springframework.beans.factory.support.AbstractAutowireCapableBeanFactory.invokeInitMethods(AbstractAutowireCapableBeanFactory.java:1833)
	at org.springframework.beans.factory.support.AbstractAutowireCapableBeanFactory.initializeBean(AbstractAutowireCapableBeanFactory.java:1782)
	... 16 common frames omitted
Caused by: org.hibernate.exception.JDBCConnectionException: Unable to open JDBC Connection for DDL execution [Communications link failure

The last packet sent successfully to the server was 0 milliseconds ago. The driver has not received any packets from the server.] [n/a]
	at org.hibernate.exception.internal.SQLStateConversionDelegate.convert(SQLStateConversionDelegate.java:100)
	at org.hibernate.exception.internal.StandardSQLExceptionConverter.convert(StandardSQLExceptionConverter.java:58)
	at org.hibernate.engine.jdbc.spi.SqlExceptionHelper.convert(SqlExceptionHelper.java:108)
	at org.hibernate.engine.jdbc.spi.SqlExceptionHelper.convert(SqlExceptionHelper.java:94)
	at org.hibernate.resource.transaction.backend.jdbc.internal.DdlTransactionIsolatorNonJtaImpl.getIsolatedConnection(DdlTransactionIsolatorNonJtaImpl.java:74)
	at org.hibernate.resource.transaction.backend.jdbc.internal.DdlTransactionIsolatorNonJtaImpl.getIsolatedConnection(DdlTransactionIsolatorNonJtaImpl.java:39)
	at org.hibernate.tool.schema.internal.exec.ImprovedExtractionContextImpl.getJdbcConnection(ImprovedExtractionContextImpl.java:63)
	at org.hibernate.tool.schema.internal.exec.ImprovedExtractionContextImpl.getJdbcDatabaseMetaData(ImprovedExtractionContextImpl.java:70)
	at org.hibernate.tool.schema.extract.internal.InformationExtractorJdbcDatabaseMetaDataImpl.processTableResultSet(InformationExtractorJdbcDatabaseMetaDataImpl.java:64)
	at org.hibernate.tool.schema.extract.internal.AbstractInformationExtractorImpl.getTables(AbstractInformationExtractorImpl.java:570)
	at org.hibernate.tool.schema.extract.internal.DatabaseInformationImpl.getTablesInformation(DatabaseInformationImpl.java:122)
	at org.hibernate.tool.schema.internal.GroupedSchemaMigratorImpl.performTablesMigration(GroupedSchemaMigratorImpl.java:72)
	at org.hibernate.tool.schema.internal.AbstractSchemaMigrator.performMigration(AbstractSchemaMigrator.java:232)
	at org.hibernate.tool.schema.internal.AbstractSchemaMigrator.doMigration(AbstractSchemaMigrator.java:117)
	at org.hibernate.tool.schema.spi.SchemaManagementToolCoordinator.performDatabaseAction(SchemaManagementToolCoordinator.java:286)
	at org.hibernate.tool.schema.spi.SchemaManagementToolCoordinator.lambda$process$5(SchemaManagementToolCoordinator.java:145)
	at java.base/java.util.HashMap.forEach(HashMap.java:1421)
	at org.hibernate.tool.schema.spi.SchemaManagementToolCoordinator.process(SchemaManagementToolCoordinator.java:142)
	at org.hibernate.boot.internal.SessionFactoryObserverForSchemaExport.sessionFactoryCreated(SessionFactoryObserverForSchemaExport.java:37)
	at org.hibernate.internal.SessionFactoryObserverChain.sessionFactoryCreated(SessionFactoryObserverChain.java:35)
	at org.hibernate.internal.SessionFactoryImpl.<init>(SessionFactoryImpl.java:315)
	at org.hibernate.boot.internal.SessionFactoryBuilderImpl.build(SessionFactoryBuilderImpl.java:450)
	at org.hibernate.jpa.boot.internal.EntityManagerFactoryBuilderImpl.build(EntityManagerFactoryBuilderImpl.java:1507)
	at org.springframework.orm.jpa.vendor.SpringHibernateJpaPersistenceProvider.createContainerEntityManagerFactory(SpringHibernateJpaPersistenceProvider.java:75)
	at org.springframework.orm.jpa.LocalContainerEntityManagerFactoryBean.createNativeEntityManagerFactory(LocalContainerEntityManagerFactoryBean.java:390)
	at org.springframework.orm.jpa.AbstractEntityManagerFactoryBean.buildNativeEntityManagerFactory(AbstractEntityManagerFactoryBean.java:409)
	... 20 common frames omitted
Caused by: com.mysql.cj.jdbc.exceptions.CommunicationsException: Communications link failure

The last packet sent successfully to the server was 0 milliseconds ago. The driver has not received any packets from the server.
	at com.mysql.cj.jdbc.exceptions.SQLError.createCommunicationsException(SQLError.java:174)
	at com.mysql.cj.jdbc.exceptions.SQLExceptionsMapping.translateException(SQLExceptionsMapping.java:64)
	at com.mysql.cj.jdbc.ConnectionImpl.createNewIO(ConnectionImpl.java:815)
	at com.mysql.cj.jdbc.ConnectionImpl.<init>(ConnectionImpl.java:438)
	at com.mysql.cj.jdbc.ConnectionImpl.getInstance(ConnectionImpl.java:241)
	at com.mysql.cj.jdbc.NonRegisteringDriver.connect(NonRegisteringDriver.java:189)
	at com.zaxxer.hikari.util.DriverDataSource.getConnection(DriverDataSource.java:138)
	at com.zaxxer.hikari.pool.PoolBase.newConnection(PoolBase.java:359)
	at com.zaxxer.hikari.pool.PoolBase.newPoolEntry(PoolBase.java:201)
	at com.zaxxer.hikari.pool.HikariPool.createPoolEntry(HikariPool.java:470)
	at com.zaxxer.hikari.pool.HikariPool.checkFailFast(HikariPool.java:561)
	at com.zaxxer.hikari.pool.HikariPool.<init>(HikariPool.java:100)
	at com.zaxxer.hikari.HikariDataSource.getConnection(HikariDataSource.java:112)
	at org.hibernate.engine.jdbc.connections.internal.DatasourceConnectionProviderImpl.getConnection(DatasourceConnectionProviderImpl.java:122)
	at org.hibernate.engine.jdbc.env.internal.JdbcEnvironmentInitiator$ConnectionProviderJdbcConnectionAccess.obtainConnection(JdbcEnvironmentInitiator.java:428)
	at org.hibernate.resource.transaction.backend.jdbc.internal.DdlTransactionIsolatorNonJtaImpl.getIsolatedConnection(DdlTransactionIsolatorNonJtaImpl.java:46)
	... 41 common frames omitted
Caused by: com.mysql.cj.exceptions.CJCommunicationsException: Communications link failure

The last packet sent successfully to the server was 0 milliseconds ago. The driver has not received any packets from the server.
	at java.base/jdk.internal.reflect.NativeConstructorAccessorImpl.newInstance0(Native Method)
	at java.base/jdk.internal.reflect.NativeConstructorAccessorImpl.newInstance(NativeConstructorAccessorImpl.java:77)
	at java.base/jdk.internal.reflect.DelegatingConstructorAccessorImpl.newInstance(DelegatingConstructorAccessorImpl.java:45)
	at java.base/java.lang.reflect.Constructor.newInstanceWithCaller(Constructor.java:500)
	at java.base/java.lang.reflect.Constructor.newInstance(Constructor.java:481)
	at com.mysql.cj.exceptions.ExceptionFactory.createException(ExceptionFactory.java:61)
	at com.mysql.cj.exceptions.ExceptionFactory.createException(ExceptionFactory.java:104)
	at com.mysql.cj.exceptions.ExceptionFactory.createException(ExceptionFactory.java:149)
	at com.mysql.cj.exceptions.ExceptionFactory.createCommunicationsException(ExceptionFactory.java:165)
	at com.mysql.cj.protocol.a.NativeSocketConnection.connect(NativeSocketConnection.java:88)
	at com.mysql.cj.NativeSession.connect(NativeSession.java:120)
	at com.mysql.cj.jdbc.ConnectionImpl.connectOneTryOnly(ConnectionImpl.java:935)
	at com.mysql.cj.jdbc.ConnectionImpl.createNewIO(ConnectionImpl.java:805)
	... 54 common frames omitted
Caused by: java.net.ConnectException: Connection refused: getsockopt
	at java.base/sun.nio.ch.Net.pollConnect(Native Method)
	at java.base/sun.nio.ch.Net.pollConnectNow(Net.java:684)
	at java.base/sun.nio.ch.NioSocketImpl.timedFinishConnect(NioSocketImpl.java:547)
	at java.base/sun.nio.ch.NioSocketImpl.connect(NioSocketImpl.java:602)
	at java.base/java.net.SocksSocketImpl.connect(SocksSocketImpl.java:327)
	at java.base/java.net.Socket.connect(Socket.java:633)
	at com.mysql.cj.protocol.StandardSocketFactory.connect(StandardSocketFactory.java:153)
	at com.mysql.cj.protocol.a.NativeSocketConnection.connect(NativeSocketConnection.java:62)
	... 57 common frames omitted
2026-02-25 13:49:59 [background-preinit] DEBUG org.jboss.logging - Logging Provider: org.jboss.logging.Slf4jLoggerProvider found via system property
2026-02-25 13:49:59 [background-preinit] DEBUG o.h.v.i.x.config.ValidationXmlParser - Trying to load META-INF/validation.xml for XML based Validator configuration.
2026-02-25 13:49:59 [background-preinit] DEBUG o.h.v.i.x.c.ResourceLoaderHelper - Trying to load META-INF/validation.xml via TCCL
2026-02-25 13:49:59 [background-preinit] DEBUG o.h.v.i.x.c.ResourceLoaderHelper - Trying to load META-INF/validation.xml via Hibernate Validator's class loader
2026-02-25 13:49:59 [background-preinit] DEBUG o.h.v.i.x.config.ValidationXmlParser - No META-INF/validation.xml found. Using annotation based configuration only.
2026-02-25 13:49:59 [background-preinit] DEBUG o.h.v.i.e.r.TraversableResolvers - Found jakarta.persistence.Persistence on classpath containing 'getPersistenceUtil'. Assuming JPA 2 environment. Trying to instantiate JPA aware TraversableResolver
2026-02-25 13:49:59 [background-preinit] DEBUG o.h.v.i.e.r.TraversableResolvers - Instantiated JPA aware TraversableResolver of type org.hibernate.validator.internal.engine.resolver.JPATraversableResolver.
2026-02-25 13:49:59 [background-preinit] DEBUG o.h.v.m.ResourceBundleMessageInterpolator - Loaded expression factory via original TCCL
2026-02-25 13:49:59 [main] INFO  c.t.TaskManagementServiceApplication - Starting TaskManagementServiceApplication using Java 17.0.18 with PID 9980 (C:\Users\akathirgamana\IdeaProjects\X-Maxxing-Microservices\task-management-service\target\classes started by akathirgamana in C:\Users\akathirgamana\IdeaProjects\X-Maxxing-Microservices)
2026-02-25 13:49:59 [main] DEBUG c.t.TaskManagementServiceApplication - Running with Spring Boot v3.2.5, Spring v6.1.6
2026-02-25 13:49:59 [main] INFO  c.t.TaskManagementServiceApplication - The following 1 profile is active: "dev"
2026-02-25 13:49:59 [main] DEBUG o.s.boot.SpringApplication - Loading source class com.taskmanagement.TaskManagementServiceApplication
2026-02-25 13:49:59 [main] DEBUG o.s.b.w.s.c.AnnotationConfigServletWebServerApplicationContext - Refreshing org.springframework.boot.web.servlet.context.AnnotationConfigServletWebServerApplicationContext@2313052e
2026-02-25 13:49:59 [main] DEBUG o.s.b.f.s.DefaultListableBeanFactory - Creating shared instance of singleton bean 'org.springframework.context.annotation.internalConfigurationAnnotationProcessor'
2026-02-25 13:49:59 [main] DEBUG o.s.b.f.s.DefaultListableBeanFactory - Creating shared instance of singleton bean 'org.springframework.boot.autoconfigure.internalCachingMetadataReaderFactory'
2026-02-25 13:49:59 [background-preinit] DEBUG o.h.v.i.e.ValidatorFactoryConfigurationHelper - HV000252: Using org.hibernate.validator.internal.engine.DefaultPropertyNodeNameProvider as property node name provider.
2026-02-25 13:49:59 [background-preinit] DEBUG o.h.v.i.e.ValidatorFactoryConfigurationHelper - HV000234: Using org.hibernate.validator.messageinterpolation.ResourceBundleMessageInterpolator as ValidatorFactory-scoped message interpolator.
2026-02-25 13:49:59 [background-preinit] DEBUG o.h.v.i.e.ValidatorFactoryConfigurationHelper - HV000234: Using org.hibernate.validator.internal.engine.resolver.JPATraversableResolver as ValidatorFactory-scoped traversable resolver.
2026-02-25 13:49:59 [background-preinit] DEBUG o.h.v.i.e.ValidatorFactoryConfigurationHelper - HV000234: Using org.hibernate.validator.internal.util.ExecutableParameterNameProvider as ValidatorFactory-scoped parameter name provider.
2026-02-25 13:49:59 [background-preinit] DEBUG o.h.v.i.e.ValidatorFactoryConfigurationHelper - HV000234: Using org.hibernate.validator.internal.engine.DefaultClockProvider as ValidatorFactory-scoped clock provider.
2026-02-25 13:49:59 [background-preinit] DEBUG o.h.v.i.e.ValidatorFactoryConfigurationHelper - HV000234: Using org.hibernate.validator.internal.engine.scripting.DefaultScriptEvaluatorFactory as ValidatorFactory-scoped script evaluator factory.
2026-02-25 13:49:59 [main] DEBUG o.s.c.a.ClassPathBeanDefinitionScanner - Identified candidate component class: file [C:\Users\akathirgamana\IdeaProjects\X-Maxxing-Microservices\task-management-service\target\classes\com\taskmanagement\config\OpenApiConfig.class]
2026-02-25 13:49:59 [main] DEBUG o.s.c.a.ClassPathBeanDefinitionScanner - Identified candidate component class: file [C:\Users\akathirgamana\IdeaProjects\X-Maxxing-Microservices\task-management-service\target\classes\com\taskmanagement\controller\GoalController.class]
2026-02-25 13:49:59 [main] DEBUG o.s.c.a.ClassPathBeanDefinitionScanner - Identified candidate component class: file [C:\Users\akathirgamana\IdeaProjects\X-Maxxing-Microservices\task-management-service\target\classes\com\taskmanagement\controller\HealthController.class]
2026-02-25 13:49:59 [main] DEBUG o.s.c.a.ClassPathBeanDefinitionScanner - Identified candidate component class: file [C:\Users\akathirgamana\IdeaProjects\X-Maxxing-Microservices\task-management-service\target\classes\com\taskmanagement\controller\TaskController.class]
2026-02-25 13:49:59 [main] DEBUG o.s.c.a.ClassPathBeanDefinitionScanner - Identified candidate component class: file [C:\Users\akathirgamana\IdeaProjects\X-Maxxing-Microservices\task-management-service\target\classes\com\taskmanagement\exception\GlobalExceptionHandler.class]
2026-02-25 13:49:59 [main] DEBUG o.s.c.a.ClassPathBeanDefinitionScanner - Ignored because not a concrete top-level class: file [C:\Users\akathirgamana\IdeaProjects\X-Maxxing-Microservices\task-management-service\target\classes\com\taskmanagement\repository\GoalRepository.class]
2026-02-25 13:49:59 [main] DEBUG o.s.c.a.ClassPathBeanDefinitionScanner - Ignored because not a concrete top-level class: file [C:\Users\akathirgamana\IdeaProjects\X-Maxxing-Microservices\task-management-service\target\classes\com\taskmanagement\repository\TaskRepository.class]
2026-02-25 13:49:59 [main] DEBUG o.s.c.a.ClassPathBeanDefinitionScanner - Identified candidate component class: file [C:\Users\akathirgamana\IdeaProjects\X-Maxxing-Microservices\task-management-service\target\classes\com\taskmanagement\service\impl\GoalServiceImpl.class]
2026-02-25 13:49:59 [main] DEBUG o.s.c.a.ClassPathBeanDefinitionScanner - Identified candidate component class: file [C:\Users\akathirgamana\IdeaProjects\X-Maxxing-Microservices\task-management-service\target\classes\com\taskmanagement\service\impl\TaskServiceImpl.class]
2026-02-25 13:49:59 [RMI TCP Connection(1)-10.2.3.185] DEBUG sun.rmi.transport.tcp - RMI TCP Connection(1)-10.2.3.185: accepted socket from [10.2.3.185:57286]
2026-02-25 13:49:59 [RMI TCP Connection(1)-10.2.3.185] DEBUG sun.rmi.transport.tcp - RMI TCP Connection(1)-10.2.3.185: (port 57284) op = 80
2026-02-25 13:49:59 [RMI TCP Connection(1)-10.2.3.185] DEBUG sun.rmi.loader - RMI TCP Connection(1)-10.2.3.185: name = "[Ljava.rmi.server.ObjID;", codebase = "", defaultLoader = jdk.internal.loader.ClassLoaders$PlatformClassLoader@2f727d39
2026-02-25 13:49:59 [RMI TCP Connection(1)-10.2.3.185] DEBUG sun.rmi.loader - RMI TCP Connection(1)-10.2.3.185: name = "java.rmi.server.ObjID", codebase = "", defaultLoader = jdk.internal.loader.ClassLoaders$PlatformClassLoader@2f727d39
2026-02-25 13:49:59 [RMI TCP Connection(1)-10.2.3.185] DEBUG sun.rmi.loader - RMI TCP Connection(1)-10.2.3.185: name = "java.rmi.server.UID", codebase = "", defaultLoader = jdk.internal.loader.ClassLoaders$PlatformClassLoader@2f727d39
2026-02-25 13:49:59 [RMI TCP Connection(1)-10.2.3.185] DEBUG sun.rmi.loader - RMI TCP Connection(1)-10.2.3.185: name = "java.rmi.dgc.Lease", codebase = "", defaultLoader = jdk.internal.loader.ClassLoaders$PlatformClassLoader@2f727d39
2026-02-25 13:49:59 [RMI TCP Connection(1)-10.2.3.185] DEBUG sun.rmi.loader - RMI TCP Connection(1)-10.2.3.185: name = "java.rmi.dgc.VMID", codebase = "", defaultLoader = jdk.internal.loader.ClassLoaders$PlatformClassLoader@2f727d39
2026-02-25 13:49:59 [RMI TCP Connection(1)-10.2.3.185] DEBUG sun.rmi.loader - RMI TCP Connection(1)-10.2.3.185: name = "[B", codebase = "", defaultLoader = jdk.internal.loader.ClassLoaders$PlatformClassLoader@2f727d39
2026-02-25 13:49:59 [RMI TCP Connection(1)-10.2.3.185] DEBUG sun.rmi.transport.tcp - RMI TCP Connection(1)-10.2.3.185: (port 57284) op = 80
2026-02-25 13:49:59 [RMI TCP Connection(1)-10.2.3.185] DEBUG sun.rmi.transport.tcp - RMI TCP Connection(1)-10.2.3.185: (port 57284) op = 80
2026-02-25 13:49:59 [RMI TCP Connection(1)-10.2.3.185] DEBUG sun.rmi.loader - RMI TCP Connection(1)-10.2.3.185: name = "[Ljava.rmi.server.ObjID;", codebase = "", defaultLoader = jdk.internal.loader.ClassLoaders$PlatformClassLoader@2f727d39
2026-02-25 13:49:59 [RMI TCP Connection(1)-10.2.3.185] DEBUG sun.rmi.loader - RMI TCP Connection(1)-10.2.3.185: name = "java.rmi.server.ObjID", codebase = "", defaultLoader = jdk.internal.loader.ClassLoaders$PlatformClassLoader@2f727d39
2026-02-25 13:49:59 [RMI TCP Connection(1)-10.2.3.185] DEBUG sun.rmi.loader - RMI TCP Connection(1)-10.2.3.185: name = "java.rmi.server.UID", codebase = "", defaultLoader = jdk.internal.loader.ClassLoaders$PlatformClassLoader@2f727d39
2026-02-25 13:49:59 [RMI TCP Connection(1)-10.2.3.185] DEBUG sun.rmi.loader - RMI TCP Connection(1)-10.2.3.185: name = "java.rmi.dgc.Lease", codebase = "", defaultLoader = jdk.internal.loader.ClassLoaders$PlatformClassLoader@2f727d39
2026-02-25 13:49:59 [RMI TCP Connection(1)-10.2.3.185] DEBUG sun.rmi.loader - RMI TCP Connection(1)-10.2.3.185: name = "java.rmi.dgc.VMID", codebase = "", defaultLoader = jdk.internal.loader.ClassLoaders$PlatformClassLoader@2f727d39
2026-02-25 13:49:59 [RMI TCP Connection(1)-10.2.3.185] DEBUG sun.rmi.loader - RMI TCP Connection(1)-10.2.3.185: name = "[B", codebase = "", defaultLoader = jdk.internal.loader.ClassLoaders$PlatformClassLoader@2f727d39
2026-02-25 13:49:59 [RMI TCP Connection(1)-10.2.3.185] DEBUG sun.rmi.transport.tcp - RMI TCP Connection(1)-10.2.3.185: (port 57284) op = 84
2026-02-25 13:49:59 [RMI TCP Connection(1)-10.2.3.185] DEBUG sun.rmi.transport.tcp - RMI TCP Connection(1)-10.2.3.185: (port 57284) op = 80
2026-02-25 13:49:59 [RMI TCP Connection(1)-10.2.3.185] DEBUG sun.rmi.transport.tcp - RMI TCP Connection(1)-10.2.3.185: (port 57284) op = 80
2026-02-25 13:49:59 [RMI TCP Connection(1)-10.2.3.185] DEBUG sun.rmi.loader - RMI TCP Connection(1)-10.2.3.185: name = "javax.management.ObjectName", codebase = ""
2026-02-25 13:49:59 [RMI TCP Connection(1)-10.2.3.185] DEBUG javax.management.remote.rmi - connectionId=rmi://10.2.3.185  1, name=org.springframework.boot:type=Admin,name=SpringApplication, attribute=Ready
2026-02-25 13:49:59 [RMI TCP Connection(1)-10.2.3.185] DEBUG sun.rmi.server.call - RMI TCP Connection(1)-10.2.3.185: [10.2.3.185] exception: 
javax.management.InstanceNotFoundException: org.springframework.boot:type=Admin,name=SpringApplication
	at java.management/com.sun.jmx.interceptor.DefaultMBeanServerInterceptor.getMBean(DefaultMBeanServerInterceptor.java:1088)
	at java.management/com.sun.jmx.interceptor.DefaultMBeanServerInterceptor.getAttribute(DefaultMBeanServerInterceptor.java:640)
	at java.management/com.sun.jmx.mbeanserver.JmxMBeanServer.getAttribute(JmxMBeanServer.java:679)
	at java.management.rmi/javax.management.remote.rmi.RMIConnectionImpl.doOperation(RMIConnectionImpl.java:1449)
	at java.management.rmi/javax.management.remote.rmi.RMIConnectionImpl$PrivilegedOperation.run(RMIConnectionImpl.java:1310)
	at java.management.rmi/javax.management.remote.rmi.RMIConnectionImpl.doPrivilegedOperation(RMIConnectionImpl.java:1405)
	at java.management.rmi/javax.management.remote.rmi.RMIConnectionImpl.getAttribute(RMIConnectionImpl.java:639)
	at java.base/jdk.internal.reflect.NativeMethodAccessorImpl.invoke0(Native Method)
	at java.base/jdk.internal.reflect.NativeMethodAccessorImpl.invoke(NativeMethodAccessorImpl.java:77)
	at java.base/jdk.internal.reflect.DelegatingMethodAccessorImpl.invoke(DelegatingMethodAccessorImpl.java:43)
	at java.base/java.lang.reflect.Method.invoke(Method.java:569)
	at java.rmi/sun.rmi.server.UnicastServerRef.dispatch(UnicastServerRef.java:360)
	at java.rmi/sun.rmi.transport.Transport$1.run(Transport.java:200)
	at java.rmi/sun.rmi.transport.Transport$1.run(Transport.java:197)
	at java.base/java.security.AccessController.doPrivileged(AccessController.java:712)
	at java.rmi/sun.rmi.transport.Transport.serviceCall(Transport.java:196)
	at java.rmi/sun.rmi.transport.tcp.TCPTransport.handleMessages(TCPTransport.java:587)
	at java.rmi/sun.rmi.transport.tcp.TCPTransport$ConnectionHandler.run0(TCPTransport.java:828)
	at java.rmi/sun.rmi.transport.tcp.TCPTransport$ConnectionHandler.lambda$run$0(TCPTransport.java:705)
	at java.base/java.security.AccessController.doPrivileged(AccessController.java:399)
	at java.rmi/sun.rmi.transport.tcp.TCPTransport$ConnectionHandler.run(TCPTransport.java:704)
	at java.base/java.util.concurrent.ThreadPoolExecutor.runWorker(ThreadPoolExecutor.java:1136)
	at java.base/java.util.concurrent.ThreadPoolExecutor$Worker.run(ThreadPoolExecutor.java:635)
	at java.base/java.lang.Thread.run(Thread.java:840)
2026-02-25 13:49:59 [RMI TCP Connection(1)-10.2.3.185] DEBUG sun.rmi.transport.tcp - RMI TCP Connection(1)-10.2.3.185: (port 57284) op = 80
2026-02-25 13:49:59 [RMI TCP Connection(1)-10.2.3.185] DEBUG javax.management.remote.rmi - [javax.management.remote.rmi.RMIConnectionImpl@3359bcce: connectionId=rmi://10.2.3.185  1] closing.
2026-02-25 13:49:59 [RMI TCP Connection(1)-10.2.3.185] DEBUG javax.management.remote.rmi - [javax.management.remote.rmi.RMIConnectionImpl@3359bcce: connectionId=rmi://10.2.3.185  1] closed.
2026-02-25 13:50:00 [main] INFO  o.s.d.r.c.RepositoryConfigurationDelegate - Bootstrapping Spring Data JPA repositories in DEFAULT mode.
2026-02-25 13:50:00 [main] DEBUG o.s.b.f.s.DefaultListableBeanFactory - Creating shared instance of singleton bean 'org.springframework.boot.autoconfigure.AutoConfigurationPackages'
2026-02-25 13:50:00 [main] DEBUG o.s.b.a.AutoConfigurationPackages - @EnableAutoConfiguration was declared on a class in the package 'com.taskmanagement'. Automatic @Repository and @Entity scanning is enabled.
2026-02-25 13:50:00 [main] DEBUG o.s.d.r.c.RepositoryConfigurationDelegate - Scanning for JPA repositories in packages com.taskmanagement.
2026-02-25 13:50:00 [main] DEBUG o.s.d.r.c.RepositoryComponentProvider - Identified candidate component class: file [C:\Users\akathirgamana\IdeaProjects\X-Maxxing-Microservices\task-management-service\target\classes\com\taskmanagement\repository\GoalRepository.class]
2026-02-25 13:50:00 [main] DEBUG o.s.d.r.c.RepositoryComponentProvider - Identified candidate component class: file [C:\Users\akathirgamana\IdeaProjects\X-Maxxing-Microservices\task-management-service\target\classes\com\taskmanagement\repository\TaskRepository.class]
2026-02-25 13:50:00 [main] DEBUG o.s.c.a.ClassPathScanningCandidateComponentProvider - Identified candidate component class: file [C:\Users\akathirgamana\IdeaProjects\X-Maxxing-Microservices\task-management-service\target\classes\com\taskmanagement\service\impl\GoalServiceImpl.class]
2026-02-25 13:50:00 [main] DEBUG o.s.c.a.ClassPathScanningCandidateComponentProvider - Identified candidate component class: file [C:\Users\akathirgamana\IdeaProjects\X-Maxxing-Microservices\task-management-service\target\classes\com\taskmanagement\service\impl\TaskServiceImpl.class]
2026-02-25 13:50:00 [main] INFO  o.s.d.r.c.RepositoryConfigurationDelegate - Finished Spring Data repository scanning in 41 ms. Found 2 JPA repository interfaces.
2026-02-25 13:50:00 [main] DEBUG o.s.b.f.s.DefaultListableBeanFactory - Creating shared instance of singleton bean 'propertySourcesPlaceholderConfigurer'
2026-02-25 13:50:00 [main] DEBUG o.s.b.f.s.DefaultListableBeanFactory - Creating shared instance of singleton bean 'emBeanDefinitionRegistrarPostProcessor'
2026-02-25 13:50:00 [main] DEBUG o.s.b.f.s.DefaultListableBeanFactory - Creating shared instance of singleton bean 'org.springframework.boot.sql.init.dependency.DatabaseInitializationDependencyConfigurer$DependsOnDatabaseInitializationPostProcessor'
2026-02-25 13:50:00 [main] DEBUG o.s.b.f.s.DefaultListableBeanFactory - Creating shared instance of singleton bean 'org.springframework.context.event.internalEventListenerProcessor'
2026-02-25 13:50:00 [main] DEBUG o.s.b.f.s.DefaultListableBeanFactory - Creating shared instance of singleton bean 'org.springframework.data.jpa.domain.support.AuditingBeanFactoryPostProcessor'
2026-02-25 13:50:00 [main] DEBUG o.s.b.f.s.DefaultListableBeanFactory - Creating shared instance of singleton bean 'preserveErrorControllerTargetClassPostProcessor'
2026-02-25 13:50:00 [main] DEBUG o.s.b.f.s.DefaultListableBeanFactory - Creating shared instance of singleton bean 'org.springframework.context.event.internalEventListenerFactory'
2026-02-25 13:50:00 [main] DEBUG o.s.b.f.s.DefaultListableBeanFactory - Creating shared instance of singleton bean 'org.springframework.transaction.config.internalTransactionalEventListenerFactory'
2026-02-25 13:50:00 [main] DEBUG o.s.b.f.s.DefaultListableBeanFactory - Creating shared instance of singleton bean 'org.springframework.context.annotation.internalAutowiredAnnotationProcessor'
2026-02-25 13:50:00 [main] DEBUG o.s.b.f.s.DefaultListableBeanFactory - Creating shared instance of singleton bean 'org.springframework.context.annotation.internalCommonAnnotationProcessor'
2026-02-25 13:50:00 [main] DEBUG o.s.b.f.s.DefaultListableBeanFactory - Creating shared instance of singleton bean 'org.springframework.context.annotation.internalPersistenceAnnotationProcessor'
2026-02-25 13:50:00 [main] DEBUG o.s.b.f.s.DefaultListableBeanFactory - Creating shared instance of singleton bean 'org.springframework.boot.context.properties.ConfigurationPropertiesBindingPostProcessor'
2026-02-25 13:50:00 [main] DEBUG o.s.b.f.s.DefaultListableBeanFactory - Creating shared instance of singleton bean 'org.springframework.boot.context.internalConfigurationPropertiesBinder'
2026-02-25 13:50:00 [main] DEBUG o.s.b.f.s.DefaultListableBeanFactory - Creating shared instance of singleton bean 'jdbcConnectionDetailsHikariBeanPostProcessor'
2026-02-25 13:50:00 [main] DEBUG o.s.b.f.s.DefaultListableBeanFactory - Creating shared instance of singleton bean 'methodValidationPostProcessor'
2026-02-25 13:50:00 [main] DEBUG o.s.b.f.s.DefaultListableBeanFactory - Autowiring by type from bean name 'methodValidationPostProcessor' via factory method to bean named 'environment'
2026-02-25 13:50:00 [main] DEBUG o.s.b.f.s.DefaultListableBeanFactory - Creating shared instance of singleton bean 'org.springframework.boot.context.properties.EnableConfigurationPropertiesRegistrar.methodValidationExcludeFilter'
2026-02-25 13:50:00 [main] DEBUG o.s.b.f.s.DefaultListableBeanFactory - Creating shared instance of singleton bean 'org.springframework.aop.config.internalAutoProxyCreator'
2026-02-25 13:50:00 [main] DEBUG o.s.b.f.s.DefaultListableBeanFactory - Creating shared instance of singleton bean 'persistenceExceptionTranslationPostProcessor'
2026-02-25 13:50:00 [main] DEBUG o.s.b.f.s.DefaultListableBeanFactory - Autowiring by type from bean name 'persistenceExceptionTranslationPostProcessor' via factory method to bean named 'environment'
2026-02-25 13:50:00 [main] DEBUG o.s.b.f.s.DefaultListableBeanFactory - Creating shared instance of singleton bean 'webServerFactoryCustomizerBeanPostProcessor'
2026-02-25 13:50:00 [main] DEBUG o.s.b.f.s.DefaultListableBeanFactory - Creating shared instance of singleton bean 'errorPageRegistrarBeanPostProcessor'
2026-02-25 13:50:00 [main] DEBUG o.s.b.f.s.DefaultListableBeanFactory - Creating shared instance of singleton bean 'projectingArgumentResolverBeanPostProcessor'
2026-02-25 13:50:00 [main] DEBUG o.s.b.f.s.DefaultListableBeanFactory - Creating shared instance of singleton bean 'org.springframework.transaction.config.internalTransactionAdvisor'
2026-02-25 13:50:00 [main] DEBUG o.s.b.f.s.DefaultListableBeanFactory - Creating shared instance of singleton bean 'org.springframework.transaction.annotation.ProxyTransactionManagementConfiguration'
2026-02-25 13:50:00 [main] DEBUG o.s.b.f.s.DefaultListableBeanFactory - Creating shared instance of singleton bean 'transactionAttributeSource'
2026-02-25 13:50:00 [main] DEBUG o.s.b.f.s.DefaultListableBeanFactory - Creating shared instance of singleton bean 'transactionInterceptor'
2026-02-25 13:50:00 [main] DEBUG o.s.b.f.s.DefaultListableBeanFactory - Autowiring by type from bean name 'transactionInterceptor' via factory method to bean named 'transactionAttributeSource'
2026-02-25 13:50:00 [main] DEBUG o.s.b.f.s.DefaultListableBeanFactory - Autowiring by type from bean name 'org.springframework.transaction.config.internalTransactionAdvisor' via factory method to bean named 'transactionAttributeSource'
2026-02-25 13:50:00 [main] DEBUG o.s.b.f.s.DefaultListableBeanFactory - Autowiring by type from bean name 'org.springframework.transaction.config.internalTransactionAdvisor' via factory method to bean named 'transactionInterceptor'
2026-02-25 13:50:00 [main] DEBUG o.s.u.c.s.UiApplicationContextUtils - Unable to locate ThemeSource with name 'themeSource': using default [org.springframework.ui.context.support.ResourceBundleThemeSource@2582b0ef]
2026-02-25 13:50:00 [main] DEBUG o.s.b.f.s.DefaultListableBeanFactory - Creating shared instance of singleton bean 'tomcatServletWebServerFactory'
2026-02-25 13:50:00 [main] DEBUG o.s.b.f.s.DefaultListableBeanFactory - Creating shared instance of singleton bean 'org.springframework.boot.autoconfigure.web.servlet.ServletWebServerFactoryConfiguration$EmbeddedTomcat'
2026-02-25 13:50:00 [main] DEBUG o.a.c.core.AprLifecycleListener - The Apache Tomcat Native library could not be found using names [tcnative-2, libtcnative-2, tcnative-1, libtcnative-1] on the java.library.path [C:\Users\akathirgamana\.jdks\ms-17.0.18\bin;C:\Windows\Sun\Java\bin;C:\Windows\system32;C:\Windows;C:\Program Files\Eclipse Adoptium\jdk-21.0.8.9-hotspot\bin;C:\Program Files (x86)\Common Files\Oracle\Java\java8path;C:\Program Files (x86)\Common Files\Oracle\Java\javapath;C:\Python312\Scripts\;C:\Python312\;C:\Program Files\Microsoft SDKs\Azure\CLI2\wbin;C:\Windows\system32;C:\Windows;C:\Windows\System32\Wbem;C:\Windows\System32\WindowsPowerShell\v1.0\;C:\Windows\System32\OpenSSH\;C:\ProgramData\chocolatey\bin;C:\Users\akathirgamana\.jdks\temurin-21.0.5\bin;C:\Program Files\7-Zip\7z.exe;C:\Program Files\7-Zip\7zip.exe;C:\Users\akathirgamana\scoop\apps\patch\current\bin;C:\Users\akathirgamana\AppData\Local\nvm;C:\nvm4w\nodejs;C:\Program Files\PuTTY\;C:\Program Files\Docker\Docker\resources\bin;C:\Program Files\nodejs\;C:\Users\ladmin8302\AppData\Roaming\npm;C:\Users\akathirgamana\scoop\shims;C:\Program Files\Java\jdk-23\bin;C:\Users\akathirgamana\AppData\Local\Microsoft\WindowsApps;C:\Users\akathirgamana\AppData\Local\JetBrains\Toolbox\scripts;C:\Users\akathirgamana\AppData\Local\Programs\Git\cmd;.]. The errors reported were [Can't load library: C:\Users\akathirgamana\IdeaProjects\X-Maxxing-Microservices\bin\tcnative-2.dll, Can't load library: C:\Users\akathirgamana\IdeaProjects\X-Maxxing-Microservices\bin\libtcnative-2.dll, Can't load library: C:\Users\akathirgamana\IdeaProjects\X-Maxxing-Microservices\bin\tcnative-1.dll, Can't load library: C:\Users\akathirgamana\IdeaProjects\X-Maxxing-Microservices\bin\libtcnative-1.dll, no tcnative-2 in java.library.path: C:\Users\akathirgamana\.jdks\ms-17.0.18\bin;C:\Windows\Sun\Java\bin;C:\Windows\system32;C:\Windows;C:\Program Files\Eclipse Adoptium\jdk-21.0.8.9-hotspot\bin;C:\Program Files (x86)\Common Files\Oracle\Java\java8path;C:\Program Files (x86)\Common Files\Oracle\Java\javapath;C:\Python312\Scripts\;C:\Python312\;C:\Program Files\Microsoft SDKs\Azure\CLI2\wbin;C:\Windows\system32;C:\Windows;C:\Windows\System32\Wbem;C:\Windows\System32\WindowsPowerShell\v1.0\;C:\Windows\System32\OpenSSH\;C:\ProgramData\chocolatey\bin;C:\Users\akathirgamana\.jdks\temurin-21.0.5\bin;C:\Program Files\7-Zip\7z.exe;C:\Program Files\7-Zip\7zip.exe;C:\Users\akathirgamana\scoop\apps\patch\current\bin;C:\Users\akathirgamana\AppData\Local\nvm;C:\nvm4w\nodejs;C:\Program Files\PuTTY\;C:\Program Files\Docker\Docker\resources\bin;C:\Program Files\nodejs\;C:\Users\ladmin8302\AppData\Roaming\npm;C:\Users\akathirgamana\scoop\shims;C:\Program Files\Java\jdk-23\bin;C:\Users\akathirgamana\AppData\Local\Microsoft\WindowsApps;C:\Users\akathirgamana\AppData\Local\JetBrains\Toolbox\scripts;C:\Users\akathirgamana\AppData\Local\Programs\Git\cmd;., no libtcnative-2 in java.library.path: C:\Users\akathirgamana\.jdks\ms-17.0.18\bin;C:\Windows\Sun\Java\bin;C:\Windows\system32;C:\Windows;C:\Program Files\Eclipse Adoptium\jdk-21.0.8.9-hotspot\bin;C:\Program Files (x86)\Common Files\Oracle\Java\java8path;C:\Program Files (x86)\Common Files\Oracle\Java\javapath;C:\Python312\Scripts\;C:\Python312\;C:\Program Files\Microsoft SDKs\Azure\CLI2\wbin;C:\Windows\system32;C:\Windows;C:\Windows\System32\Wbem;C:\Windows\System32\WindowsPowerShell\v1.0\;C:\Windows\System32\OpenSSH\;C:\ProgramData\chocolatey\bin;C:\Users\akathirgamana\.jdks\temurin-21.0.5\bin;C:\Program Files\7-Zip\7z.exe;C:\Program Files\7-Zip\7zip.exe;C:\Users\akathirgamana\scoop\apps\patch\current\bin;C:\Users\akathirgamana\AppData\Local\nvm;C:\nvm4w\nodejs;C:\Program Files\PuTTY\;C:\Program Files\Docker\Docker\resources\bin;C:\Program Files\nodejs\;C:\Users\ladmin8302\AppData\Roaming\npm;C:\Users\akathirgamana\scoop\shims;C:\Program Files\Java\jdk-23\bin;C:\Users\akathirgamana\AppData\Local\Microsoft\WindowsApps;C:\Users\akathirgamana\AppData\Local\JetBrains\Toolbox\scripts;C:\Users\akathirgamana\AppData\Local\Programs\Git\cmd;., no tcnative-1 in java.library.path: C:\Users\akathirgamana\.jdks\ms-17.0.18\bin;C:\Windows\Sun\Java\bin;C:\Windows\system32;C:\Windows;C:\Program Files\Eclipse Adoptium\jdk-21.0.8.9-hotspot\bin;C:\Program Files (x86)\Common Files\Oracle\Java\java8path;C:\Program Files (x86)\Common Files\Oracle\Java\javapath;C:\Python312\Scripts\;C:\Python312\;C:\Program Files\Microsoft SDKs\Azure\CLI2\wbin;C:\Windows\system32;C:\Windows;C:\Windows\System32\Wbem;C:\Windows\System32\WindowsPowerShell\v1.0\;C:\Windows\System32\OpenSSH\;C:\ProgramData\chocolatey\bin;C:\Users\akathirgamana\.jdks\temurin-21.0.5\bin;C:\Program Files\7-Zip\7z.exe;C:\Program Files\7-Zip\7zip.exe;C:\Users\akathirgamana\scoop\apps\patch\current\bin;C:\Users\akathirgamana\AppData\Local\nvm;C:\nvm4w\nodejs;C:\Program Files\PuTTY\;C:\Program Files\Docker\Docker\resources\bin;C:\Program Files\nodejs\;C:\Users\ladmin8302\AppData\Roaming\npm;C:\Users\akathirgamana\scoop\shims;C:\Program Files\Java\jdk-23\bin;C:\Users\akathirgamana\AppData\Local\Microsoft\WindowsApps;C:\Users\akathirgamana\AppData\Local\JetBrains\Toolbox\scripts;C:\Users\akathirgamana\AppData\Local\Programs\Git\cmd;., no libtcnative-1 in java.library.path: C:\Users\akathirgamana\.jdks\ms-17.0.18\bin;C:\Windows\Sun\Java\bin;C:\Windows\system32;C:\Windows;C:\Program Files\Eclipse Adoptium\jdk-21.0.8.9-hotspot\bin;C:\Program Files (x86)\Common Files\Oracle\Java\java8path;C:\Program Files (x86)\Common Files\Oracle\Java\javapath;C:\Python312\Scripts\;C:\Python312\;C:\Program Files\Microsoft SDKs\Azure\CLI2\wbin;C:\Windows\system32;C:\Windows;C:\Windows\System32\Wbem;C:\Windows\System32\WindowsPowerShell\v1.0\;C:\Windows\System32\OpenSSH\;C:\ProgramData\chocolatey\bin;C:\Users\akathirgamana\.jdks\temurin-21.0.5\bin;C:\Program Files\7-Zip\7z.exe;C:\Program Files\7-Zip\7zip.exe;C:\Users\akathirgamana\scoop\apps\patch\current\bin;C:\Users\akathirgamana\AppData\Local\nvm;C:\nvm4w\nodejs;C:\Program Files\PuTTY\;C:\Program Files\Docker\Docker\resources\bin;C:\Program Files\nodejs\;C:\Users\ladmin8302\AppData\Roaming\npm;C:\Users\akathirgamana\scoop\shims;C:\Program Files\Java\jdk-23\bin;C:\Users\akathirgamana\AppData\Local\Microsoft\WindowsApps;C:\Users\akathirgamana\AppData\Local\JetBrains\Toolbox\scripts;C:\Users\akathirgamana\AppData\Local\Programs\Git\cmd;.]
org.apache.tomcat.jni.LibraryNotFoundError: Can't load library: C:\Users\akathirgamana\IdeaProjects\X-Maxxing-Microservices\bin\tcnative-2.dll, Can't load library: C:\Users\akathirgamana\IdeaProjects\X-Maxxing-Microservices\bin\libtcnative-2.dll, Can't load library: C:\Users\akathirgamana\IdeaProjects\X-Maxxing-Microservices\bin\tcnative-1.dll, Can't load library: C:\Users\akathirgamana\IdeaProjects\X-Maxxing-Microservices\bin\libtcnative-1.dll, no tcnative-2 in java.library.path: C:\Users\akathirgamana\.jdks\ms-17.0.18\bin;C:\Windows\Sun\Java\bin;C:\Windows\system32;C:\Windows;C:\Program Files\Eclipse Adoptium\jdk-21.0.8.9-hotspot\bin;C:\Program Files (x86)\Common Files\Oracle\Java\java8path;C:\Program Files (x86)\Common Files\Oracle\Java\javapath;C:\Python312\Scripts\;C:\Python312\;C:\Program Files\Microsoft SDKs\Azure\CLI2\wbin;C:\Windows\system32;C:\Windows;C:\Windows\System32\Wbem;C:\Windows\System32\WindowsPowerShell\v1.0\;C:\Windows\System32\OpenSSH\;C:\ProgramData\chocolatey\bin;C:\Users\akathirgamana\.jdks\temurin-21.0.5\bin;C:\Program Files\7-Zip\7z.exe;C:\Program Files\7-Zip\7zip.exe;C:\Users\akathirgamana\scoop\apps\patch\current\bin;C:\Users\akathirgamana\AppData\Local\nvm;C:\nvm4w\nodejs;C:\Program Files\PuTTY\;C:\Program Files\Docker\Docker\resources\bin;C:\Program Files\nodejs\;C:\Users\ladmin8302\AppData\Roaming\npm;C:\Users\akathirgamana\scoop\shims;C:\Program Files\Java\jdk-23\bin;C:\Users\akathirgamana\AppData\Local\Microsoft\WindowsApps;C:\Users\akathirgamana\AppData\Local\JetBrains\Toolbox\scripts;C:\Users\akathirgamana\AppData\Local\Programs\Git\cmd;., no libtcnative-2 in java.library.path: C:\Users\akathirgamana\.jdks\ms-17.0.18\bin;C:\Windows\Sun\Java\bin;C:\Windows\system32;C:\Windows;C:\Program Files\Eclipse Adoptium\jdk-21.0.8.9-hotspot\bin;C:\Program Files (x86)\Common Files\Oracle\Java\java8path;C:\Program Files (x86)\Common Files\Oracle\Java\javapath;C:\Python312\Scripts\;C:\Python312\;C:\Program Files\Microsoft SDKs\Azure\CLI2\wbin;C:\Windows\system32;C:\Windows;C:\Windows\System32\Wbem;C:\Windows\System32\WindowsPowerShell\v1.0\;C:\Windows\System32\OpenSSH\;C:\ProgramData\chocolatey\bin;C:\Users\akathirgamana\.jdks\temurin-21.0.5\bin;C:\Program Files\7-Zip\7z.exe;C:\Program Files\7-Zip\7zip.exe;C:\Users\akathirgamana\scoop\apps\patch\current\bin;C:\Users\akathirgamana\AppData\Local\nvm;C:\nvm4w\nodejs;C:\Program Files\PuTTY\;C:\Program Files\Docker\Docker\resources\bin;C:\Program Files\nodejs\;C:\Users\ladmin8302\AppData\Roaming\npm;C:\Users\akathirgamana\scoop\shims;C:\Program Files\Java\jdk-23\bin;C:\Users\akathirgamana\AppData\Local\Microsoft\WindowsApps;C:\Users\akathirgamana\AppData\Local\JetBrains\Toolbox\scripts;C:\Users\akathirgamana\AppData\Local\Programs\Git\cmd;., no tcnative-1 in java.library.path: C:\Users\akathirgamana\.jdks\ms-17.0.18\bin;C:\Windows\Sun\Java\bin;C:\Windows\system32;C:\Windows;C:\Program Files\Eclipse Adoptium\jdk-21.0.8.9-hotspot\bin;C:\Program Files (x86)\Common Files\Oracle\Java\java8path;C:\Program Files (x86)\Common Files\Oracle\Java\javapath;C:\Python312\Scripts\;C:\Python312\;C:\Program Files\Microsoft SDKs\Azure\CLI2\wbin;C:\Windows\system32;C:\Windows;C:\Windows\System32\Wbem;C:\Windows\System32\WindowsPowerShell\v1.0\;C:\Windows\System32\OpenSSH\;C:\ProgramData\chocolatey\bin;C:\Users\akathirgamana\.jdks\temurin-21.0.5\bin;C:\Program Files\7-Zip\7z.exe;C:\Program Files\7-Zip\7zip.exe;C:\Users\akathirgamana\scoop\apps\patch\current\bin;C:\Users\akathirgamana\AppData\Local\nvm;C:\nvm4w\nodejs;C:\Program Files\PuTTY\;C:\Program Files\Docker\Docker\resources\bin;C:\Program Files\nodejs\;C:\Users\ladmin8302\AppData\Roaming\npm;C:\Users\akathirgamana\scoop\shims;C:\Program Files\Java\jdk-23\bin;C:\Users\akathirgamana\AppData\Local\Microsoft\WindowsApps;C:\Users\akathirgamana\AppData\Local\JetBrains\Toolbox\scripts;C:\Users\akathirgamana\AppData\Local\Programs\Git\cmd;., no libtcnative-1 in java.library.path: C:\Users\akathirgamana\.jdks\ms-17.0.18\bin;C:\Windows\Sun\Java\bin;C:\Windows\system32;C:\Windows;C:\Program Files\Eclipse Adoptium\jdk-21.0.8.9-hotspot\bin;C:\Program Files (x86)\Common Files\Oracle\Java\java8path;C:\Program Files (x86)\Common Files\Oracle\Java\javapath;C:\Python312\Scripts\;C:\Python312\;C:\Program Files\Microsoft SDKs\Azure\CLI2\wbin;C:\Windows\system32;C:\Windows;C:\Windows\System32\Wbem;C:\Windows\System32\WindowsPowerShell\v1.0\;C:\Windows\System32\OpenSSH\;C:\ProgramData\chocolatey\bin;C:\Users\akathirgamana\.jdks\temurin-21.0.5\bin;C:\Program Files\7-Zip\7z.exe;C:\Program Files\7-Zip\7zip.exe;C:\Users\akathirgamana\scoop\apps\patch\current\bin;C:\Users\akathirgamana\AppData\Local\nvm;C:\nvm4w\nodejs;C:\Program Files\PuTTY\;C:\Program Files\Docker\Docker\resources\bin;C:\Program Files\nodejs\;C:\Users\ladmin8302\AppData\Roaming\npm;C:\Users\akathirgamana\scoop\shims;C:\Program Files\Java\jdk-23\bin;C:\Users\akathirgamana\AppData\Local\Microsoft\WindowsApps;C:\Users\akathirgamana\AppData\Local\JetBrains\Toolbox\scripts;C:\Users\akathirgamana\AppData\Local\Programs\Git\cmd;.
	at org.apache.tomcat.jni.Library.<init>(Library.java:91)
	at org.apache.tomcat.jni.Library.initialize(Library.java:147)
	at org.apache.catalina.core.AprLifecycleListener.init(AprLifecycleListener.java:189)
	at org.apache.catalina.core.AprLifecycleListener.isAprAvailable(AprLifecycleListener.java:106)
	at org.springframework.boot.web.embedded.tomcat.TomcatServletWebServerFactory.getDefaultServerLifecycleListeners(TomcatServletWebServerFactory.java:189)
	at org.springframework.boot.web.embedded.tomcat.TomcatServletWebServerFactory.<init>(TomcatServletWebServerFactory.java:136)
	at org.springframework.boot.autoconfigure.web.servlet.ServletWebServerFactoryConfiguration$EmbeddedTomcat.tomcatServletWebServerFactory(ServletWebServerFactoryConfiguration.java:73)
	at java.base/jdk.internal.reflect.NativeMethodAccessorImpl.invoke0(Native Method)
	at java.base/jdk.internal.reflect.NativeMethodAccessorImpl.invoke(NativeMethodAccessorImpl.java:77)
	at java.base/jdk.internal.reflect.DelegatingMethodAccessorImpl.invoke(DelegatingMethodAccessorImpl.java:43)
	at java.base/java.lang.reflect.Method.invoke(Method.java:569)
	at org.springframework.beans.factory.support.SimpleInstantiationStrategy.instantiate(SimpleInstantiationStrategy.java:140)
	at org.springframework.beans.factory.support.ConstructorResolver.instantiate(ConstructorResolver.java:644)
	at org.springframework.beans.factory.support.ConstructorResolver.instantiateUsingFactoryMethod(ConstructorResolver.java:636)
	at org.springframework.beans.factory.support.AbstractAutowireCapableBeanFactory.instantiateUsingFactoryMethod(AbstractAutowireCapableBeanFactory.java:1335)
	at org.springframework.beans.factory.support.AbstractAutowireCapableBeanFactory.createBeanInstance(AbstractAutowireCapableBeanFactory.java:1165)
	at org.springframework.beans.factory.support.AbstractAutowireCapableBeanFactory.doCreateBean(AbstractAutowireCapableBeanFactory.java:562)
	at org.springframework.beans.factory.support.AbstractAutowireCapableBeanFactory.createBean(AbstractAutowireCapableBeanFactory.java:522)
	at org.springframework.beans.factory.support.AbstractBeanFactory.lambda$doGetBean$0(AbstractBeanFactory.java:326)
	at org.springframework.beans.factory.support.DefaultSingletonBeanRegistry.getSingleton(DefaultSingletonBeanRegistry.java:234)
	at org.springframework.beans.factory.support.AbstractBeanFactory.doGetBean(AbstractBeanFactory.java:324)
	at org.springframework.beans.factory.support.AbstractBeanFactory.getBean(AbstractBeanFactory.java:205)
	at org.springframework.boot.web.servlet.context.ServletWebServerApplicationContext.getWebServerFactory(ServletWebServerApplicationContext.java:223)
	at org.springframework.boot.web.servlet.context.ServletWebServerApplicationContext.createWebServer(ServletWebServerApplicationContext.java:186)
	at org.springframework.boot.web.servlet.context.ServletWebServerApplicationContext.onRefresh(ServletWebServerApplicationContext.java:162)
	at org.springframework.context.support.AbstractApplicationContext.refresh(AbstractApplicationContext.java:618)
	at org.springframework.boot.web.servlet.context.ServletWebServerApplicationContext.refresh(ServletWebServerApplicationContext.java:146)
	at org.springframework.boot.SpringApplication.refresh(SpringApplication.java:754)
	at org.springframework.boot.SpringApplication.refreshContext(SpringApplication.java:456)
	at org.springframework.boot.SpringApplication.run(SpringApplication.java:334)
	at org.springframework.boot.SpringApplication.run(SpringApplication.java:1354)
	at org.springframework.boot.SpringApplication.run(SpringApplication.java:1343)
	at com.taskmanagement.TaskManagementServiceApplication.main(TaskManagementServiceApplication.java:12)
2026-02-25 13:50:00 [main] DEBUG o.s.b.f.s.DefaultListableBeanFactory - Creating shared instance of singleton bean 'websocketServletWebServerCustomizer'
2026-02-25 13:50:00 [main] DEBUG o.s.b.f.s.DefaultListableBeanFactory - Creating shared instance of singleton bean 'org.springframework.boot.autoconfigure.websocket.servlet.WebSocketServletAutoConfiguration$TomcatWebSocketConfiguration'
2026-02-25 13:50:00 [main] DEBUG o.s.b.f.s.DefaultListableBeanFactory - Creating shared instance of singleton bean 'servletWebServerFactoryCustomizer'
2026-02-25 13:50:00 [main] DEBUG o.s.b.f.s.DefaultListableBeanFactory - Creating shared instance of singleton bean 'org.springframework.boot.autoconfigure.web.servlet.ServletWebServerFactoryAutoConfiguration'
2026-02-25 13:50:00 [main] DEBUG o.s.b.f.s.DefaultListableBeanFactory - Creating shared instance of singleton bean 'server-org.springframework.boot.autoconfigure.web.ServerProperties'
2026-02-25 13:50:00 [main] DEBUG o.s.b.f.s.DefaultListableBeanFactory - Creating shared instance of singleton bean 'org.springframework.boot.context.properties.BoundConfigurationProperties'
2026-02-25 13:50:00 [main] DEBUG o.s.b.f.s.DefaultListableBeanFactory - Autowiring by type from bean name 'servletWebServerFactoryCustomizer' via factory method to bean named 'server-org.springframework.boot.autoconfigure.web.ServerProperties'
2026-02-25 13:50:00 [main] DEBUG o.s.b.f.s.DefaultListableBeanFactory - Creating shared instance of singleton bean 'sslBundleRegistry'
2026-02-25 13:50:00 [main] DEBUG o.s.b.f.s.DefaultListableBeanFactory - Creating shared instance of singleton bean 'org.springframework.boot.autoconfigure.ssl.SslAutoConfiguration'
2026-02-25 13:50:00 [main] DEBUG o.s.b.f.s.DefaultListableBeanFactory - Creating shared instance of singleton bean 'spring.ssl-org.springframework.boot.autoconfigure.ssl.SslProperties'
2026-02-25 13:50:00 [main] DEBUG o.s.b.f.s.DefaultListableBeanFactory - Autowiring by type from bean name 'org.springframework.boot.autoconfigure.ssl.SslAutoConfiguration' via constructor to bean named 'spring.ssl-org.springframework.boot.autoconfigure.ssl.SslProperties'
2026-02-25 13:50:00 [main] DEBUG o.s.b.f.s.DefaultListableBeanFactory - Creating shared instance of singleton bean 'sslPropertiesSslBundleRegistrar'
2026-02-25 13:50:00 [main] DEBUG o.s.b.f.s.DefaultListableBeanFactory - Creating shared instance of singleton bean 'fileWatcher'
2026-02-25 13:50:00 [main] DEBUG o.s.b.f.s.DefaultListableBeanFactory - Autowiring by type from bean name 'sslPropertiesSslBundleRegistrar' via factory method to bean named 'fileWatcher'
2026-02-25 13:50:00 [main] DEBUG o.s.b.f.s.DefaultListableBeanFactory - Creating shared instance of singleton bean 'tomcatServletWebServerFactoryCustomizer'
2026-02-25 13:50:00 [main] DEBUG o.s.b.f.s.DefaultListableBeanFactory - Autowiring by type from bean name 'tomcatServletWebServerFactoryCustomizer' via factory method to bean named 'server-org.springframework.boot.autoconfigure.web.ServerProperties'
2026-02-25 13:50:00 [main] DEBUG o.s.b.f.s.DefaultListableBeanFactory - Creating shared instance of singleton bean 'tomcatWebServerFactoryCustomizer'
2026-02-25 13:50:00 [main] DEBUG o.s.b.f.s.DefaultListableBeanFactory - Creating shared instance of singleton bean 'org.springframework.boot.autoconfigure.web.embedded.EmbeddedWebServerFactoryCustomizerAutoConfiguration$TomcatWebServerFactoryCustomizerConfiguration'
2026-02-25 13:50:00 [main] DEBUG o.s.b.f.s.DefaultListableBeanFactory - Autowiring by type from bean name 'tomcatWebServerFactoryCustomizer' via factory method to bean named 'environment'
2026-02-25 13:50:00 [main] DEBUG o.s.b.f.s.DefaultListableBeanFactory - Autowiring by type from bean name 'tomcatWebServerFactoryCustomizer' via factory method to bean named 'server-org.springframework.boot.autoconfigure.web.ServerProperties'
2026-02-25 13:50:00 [main] DEBUG o.s.b.f.s.DefaultListableBeanFactory - Creating shared instance of singleton bean 'localeCharsetMappingsCustomizer'
2026-02-25 13:50:00 [main] DEBUG o.s.b.f.s.DefaultListableBeanFactory - Creating shared instance of singleton bean 'org.springframework.boot.autoconfigure.web.servlet.HttpEncodingAutoConfiguration'
2026-02-25 13:50:00 [main] DEBUG o.s.b.f.s.DefaultListableBeanFactory - Autowiring by type from bean name 'org.springframework.boot.autoconfigure.web.servlet.HttpEncodingAutoConfiguration' via constructor to bean named 'server-org.springframework.boot.autoconfigure.web.ServerProperties'
2026-02-25 13:50:00 [main] DEBUG o.s.b.f.s.DefaultListableBeanFactory - Creating shared instance of singleton bean 'errorPageCustomizer'
2026-02-25 13:50:00 [main] DEBUG o.s.b.f.s.DefaultListableBeanFactory - Creating shared instance of singleton bean 'org.springframework.boot.autoconfigure.web.servlet.error.ErrorMvcAutoConfiguration'
2026-02-25 13:50:00 [main] DEBUG o.s.b.f.s.DefaultListableBeanFactory - Autowiring by type from bean name 'org.springframework.boot.autoconfigure.web.servlet.error.ErrorMvcAutoConfiguration' via constructor to bean named 'server-org.springframework.boot.autoconfigure.web.ServerProperties'
2026-02-25 13:50:00 [main] DEBUG o.s.b.f.s.DefaultListableBeanFactory - Creating shared instance of singleton bean 'dispatcherServletRegistration'
2026-02-25 13:50:00 [main] DEBUG o.s.b.f.s.DefaultListableBeanFactory - Creating shared instance of singleton bean 'org.springframework.boot.autoconfigure.web.servlet.DispatcherServletAutoConfiguration$DispatcherServletRegistrationConfiguration'
2026-02-25 13:50:00 [main] DEBUG o.s.b.f.s.DefaultListableBeanFactory - Creating shared instance of singleton bean 'dispatcherServlet'
2026-02-25 13:50:00 [main] DEBUG o.s.b.f.s.DefaultListableBeanFactory - Creating shared instance of singleton bean 'org.springframework.boot.autoconfigure.web.servlet.DispatcherServletAutoConfiguration$DispatcherServletConfiguration'
2026-02-25 13:50:00 [main] DEBUG o.s.b.f.s.DefaultListableBeanFactory - Creating shared instance of singleton bean 'spring.mvc-org.springframework.boot.autoconfigure.web.servlet.WebMvcProperties'
2026-02-25 13:50:00 [main] DEBUG o.s.b.f.s.DefaultListableBeanFactory - Autowiring by type from bean name 'dispatcherServlet' via factory method to bean named 'spring.mvc-org.springframework.boot.autoconfigure.web.servlet.WebMvcProperties'
2026-02-25 13:50:00 [main] DEBUG o.s.b.f.s.DefaultListableBeanFactory - Autowiring by type from bean name 'dispatcherServletRegistration' via factory method to bean named 'dispatcherServlet'
2026-02-25 13:50:00 [main] DEBUG o.s.b.f.s.DefaultListableBeanFactory - Autowiring by type from bean name 'dispatcherServletRegistration' via factory method to bean named 'spring.mvc-org.springframework.boot.autoconfigure.web.servlet.WebMvcProperties'
2026-02-25 13:50:00 [main] DEBUG o.s.b.f.s.DefaultListableBeanFactory - Creating shared instance of singleton bean 'multipartConfigElement'
2026-02-25 13:50:00 [main] DEBUG o.s.b.f.s.DefaultListableBeanFactory - Creating shared instance of singleton bean 'org.springframework.boot.autoconfigure.web.servlet.MultipartAutoConfiguration'
2026-02-25 13:50:00 [main] DEBUG o.s.b.f.s.DefaultListableBeanFactory - Creating shared instance of singleton bean 'spring.servlet.multipart-org.springframework.boot.autoconfigure.web.servlet.MultipartProperties'
2026-02-25 13:50:00 [main] DEBUG o.s.b.f.s.DefaultListableBeanFactory - Autowiring by type from bean name 'org.springframework.boot.autoconfigure.web.servlet.MultipartAutoConfiguration' via constructor to bean named 'spring.servlet.multipart-org.springframework.boot.autoconfigure.web.servlet.MultipartProperties'
2026-02-25 13:50:00 [main] DEBUG o.s.b.f.s.DefaultListableBeanFactory - Autowiring by type from bean name 'errorPageCustomizer' via factory method to bean named 'dispatcherServletRegistration'
2026-02-25 13:50:00 [main] DEBUG o.a.tomcat.util.compat.Jre19Compat - Class not found so assuming code is running on a pre-Java 19 JVM
java.lang.ClassNotFoundException: java.lang.WrongThreadException
	at java.base/jdk.internal.loader.BuiltinClassLoader.loadClass(BuiltinClassLoader.java:641)
	at java.base/jdk.internal.loader.ClassLoaders$AppClassLoader.loadClass(ClassLoaders.java:188)
	at java.base/java.lang.ClassLoader.loadClass(ClassLoader.java:525)
	at java.base/java.lang.Class.forName0(Native Method)
	at java.base/java.lang.Class.forName(Class.java:377)
	at org.apache.tomcat.util.compat.Jre19Compat.<clinit>(Jre19Compat.java:37)
	at org.apache.tomcat.util.compat.JreCompat.<clinit>(JreCompat.java:55)
	at org.apache.catalina.startup.Tomcat.<clinit>(Tomcat.java:1193)
	at org.springframework.boot.web.embedded.tomcat.TomcatServletWebServerFactory.getWebServer(TomcatServletWebServerFactory.java:201)
	at org.springframework.boot.web.servlet.context.ServletWebServerApplicationContext.createWebServer(ServletWebServerApplicationContext.java:188)
	at org.springframework.boot.web.servlet.context.ServletWebServerApplicationContext.onRefresh(ServletWebServerApplicationContext.java:162)
	at org.springframework.context.support.AbstractApplicationContext.refresh(AbstractApplicationContext.java:618)
	at org.springframework.boot.web.servlet.context.ServletWebServerApplicationContext.refresh(ServletWebServerApplicationContext.java:146)
	at org.springframework.boot.SpringApplication.refresh(SpringApplication.java:754)
	at org.springframework.boot.SpringApplication.refreshContext(SpringApplication.java:456)
	at org.springframework.boot.SpringApplication.run(SpringApplication.java:334)
	at org.springframework.boot.SpringApplication.run(SpringApplication.java:1354)
	at org.springframework.boot.SpringApplication.run(SpringApplication.java:1343)
	at com.taskmanagement.TaskManagementServiceApplication.main(TaskManagementServiceApplication.java:12)
2026-02-25 13:50:00 [main] DEBUG o.a.tomcat.util.compat.Jre21Compat - Class not found so assuming code is running on a pre-Java 21 JVM
java.lang.ClassNotFoundException: java.lang.Thread$Builder
	at java.base/jdk.internal.loader.BuiltinClassLoader.loadClass(BuiltinClassLoader.java:641)
	at java.base/jdk.internal.loader.ClassLoaders$AppClassLoader.loadClass(ClassLoaders.java:188)
	at java.base/java.lang.ClassLoader.loadClass(ClassLoader.java:525)
	at java.base/java.lang.Class.forName0(Native Method)
	at java.base/java.lang.Class.forName(Class.java:377)
	at org.apache.tomcat.util.compat.Jre21Compat.<clinit>(Jre21Compat.java:43)
	at org.apache.tomcat.util.compat.JreCompat.<clinit>(JreCompat.java:55)
	at org.apache.catalina.startup.Tomcat.<clinit>(Tomcat.java:1193)
	at org.springframework.boot.web.embedded.tomcat.TomcatServletWebServerFactory.getWebServer(TomcatServletWebServerFactory.java:201)
	at org.springframework.boot.web.servlet.context.ServletWebServerApplicationContext.createWebServer(ServletWebServerApplicationContext.java:188)
	at org.springframework.boot.web.servlet.context.ServletWebServerApplicationContext.onRefresh(ServletWebServerApplicationContext.java:162)
	at org.springframework.context.support.AbstractApplicationContext.refresh(AbstractApplicationContext.java:618)
	at org.springframework.boot.web.servlet.context.ServletWebServerApplicationContext.refresh(ServletWebServerApplicationContext.java:146)
	at org.springframework.boot.SpringApplication.refresh(SpringApplication.java:754)
	at org.springframework.boot.SpringApplication.refreshContext(SpringApplication.java:456)
	at org.springframework.boot.SpringApplication.run(SpringApplication.java:334)
	at org.springframework.boot.SpringApplication.run(SpringApplication.java:1354)
	at org.springframework.boot.SpringApplication.run(SpringApplication.java:1343)
	at com.taskmanagement.TaskManagementServiceApplication.main(TaskManagementServiceApplication.java:12)
2026-02-25 13:50:00 [main] DEBUG o.a.tomcat.util.compat.Jre22Compat - Class not found so assuming code is running on a pre-Java 22 JVM
java.lang.ClassNotFoundException: java.text.ListFormat
	at java.base/jdk.internal.loader.BuiltinClassLoader.loadClass(BuiltinClassLoader.java:641)
	at java.base/jdk.internal.loader.ClassLoaders$AppClassLoader.loadClass(ClassLoaders.java:188)
	at java.base/java.lang.ClassLoader.loadClass(ClassLoader.java:525)
	at java.base/java.lang.Class.forName0(Native Method)
	at java.base/java.lang.Class.forName(Class.java:377)
	at org.apache.tomcat.util.compat.Jre22Compat.<clinit>(Jre22Compat.java:37)
	at org.apache.tomcat.util.compat.JreCompat.<clinit>(JreCompat.java:55)
	at org.apache.catalina.startup.Tomcat.<clinit>(Tomcat.java:1193)
	at org.springframework.boot.web.embedded.tomcat.TomcatServletWebServerFactory.getWebServer(TomcatServletWebServerFactory.java:201)
	at org.springframework.boot.web.servlet.context.ServletWebServerApplicationContext.createWebServer(ServletWebServerApplicationContext.java:188)
	at org.springframework.boot.web.servlet.context.ServletWebServerApplicationContext.onRefresh(ServletWebServerApplicationContext.java:162)
	at org.springframework.context.support.AbstractApplicationContext.refresh(AbstractApplicationContext.java:618)
	at org.springframework.boot.web.servlet.context.ServletWebServerApplicationContext.refresh(ServletWebServerApplicationContext.java:146)
	at org.springframework.boot.SpringApplication.refresh(SpringApplication.java:754)
	at org.springframework.boot.SpringApplication.refreshContext(SpringApplication.java:456)
	at org.springframework.boot.SpringApplication.run(SpringApplication.java:334)
	at org.springframework.boot.SpringApplication.run(SpringApplication.java:1354)
	at org.springframework.boot.SpringApplication.run(SpringApplication.java:1343)
	at com.taskmanagement.TaskManagementServiceApplication.main(TaskManagementServiceApplication.java:12)
2026-02-25 13:50:00 [RMI TCP Connection(1)-10.2.3.185] DEBUG sun.rmi.transport.tcp - RMI TCP Connection(1)-10.2.3.185: (port 57284) op = 82
2026-02-25 13:50:00 [RMI TCP Connection(1)-10.2.3.185] DEBUG sun.rmi.transport.tcp - RMI TCP Connection(1)-10.2.3.185: (port 57284) op = 80
2026-02-25 13:50:00 [RMI TCP Connection(1)-10.2.3.185] DEBUG sun.rmi.transport.tcp - RMI TCP Connection(1)-10.2.3.185: (port 57284) op = 80
2026-02-25 13:50:00 [RMI TCP Connection(1)-10.2.3.185] DEBUG sun.rmi.loader - RMI TCP Connection(1)-10.2.3.185: name = "[Ljava.rmi.server.ObjID;", codebase = "", defaultLoader = jdk.internal.loader.ClassLoaders$PlatformClassLoader@2f727d39
2026-02-25 13:50:00 [RMI TCP Connection(1)-10.2.3.185] DEBUG sun.rmi.loader - RMI TCP Connection(1)-10.2.3.185: name = "java.rmi.server.ObjID", codebase = "", defaultLoader = jdk.internal.loader.ClassLoaders$PlatformClassLoader@2f727d39
2026-02-25 13:50:00 [RMI TCP Connection(1)-10.2.3.185] DEBUG sun.rmi.loader - RMI TCP Connection(1)-10.2.3.185: name = "java.rmi.server.UID", codebase = "", defaultLoader = jdk.internal.loader.ClassLoaders$PlatformClassLoader@2f727d39
2026-02-25 13:50:00 [RMI TCP Connection(1)-10.2.3.185] DEBUG sun.rmi.loader - RMI TCP Connection(1)-10.2.3.185: name = "java.rmi.dgc.Lease", codebase = "", defaultLoader = jdk.internal.loader.ClassLoaders$PlatformClassLoader@2f727d39
2026-02-25 13:50:00 [RMI TCP Connection(1)-10.2.3.185] DEBUG sun.rmi.loader - RMI TCP Connection(1)-10.2.3.185: name = "java.rmi.dgc.VMID", codebase = "", defaultLoader = jdk.internal.loader.ClassLoaders$PlatformClassLoader@2f727d39
2026-02-25 13:50:00 [RMI TCP Connection(1)-10.2.3.185] DEBUG sun.rmi.loader - RMI TCP Connection(1)-10.2.3.185: name = "[B", codebase = "", defaultLoader = jdk.internal.loader.ClassLoaders$PlatformClassLoader@2f727d39
2026-02-25 13:50:00 [RMI TCP Connection(1)-10.2.3.185] DEBUG sun.rmi.transport.tcp - RMI TCP Connection(1)-10.2.3.185: (port 57284) op = 84
2026-02-25 13:50:00 [RMI TCP Connection(1)-10.2.3.185] DEBUG sun.rmi.transport.tcp - RMI TCP Connection(1)-10.2.3.185: (port 57284) op = 80
2026-02-25 13:50:00 [RMI TCP Connection(1)-10.2.3.185] DEBUG sun.rmi.transport.tcp - RMI TCP Connection(1)-10.2.3.185: (port 57284) op = 80
2026-02-25 13:50:00 [RMI TCP Connection(1)-10.2.3.185] DEBUG sun.rmi.loader - RMI TCP Connection(1)-10.2.3.185: name = "javax.management.ObjectName", codebase = ""
2026-02-25 13:50:00 [RMI TCP Connection(1)-10.2.3.185] DEBUG javax.management.remote.rmi - connectionId=rmi://10.2.3.185  2, name=org.springframework.boot:type=Admin,name=SpringApplication, attribute=Ready
2026-02-25 13:50:00 [RMI TCP Connection(1)-10.2.3.185] DEBUG sun.rmi.server.call - RMI TCP Connection(1)-10.2.3.185: [10.2.3.185] exception: 
javax.management.InstanceNotFoundException: org.springframework.boot:type=Admin,name=SpringApplication
	at java.management/com.sun.jmx.interceptor.DefaultMBeanServerInterceptor.getMBean(DefaultMBeanServerInterceptor.java:1088)
	at java.management/com.sun.jmx.interceptor.DefaultMBeanServerInterceptor.getAttribute(DefaultMBeanServerInterceptor.java:640)
	at java.management/com.sun.jmx.mbeanserver.JmxMBeanServer.getAttribute(JmxMBeanServer.java:679)
	at java.management.rmi/javax.management.remote.rmi.RMIConnectionImpl.doOperation(RMIConnectionImpl.java:1449)
	at java.management.rmi/javax.management.remote.rmi.RMIConnectionImpl$PrivilegedOperation.run(RMIConnectionImpl.java:1310)
	at java.management.rmi/javax.management.remote.rmi.RMIConnectionImpl.doPrivilegedOperation(RMIConnectionImpl.java:1405)
	at java.management.rmi/javax.management.remote.rmi.RMIConnectionImpl.getAttribute(RMIConnectionImpl.java:639)
	at java.base/jdk.internal.reflect.NativeMethodAccessorImpl.invoke0(Native Method)
	at java.base/jdk.internal.reflect.NativeMethodAccessorImpl.invoke(NativeMethodAccessorImpl.java:77)
	at java.base/jdk.internal.reflect.DelegatingMethodAccessorImpl.invoke(DelegatingMethodAccessorImpl.java:43)
	at java.base/java.lang.reflect.Method.invoke(Method.java:569)
	at java.rmi/sun.rmi.server.UnicastServerRef.dispatch(UnicastServerRef.java:360)
	at java.rmi/sun.rmi.transport.Transport$1.run(Transport.java:200)
	at java.rmi/sun.rmi.transport.Transport$1.run(Transport.java:197)
	at java.base/java.security.AccessController.doPrivileged(AccessController.java:712)
	at java.rmi/sun.rmi.transport.Transport.serviceCall(Transport.java:196)
	at java.rmi/sun.rmi.transport.tcp.TCPTransport.handleMessages(TCPTransport.java:587)
	at java.rmi/sun.rmi.transport.tcp.TCPTransport$ConnectionHandler.run0(TCPTransport.java:828)
	at java.rmi/sun.rmi.transport.tcp.TCPTransport$ConnectionHandler.lambda$run$0(TCPTransport.java:705)
	at java.base/java.security.AccessController.doPrivileged(AccessController.java:399)
	at java.rmi/sun.rmi.transport.tcp.TCPTransport$ConnectionHandler.run(TCPTransport.java:704)
	at java.base/java.util.concurrent.ThreadPoolExecutor.runWorker(ThreadPoolExecutor.java:1136)
	at java.base/java.util.concurrent.ThreadPoolExecutor$Worker.run(ThreadPoolExecutor.java:635)
	at java.base/java.lang.Thread.run(Thread.java:840)
2026-02-25 13:50:00 [RMI TCP Connection(1)-10.2.3.185] DEBUG sun.rmi.transport.tcp - RMI TCP Connection(1)-10.2.3.185: (port 57284) op = 80
2026-02-25 13:50:00 [RMI TCP Connection(1)-10.2.3.185] DEBUG javax.management.remote.rmi - [javax.management.remote.rmi.RMIConnectionImpl@16938f4c: connectionId=rmi://10.2.3.185  2] closing.
2026-02-25 13:50:00 [RMI TCP Connection(1)-10.2.3.185] DEBUG javax.management.remote.rmi - [javax.management.remote.rmi.RMIConnectionImpl@16938f4c: connectionId=rmi://10.2.3.185  2] closed.
2026-02-25 13:50:00 [main] DEBUG o.apache.catalina.core.ContainerBase - Add container child [StandardHost[localhost]] to container [StandardEngine[Tomcat]]
2026-02-25 13:50:00 [main] DEBUG o.s.b.w.e.t.TomcatServletWebServerFactory - Code archive: C:\Users\akathirgamana\.m2\repository\org\springframework\boot\spring-boot\3.2.5\spring-boot-3.2.5.jar
2026-02-25 13:50:00 [main] DEBUG o.s.b.w.e.t.TomcatServletWebServerFactory - Code archive: C:\Users\akathirgamana\.m2\repository\org\springframework\boot\spring-boot\3.2.5\spring-boot-3.2.5.jar
2026-02-25 13:50:00 [main] DEBUG o.s.b.w.e.t.TomcatServletWebServerFactory - None of the document roots [src/main/webapp, public, static] point to a directory and will be ignored.
2026-02-25 13:50:00 [main] DEBUG o.apache.catalina.core.ContainerBase - Add container child [TomcatEmbeddedContext[]] to container [StandardEngine[Tomcat].StandardHost[localhost]]
2026-02-25 13:50:00 [main] INFO  o.s.b.w.e.tomcat.TomcatWebServer - Tomcat initialized with port 8080 (http)
2026-02-25 13:50:00 [main] INFO  o.a.catalina.core.StandardService - Starting service [Tomcat]
2026-02-25 13:50:00 [main] INFO  o.a.catalina.core.StandardEngine - Starting Servlet engine: [Apache Tomcat/10.1.20]
2026-02-25 13:50:00 [main] DEBUG o.a.catalina.loader.WebappLoader - Starting this Loader
2026-02-25 13:50:00 [main] DEBUG o.a.catalina.core.StandardContext - No manager found. Checking if cluster manager should be used. Cluster configured: [false], Application distributable: [false]
2026-02-25 13:50:00 [main] DEBUG o.a.catalina.core.StandardContext - Configured a manager of class [org.apache.catalina.session.StandardManager]
2026-02-25 13:50:00 [main] INFO  o.a.c.c.C.[Tomcat].[localhost].[/] - Initializing Spring embedded WebApplicationContext
2026-02-25 13:50:00 [main] DEBUG o.s.b.w.s.c.ServletWebServerApplicationContext - Published root WebApplicationContext as ServletContext attribute with name [org.springframework.web.context.WebApplicationContext.ROOT]
2026-02-25 13:50:00 [main] INFO  o.s.b.w.s.c.ServletWebServerApplicationContext - Root WebApplicationContext: initialization completed in 942 ms
2026-02-25 13:50:00 [main] DEBUG o.s.b.f.s.DefaultListableBeanFactory - Creating shared instance of singleton bean 'h2Console'
2026-02-25 13:50:00 [main] DEBUG o.s.b.f.s.DefaultListableBeanFactory - Creating shared instance of singleton bean 'org.springframework.boot.autoconfigure.h2.H2ConsoleAutoConfiguration'
2026-02-25 13:50:00 [main] DEBUG o.s.b.f.s.DefaultListableBeanFactory - Creating shared instance of singleton bean 'spring.h2.console-org.springframework.boot.autoconfigure.h2.H2ConsoleProperties'
2026-02-25 13:50:00 [main] DEBUG o.s.b.f.s.DefaultListableBeanFactory - Autowiring by type from bean name 'h2Console' via factory method to bean named 'spring.h2.console-org.springframework.boot.autoconfigure.h2.H2ConsoleProperties'
2026-02-25 13:50:00 [main] DEBUG o.s.b.f.s.DefaultListableBeanFactory - Creating shared instance of singleton bean 'dataSource'
2026-02-25 13:50:00 [main] DEBUG o.s.b.f.s.DefaultListableBeanFactory - Creating shared instance of singleton bean 'org.springframework.boot.autoconfigure.jdbc.DataSourceConfiguration$Hikari'
2026-02-25 13:50:00 [main] DEBUG o.s.b.f.s.DefaultListableBeanFactory - Creating shared instance of singleton bean 'spring.datasource-org.springframework.boot.autoconfigure.jdbc.DataSourceProperties'
2026-02-25 13:50:00 [main] DEBUG o.s.b.f.s.DefaultListableBeanFactory - Creating shared instance of singleton bean 'jdbcConnectionDetails'
2026-02-25 13:50:00 [main] DEBUG o.s.b.f.s.DefaultListableBeanFactory - Creating shared instance of singleton bean 'org.springframework.boot.autoconfigure.jdbc.DataSourceAutoConfiguration$PooledDataSourceConfiguration'
2026-02-25 13:50:00 [main] DEBUG o.s.b.f.s.DefaultListableBeanFactory - Autowiring by type from bean name 'jdbcConnectionDetails' via factory method to bean named 'spring.datasource-org.springframework.boot.autoconfigure.jdbc.DataSourceProperties'
2026-02-25 13:50:00 [main] DEBUG o.s.b.f.s.DefaultListableBeanFactory - Autowiring by type from bean name 'dataSource' via factory method to bean named 'spring.datasource-org.springframework.boot.autoconfigure.jdbc.DataSourceProperties'
2026-02-25 13:50:00 [main] DEBUG o.s.b.f.s.DefaultListableBeanFactory - Autowiring by type from bean name 'dataSource' via factory method to bean named 'jdbcConnectionDetails'
2026-02-25 13:50:00 [main] DEBUG com.zaxxer.hikari.HikariConfig - Driver class org.h2.Driver found in Thread context class loader jdk.internal.loader.ClassLoaders$AppClassLoader@60e53b93
2026-02-25 13:50:00 [main] DEBUG com.zaxxer.hikari.HikariConfig - HikariPool-1 - configuration:
2026-02-25 13:50:00 [main] DEBUG com.zaxxer.hikari.HikariConfig - allowPoolSuspension.............false
2026-02-25 13:50:00 [main] DEBUG com.zaxxer.hikari.HikariConfig - autoCommit......................true
2026-02-25 13:50:00 [main] DEBUG com.zaxxer.hikari.HikariConfig - catalog.........................none
2026-02-25 13:50:00 [main] DEBUG com.zaxxer.hikari.HikariConfig - connectionInitSql...............none
2026-02-25 13:50:00 [main] DEBUG com.zaxxer.hikari.HikariConfig - connectionTestQuery.............none
2026-02-25 13:50:00 [main] DEBUG com.zaxxer.hikari.HikariConfig - connectionTimeout...............30000
2026-02-25 13:50:00 [main] DEBUG com.zaxxer.hikari.HikariConfig - dataSource......................none
2026-02-25 13:50:00 [main] DEBUG com.zaxxer.hikari.HikariConfig - dataSourceClassName.............none
2026-02-25 13:50:00 [main] DEBUG com.zaxxer.hikari.HikariConfig - dataSourceJNDI..................none
2026-02-25 13:50:00 [main] DEBUG com.zaxxer.hikari.HikariConfig - dataSourceProperties............{password=<masked>}
2026-02-25 13:50:00 [main] DEBUG com.zaxxer.hikari.HikariConfig - driverClassName................."org.h2.Driver"
2026-02-25 13:50:00 [main] DEBUG com.zaxxer.hikari.HikariConfig - exceptionOverrideClassName......none
2026-02-25 13:50:00 [main] DEBUG com.zaxxer.hikari.HikariConfig - healthCheckProperties...........{}
2026-02-25 13:50:00 [main] DEBUG com.zaxxer.hikari.HikariConfig - healthCheckRegistry.............none
2026-02-25 13:50:00 [main] DEBUG com.zaxxer.hikari.HikariConfig - idleTimeout.....................300000
2026-02-25 13:50:00 [main] DEBUG com.zaxxer.hikari.HikariConfig - initializationFailTimeout.......1
2026-02-25 13:50:00 [main] DEBUG com.zaxxer.hikari.HikariConfig - isolateInternalQueries..........false
2026-02-25 13:50:00 [main] DEBUG com.zaxxer.hikari.HikariConfig - jdbcUrl.........................jdbc:h2:mem:taskmanagement;DB_CLOSE_DELAY=-1;DB_CLOSE_ON_EXIT=FALSE
2026-02-25 13:50:00 [main] DEBUG com.zaxxer.hikari.HikariConfig - keepaliveTime...................0
2026-02-25 13:50:00 [main] DEBUG com.zaxxer.hikari.HikariConfig - leakDetectionThreshold..........0
2026-02-25 13:50:00 [main] DEBUG com.zaxxer.hikari.HikariConfig - maxLifetime.....................1800000
2026-02-25 13:50:00 [main] DEBUG com.zaxxer.hikari.HikariConfig - maximumPoolSize.................10
2026-02-25 13:50:00 [main] DEBUG com.zaxxer.hikari.HikariConfig - metricRegistry..................none
2026-02-25 13:50:00 [main] DEBUG com.zaxxer.hikari.HikariConfig - metricsTrackerFactory...........none
2026-02-25 13:50:00 [main] DEBUG com.zaxxer.hikari.HikariConfig - minimumIdle.....................5
2026-02-25 13:50:00 [main] DEBUG com.zaxxer.hikari.HikariConfig - password........................<masked>
2026-02-25 13:50:00 [main] DEBUG com.zaxxer.hikari.HikariConfig - poolName........................"HikariPool-1"
2026-02-25 13:50:00 [main] DEBUG com.zaxxer.hikari.HikariConfig - readOnly........................false
2026-02-25 13:50:00 [main] DEBUG com.zaxxer.hikari.HikariConfig - registerMbeans..................false
2026-02-25 13:50:00 [main] DEBUG com.zaxxer.hikari.HikariConfig - scheduledExecutor...............none
2026-02-25 13:50:00 [main] DEBUG com.zaxxer.hikari.HikariConfig - schema..........................none
2026-02-25 13:50:00 [main] DEBUG com.zaxxer.hikari.HikariConfig - threadFactory...................internal
2026-02-25 13:50:00 [main] DEBUG com.zaxxer.hikari.HikariConfig - transactionIsolation............default
2026-02-25 13:50:00 [main] DEBUG com.zaxxer.hikari.HikariConfig - username........................"sa"
2026-02-25 13:50:00 [main] DEBUG com.zaxxer.hikari.HikariConfig - validationTimeout...............5000
2026-02-25 13:50:00 [main] INFO  com.zaxxer.hikari.HikariDataSource - HikariPool-1 - Starting...
2026-02-25 13:50:00 [main] INFO  com.zaxxer.hikari.pool.HikariPool - HikariPool-1 - Added connection conn0: url=jdbc:h2:mem:taskmanagement user=SA
2026-02-25 13:50:00 [main] INFO  com.zaxxer.hikari.HikariDataSource - HikariPool-1 - Start completed.
2026-02-25 13:50:00 [main] INFO  o.s.b.a.h.H2ConsoleAutoConfiguration - H2 console available at '/h2-console'. Database available at 'jdbc:h2:mem:taskmanagement'
2026-02-25 13:50:00 [main] DEBUG o.s.b.f.s.DefaultListableBeanFactory - Creating shared instance of singleton bean 'requestContextFilter'
2026-02-25 13:50:00 [main] DEBUG o.s.b.f.s.DefaultListableBeanFactory - Creating shared instance of singleton bean 'formContentFilter'
2026-02-25 13:50:00 [main] DEBUG o.s.b.f.s.DefaultListableBeanFactory - Creating shared instance of singleton bean 'org.springframework.boot.autoconfigure.web.servlet.WebMvcAutoConfiguration'
2026-02-25 13:50:00 [main] DEBUG o.s.b.f.s.DefaultListableBeanFactory - Creating shared instance of singleton bean 'characterEncodingFilter'
2026-02-25 13:50:00 [main] DEBUG o.s.b.w.s.ServletContextInitializerBeans - Mapping filters: characterEncodingFilter urls=[/*] order=-2147483648, formContentFilter urls=[/*] order=-9900, requestContextFilter urls=[/*] order=-105
2026-02-25 13:50:00 [main] DEBUG o.s.b.w.s.ServletContextInitializerBeans - Mapping servlets: dispatcherServlet urls=[/], h2Console urls=[/h2-console/*]
2026-02-25 13:50:00 [main] DEBUG o.apache.catalina.core.ContainerBase - Add container child [StandardWrapper[dispatcherServlet]] to container [StandardEngine[Tomcat].StandardHost[localhost].TomcatEmbeddedContext[]]
2026-02-25 13:50:00 [main] DEBUG o.apache.catalina.core.ContainerBase - Add container child [StandardWrapper[h2Console]] to container [StandardEngine[Tomcat].StandardHost[localhost].TomcatEmbeddedContext[]]
2026-02-25 13:50:00 [main] DEBUG o.s.b.w.s.f.OrderedRequestContextFilter - Filter 'requestContextFilter' configured for use
2026-02-25 13:50:00 [main] DEBUG o.s.b.w.s.f.OrderedCharacterEncodingFilter - Filter 'characterEncodingFilter' configured for use
2026-02-25 13:50:00 [main] DEBUG o.s.b.w.s.f.OrderedFormContentFilter - Filter 'formContentFilter' configured for use
2026-02-25 13:50:00 [main] DEBUG org.apache.catalina.mapper.Mapper - Registered host [localhost]
2026-02-25 13:50:00 [main] DEBUG o.a.catalina.mapper.MapperListener - Register Wrapper [h2Console] in Context [] for service [StandardService[Tomcat]]
2026-02-25 13:50:00 [main] DEBUG o.a.catalina.mapper.MapperListener - Register Wrapper [dispatcherServlet] in Context [] for service [StandardService[Tomcat]]
2026-02-25 13:50:00 [main] DEBUG o.a.catalina.mapper.MapperListener - Register Context [] for service [StandardService[Tomcat]]
2026-02-25 13:50:00 [main] DEBUG o.a.catalina.mapper.MapperListener - Register host [localhost] at domain [null] for service [StandardService[Tomcat]]
2026-02-25 13:50:00 [main] DEBUG o.s.b.f.s.DefaultListableBeanFactory - Creating shared instance of singleton bean 'dataSourceScriptDatabaseInitializer'
2026-02-25 13:50:00 [main] DEBUG o.s.b.f.s.DefaultListableBeanFactory - Creating shared instance of singleton bean 'org.springframework.boot.autoconfigure.sql.init.DataSourceInitializationConfiguration'
2026-02-25 13:50:00 [main] DEBUG o.s.b.f.s.DefaultListableBeanFactory - Creating shared instance of singleton bean 'spring.sql.init-org.springframework.boot.autoconfigure.sql.init.SqlInitializationProperties'
2026-02-25 13:50:00 [main] DEBUG o.s.b.f.s.DefaultListableBeanFactory - Autowiring by type from bean name 'dataSourceScriptDatabaseInitializer' via factory method to bean named 'dataSource'
2026-02-25 13:50:00 [main] DEBUG o.s.b.f.s.DefaultListableBeanFactory - Autowiring by type from bean name 'dataSourceScriptDatabaseInitializer' via factory method to bean named 'spring.sql.init-org.springframework.boot.autoconfigure.sql.init.SqlInitializationProperties'
2026-02-25 13:50:00 [main] DEBUG o.s.b.f.s.DefaultListableBeanFactory - Creating shared instance of singleton bean 'org.springframework.context.config.internalBeanConfigurerAspect'
2026-02-25 13:50:00 [main] DEBUG o.s.b.f.s.DefaultListableBeanFactory - Creating shared instance of singleton bean 'entityManagerFactory'
2026-02-25 13:50:00 [main] DEBUG o.s.b.f.s.DefaultListableBeanFactory - Creating shared instance of singleton bean 'org.springframework.boot.autoconfigure.orm.jpa.HibernateJpaConfiguration'
2026-02-25 13:50:00 [main] DEBUG o.s.b.f.s.DefaultListableBeanFactory - Creating shared instance of singleton bean 'spring.jpa-org.springframework.boot.autoconfigure.orm.jpa.JpaProperties'
2026-02-25 13:50:00 [main] DEBUG o.s.b.f.s.DefaultListableBeanFactory - Creating shared instance of singleton bean 'spring.jpa.hibernate-org.springframework.boot.autoconfigure.orm.jpa.HibernateProperties'
2026-02-25 13:50:00 [main] DEBUG o.s.b.f.s.DefaultListableBeanFactory - Autowiring by type from bean name 'org.springframework.boot.autoconfigure.orm.jpa.HibernateJpaConfiguration' via constructor to bean named 'dataSource'
2026-02-25 13:50:00 [main] DEBUG o.s.b.f.s.DefaultListableBeanFactory - Autowiring by type from bean name 'org.springframework.boot.autoconfigure.orm.jpa.HibernateJpaConfiguration' via constructor to bean named 'spring.jpa-org.springframework.boot.autoconfigure.orm.jpa.JpaProperties'
2026-02-25 13:50:00 [main] DEBUG o.s.b.f.s.DefaultListableBeanFactory - Autowiring by type from bean name 'org.springframework.boot.autoconfigure.orm.jpa.HibernateJpaConfiguration' via constructor to bean named 'org.springframework.beans.factory.support.DefaultListableBeanFactory@21ec5d87'
2026-02-25 13:50:00 [main] DEBUG o.s.b.f.s.DefaultListableBeanFactory - Autowiring by type from bean name 'org.springframework.boot.autoconfigure.orm.jpa.HibernateJpaConfiguration' via constructor to bean named 'spring.jpa.hibernate-org.springframework.boot.autoconfigure.orm.jpa.HibernateProperties'
2026-02-25 13:50:00 [main] DEBUG o.s.b.f.s.DefaultListableBeanFactory - Creating shared instance of singleton bean 'hikariPoolDataSourceMetadataProvider'
2026-02-25 13:50:00 [main] DEBUG o.s.b.f.s.DefaultListableBeanFactory - Creating shared instance of singleton bean 'org.springframework.boot.autoconfigure.jdbc.metadata.DataSourcePoolMetadataProvidersConfiguration$HikariPoolDataSourceMetadataProviderConfiguration'
2026-02-25 13:50:00 [main] DEBUG o.s.b.f.s.DefaultListableBeanFactory - Creating shared instance of singleton bean 'entityManagerFactoryBuilder'
2026-02-25 13:50:00 [main] DEBUG o.s.b.f.s.DefaultListableBeanFactory - Creating shared instance of singleton bean 'jpaVendorAdapter'
2026-02-25 13:50:00 [main] DEBUG o.s.b.f.s.DefaultListableBeanFactory - Autowiring by type from bean name 'entityManagerFactoryBuilder' via factory method to bean named 'jpaVendorAdapter'
2026-02-25 13:50:00 [main] DEBUG o.s.b.f.s.DefaultListableBeanFactory - Creating shared instance of singleton bean 'persistenceManagedTypes'
2026-02-25 13:50:00 [main] DEBUG o.s.b.f.s.DefaultListableBeanFactory - Autowiring by type from bean name 'persistenceManagedTypes' via factory method to bean named 'org.springframework.beans.factory.support.DefaultListableBeanFactory@21ec5d87'
2026-02-25 13:50:00 [main] DEBUG o.s.b.f.s.DefaultListableBeanFactory - Autowiring by type from bean name 'persistenceManagedTypes' via factory method to bean named 'org.springframework.boot.web.servlet.context.AnnotationConfigServletWebServerApplicationContext@2313052e'
2026-02-25 13:50:00 [main] DEBUG o.s.b.f.s.DefaultListableBeanFactory - Autowiring by type from bean name 'entityManagerFactory' via factory method to bean named 'entityManagerFactoryBuilder'
2026-02-25 13:50:00 [main] DEBUG o.s.b.f.s.DefaultListableBeanFactory - Autowiring by type from bean name 'entityManagerFactory' via factory method to bean named 'persistenceManagedTypes'
2026-02-25 13:50:00 [main] DEBUG o.s.o.j.LocalContainerEntityManagerFactoryBean - Building JPA container EntityManagerFactory for persistence unit 'default'
2026-02-25 13:50:00 [main] DEBUG o.h.jpa.internal.util.LogHelper - PersistenceUnitInfo [
	name: default
	persistence provider classname: null
	classloader: jdk.internal.loader.ClassLoaders$AppClassLoader@60e53b93
	excludeUnlistedClasses: true
	JTA datasource: null
	Non JTA datasource: HikariDataSource (HikariPool-1)
	Transaction type: RESOURCE_LOCAL
	PU root URL: file:/C:/Users/akathirgamana/IdeaProjects/X-Maxxing-Microservices/task-management-service/target/classes/
	Shared Cache Mode: UNSPECIFIED
	Validation Mode: AUTO
	Jar files URLs []
	Managed classes names [
		com.taskmanagement.entity.BaseEntity
		com.taskmanagement.entity.Goal
		com.taskmanagement.entity.Task]
	Mapping files names []
	Properties []
2026-02-25 13:50:00 [main] DEBUG o.h.i.internal.IntegratorServiceImpl - Adding Integrator [org.hibernate.boot.beanvalidation.BeanValidationIntegrator].
2026-02-25 13:50:00 [main] DEBUG o.h.i.internal.IntegratorServiceImpl - Adding Integrator [org.hibernate.cache.internal.CollectionCacheInvalidator].
2026-02-25 13:50:00 [HikariPool-1 housekeeper] DEBUG com.zaxxer.hikari.pool.HikariPool - HikariPool-1 - Before cleanup stats (total=1, active=0, idle=1, waiting=0)
2026-02-25 13:50:00 [HikariPool-1 housekeeper] DEBUG com.zaxxer.hikari.pool.HikariPool - HikariPool-1 - After cleanup  stats (total=1, active=0, idle=1, waiting=0)
2026-02-25 13:50:00 [HikariPool-1 connection adder] DEBUG com.zaxxer.hikari.pool.HikariPool - HikariPool-1 - Added connection conn1: url=jdbc:h2:mem:taskmanagement user=SA
2026-02-25 13:50:00 [main] INFO  org.hibernate.Version - HHH000412: Hibernate ORM core version 6.4.4.Final
2026-02-25 13:50:00 [main] DEBUG org.hibernate.cfg.Environment - HHH000206: 'hibernate.properties' not found
2026-02-25 13:50:00 [HikariPool-1 connection adder] DEBUG com.zaxxer.hikari.pool.HikariPool - HikariPool-1 - Added connection conn2: url=jdbc:h2:mem:taskmanagement user=SA
2026-02-25 13:50:00 [main] DEBUG org.hibernate.orm.idgen.factory - Registering IdentifierGenerator strategy [uuid2] -> [org.hibernate.id.UUIDGenerator]
2026-02-25 13:50:00 [main] DEBUG org.hibernate.orm.idgen.factory - Registering IdentifierGenerator strategy [guid] -> [org.hibernate.id.GUIDGenerator]
2026-02-25 13:50:00 [main] DEBUG org.hibernate.orm.idgen.factory - Registering IdentifierGenerator strategy [uuid] -> [org.hibernate.id.UUIDHexGenerator]
2026-02-25 13:50:00 [main] DEBUG org.hibernate.orm.idgen.factory - Registering IdentifierGenerator strategy [uuid.hex] -> [org.hibernate.id.UUIDHexGenerator]
2026-02-25 13:50:00 [main] DEBUG org.hibernate.orm.idgen.factory - Registering IdentifierGenerator strategy [assigned] -> [org.hibernate.id.Assigned]
2026-02-25 13:50:00 [main] DEBUG org.hibernate.orm.idgen.factory - Registering IdentifierGenerator strategy [identity] -> [org.hibernate.id.IdentityGenerator]
2026-02-25 13:50:00 [HikariPool-1 connection adder] DEBUG com.zaxxer.hikari.pool.HikariPool - HikariPool-1 - Added connection conn3: url=jdbc:h2:mem:taskmanagement user=SA
2026-02-25 13:50:00 [main] DEBUG org.hibernate.orm.idgen.factory - Registering IdentifierGenerator strategy [select] -> [org.hibernate.id.SelectGenerator]
2026-02-25 13:50:00 [main] DEBUG org.hibernate.orm.idgen.factory - Registering IdentifierGenerator strategy [sequence] -> [org.hibernate.id.enhanced.SequenceStyleGenerator]
2026-02-25 13:50:00 [main] DEBUG org.hibernate.orm.idgen.factory - Registering IdentifierGenerator strategy [increment] -> [org.hibernate.id.IncrementGenerator]
2026-02-25 13:50:00 [main] DEBUG org.hibernate.orm.idgen.factory - Registering IdentifierGenerator strategy [foreign] -> [org.hibernate.id.ForeignGenerator]
2026-02-25 13:50:00 [main] DEBUG org.hibernate.orm.idgen.factory - Registering IdentifierGenerator strategy [enhanced-sequence] -> [org.hibernate.id.enhanced.SequenceStyleGenerator]
2026-02-25 13:50:00 [main] DEBUG org.hibernate.orm.idgen.factory - Registering IdentifierGenerator strategy [enhanced-table] -> [org.hibernate.id.enhanced.TableGenerator]
2026-02-25 13:50:00 [main] DEBUG o.h.c.i.RegionFactoryInitiator - Cannot default RegionFactory based on registered strategies as `[]` RegionFactory strategies were registered
2026-02-25 13:50:00 [main] INFO  o.h.c.i.RegionFactoryInitiator - HHH000026: Second-level cache disabled
2026-02-25 13:50:00 [HikariPool-1 connection adder] DEBUG com.zaxxer.hikari.pool.HikariPool - HikariPool-1 - Added connection conn4: url=jdbc:h2:mem:taskmanagement user=SA
2026-02-25 13:50:00 [HikariPool-1 connection adder] DEBUG com.zaxxer.hikari.pool.HikariPool - HikariPool-1 - After adding stats (total=5, active=0, idle=5, waiting=0)
2026-02-25 13:50:00 [main] DEBUG o.hibernate.type.BasicTypeRegistry - Adding type registration boolean -> org.hibernate.type.BasicTypeReference@16b64a03
2026-02-25 13:50:00 [main] DEBUG o.hibernate.type.BasicTypeRegistry - Adding type registration boolean -> org.hibernate.type.BasicTypeReference@16b64a03
2026-02-25 13:50:00 [main] DEBUG o.hibernate.type.BasicTypeRegistry - Adding type registration java.lang.Boolean -> org.hibernate.type.BasicTypeReference@16b64a03
2026-02-25 13:50:00 [main] DEBUG o.hibernate.type.BasicTypeRegistry - Adding type registration numeric_boolean -> org.hibernate.type.BasicTypeReference@1584c019
2026-02-25 13:50:00 [main] DEBUG o.hibernate.type.BasicTypeRegistry - Adding type registration org.hibernate.type.NumericBooleanConverter -> org.hibernate.type.BasicTypeReference@1584c019
2026-02-25 13:50:00 [main] DEBUG o.hibernate.type.BasicTypeRegistry - Adding type registration true_false -> org.hibernate.type.BasicTypeReference@3688baab
2026-02-25 13:50:00 [main] DEBUG o.hibernate.type.BasicTypeRegistry - Adding type registration org.hibernate.type.TrueFalseConverter -> org.hibernate.type.BasicTypeReference@3688baab
2026-02-25 13:50:00 [main] DEBUG o.hibernate.type.BasicTypeRegistry - Adding type registration yes_no -> org.hibernate.type.BasicTypeReference@4fe2dd02
2026-02-25 13:50:00 [main] DEBUG o.hibernate.type.BasicTypeRegistry - Adding type registration org.hibernate.type.YesNoConverter -> org.hibernate.type.BasicTypeReference@4fe2dd02
2026-02-25 13:50:00 [main] DEBUG o.hibernate.type.BasicTypeRegistry - Adding type registration byte -> org.hibernate.type.BasicTypeReference@6ba060af
2026-02-25 13:50:00 [main] DEBUG o.hibernate.type.BasicTypeRegistry - Adding type registration byte -> org.hibernate.type.BasicTypeReference@6ba060af
2026-02-25 13:50:00 [main] DEBUG o.hibernate.type.BasicTypeRegistry - Adding type registration java.lang.Byte -> org.hibernate.type.BasicTypeReference@6ba060af
2026-02-25 13:50:00 [main] DEBUG o.hibernate.type.BasicTypeRegistry - Adding type registration binary -> org.hibernate.type.BasicTypeReference@5817f1ca
2026-02-25 13:50:00 [main] DEBUG o.hibernate.type.BasicTypeRegistry - Adding type registration byte[] -> org.hibernate.type.BasicTypeReference@5817f1ca
2026-02-25 13:50:00 [main] DEBUG o.hibernate.type.BasicTypeRegistry - Adding type registration [B -> org.hibernate.type.BasicTypeReference@5817f1ca
2026-02-25 13:50:00 [main] DEBUG o.hibernate.type.BasicTypeRegistry - Adding type registration binary_wrapper -> org.hibernate.type.BasicTypeReference@2b395581
2026-02-25 13:50:00 [main] DEBUG o.hibernate.type.BasicTypeRegistry - Adding type registration wrapper-binary -> org.hibernate.type.BasicTypeReference@2b395581
2026-02-25 13:50:00 [main] DEBUG o.hibernate.type.BasicTypeRegistry - Adding type registration image -> org.hibernate.type.BasicTypeReference@726a8729
2026-02-25 13:50:00 [main] DEBUG o.hibernate.type.BasicTypeRegistry - Adding type registration blob -> org.hibernate.type.BasicTypeReference@1a2724d3
2026-02-25 13:50:00 [main] DEBUG o.hibernate.type.BasicTypeRegistry - Adding type registration java.sql.Blob -> org.hibernate.type.BasicTypeReference@1a2724d3
2026-02-25 13:50:00 [main] DEBUG o.hibernate.type.BasicTypeRegistry - Adding type registration materialized_blob -> org.hibernate.type.BasicTypeReference@7dd91ffc
2026-02-25 13:50:00 [main] DEBUG o.hibernate.type.BasicTypeRegistry - Adding type registration materialized_blob_wrapper -> org.hibernate.type.BasicTypeReference@1c2dd89b
2026-02-25 13:50:00 [main] DEBUG o.hibernate.type.BasicTypeRegistry - Adding type registration short -> org.hibernate.type.BasicTypeReference@3ad847f8
2026-02-25 13:50:00 [main] DEBUG o.hibernate.type.BasicTypeRegistry - Adding type registration short -> org.hibernate.type.BasicTypeReference@3ad847f8
2026-02-25 13:50:00 [main] DEBUG o.hibernate.type.BasicTypeRegistry - Adding type registration java.lang.Short -> org.hibernate.type.BasicTypeReference@3ad847f8
2026-02-25 13:50:00 [main] DEBUG o.hibernate.type.BasicTypeRegistry - Adding type registration integer -> org.hibernate.type.BasicTypeReference@19faedcc
2026-02-25 13:50:00 [main] DEBUG o.hibernate.type.BasicTypeRegistry - Adding type registration int -> org.hibernate.type.BasicTypeReference@19faedcc
2026-02-25 13:50:00 [main] DEBUG o.hibernate.type.BasicTypeRegistry - Adding type registration java.lang.Integer -> org.hibernate.type.BasicTypeReference@19faedcc
2026-02-25 13:50:00 [main] DEBUG o.hibernate.type.BasicTypeRegistry - Adding type registration long -> org.hibernate.type.BasicTypeReference@2c6927f0
2026-02-25 13:50:00 [main] DEBUG o.hibernate.type.BasicTypeRegistry - Adding type registration long -> org.hibernate.type.BasicTypeReference@2c6927f0
2026-02-25 13:50:00 [main] DEBUG o.hibernate.type.BasicTypeRegistry - Adding type registration java.lang.Long -> org.hibernate.type.BasicTypeReference@2c6927f0
2026-02-25 13:50:00 [main] DEBUG o.hibernate.type.BasicTypeRegistry - Adding type registration float -> org.hibernate.type.BasicTypeReference@5ef2cbe6
2026-02-25 13:50:00 [main] DEBUG o.hibernate.type.BasicTypeRegistry - Adding type registration float -> org.hibernate.type.BasicTypeReference@5ef2cbe6
2026-02-25 13:50:00 [main] DEBUG o.hibernate.type.BasicTypeRegistry - Adding type registration java.lang.Float -> org.hibernate.type.BasicTypeReference@5ef2cbe6
2026-02-25 13:50:00 [main] DEBUG o.hibernate.type.BasicTypeRegistry - Adding type registration double -> org.hibernate.type.BasicTypeReference@266da047
2026-02-25 13:50:00 [main] DEBUG o.hibernate.type.BasicTypeRegistry - Adding type registration double -> org.hibernate.type.BasicTypeReference@266da047
2026-02-25 13:50:00 [main] DEBUG o.hibernate.type.BasicTypeRegistry - Adding type registration java.lang.Double -> org.hibernate.type.BasicTypeReference@266da047
2026-02-25 13:50:00 [main] DEBUG o.hibernate.type.BasicTypeRegistry - Adding type registration big_integer -> org.hibernate.type.BasicTypeReference@68b7bdcb
2026-02-25 13:50:00 [main] DEBUG o.hibernate.type.BasicTypeRegistry - Adding type registration java.math.BigInteger -> org.hibernate.type.BasicTypeReference@68b7bdcb
2026-02-25 13:50:00 [main] DEBUG o.hibernate.type.BasicTypeRegistry - Adding type registration big_decimal -> org.hibernate.type.BasicTypeReference@d84418a
2026-02-25 13:50:00 [main] DEBUG o.hibernate.type.BasicTypeRegistry - Adding type registration java.math.BigDecimal -> org.hibernate.type.BasicTypeReference@d84418a
2026-02-25 13:50:00 [main] DEBUG o.hibernate.type.BasicTypeRegistry - Adding type registration character -> org.hibernate.type.BasicTypeReference@45e11627
2026-02-25 13:50:00 [main] DEBUG o.hibernate.type.BasicTypeRegistry - Adding type registration char -> org.hibernate.type.BasicTypeReference@45e11627
2026-02-25 13:50:00 [main] DEBUG o.hibernate.type.BasicTypeRegistry - Adding type registration java.lang.Character -> org.hibernate.type.BasicTypeReference@45e11627
2026-02-25 13:50:00 [main] DEBUG o.hibernate.type.BasicTypeRegistry - Adding type registration character_nchar -> org.hibernate.type.BasicTypeReference@ec5f944
2026-02-25 13:50:00 [main] DEBUG o.hibernate.type.BasicTypeRegistry - Adding type registration string -> org.hibernate.type.BasicTypeReference@5b4954b2
2026-02-25 13:50:00 [main] DEBUG o.hibernate.type.BasicTypeRegistry - Adding type registration java.lang.String -> org.hibernate.type.BasicTypeReference@5b4954b2
2026-02-25 13:50:00 [main] DEBUG o.hibernate.type.BasicTypeRegistry - Adding type registration nstring -> org.hibernate.type.BasicTypeReference@74eec640
2026-02-25 13:50:00 [main] DEBUG o.hibernate.type.BasicTypeRegistry - Adding type registration characters -> org.hibernate.type.BasicTypeReference@3973b6d4
2026-02-25 13:50:00 [main] DEBUG o.hibernate.type.BasicTypeRegistry - Adding type registration char[] -> org.hibernate.type.BasicTypeReference@3973b6d4
2026-02-25 13:50:00 [main] DEBUG o.hibernate.type.BasicTypeRegistry - Adding type registration [C -> org.hibernate.type.BasicTypeReference@3973b6d4
2026-02-25 13:50:00 [main] DEBUG o.hibernate.type.BasicTypeRegistry - Adding type registration wrapper-characters -> org.hibernate.type.BasicTypeReference@18dd7767
2026-02-25 13:50:00 [main] DEBUG o.hibernate.type.BasicTypeRegistry - Adding type registration text -> org.hibernate.type.BasicTypeReference@9205c0a
2026-02-25 13:50:00 [main] DEBUG o.hibernate.type.BasicTypeRegistry - Adding type registration ntext -> org.hibernate.type.BasicTypeReference@bfe47a8
2026-02-25 13:50:00 [main] DEBUG o.hibernate.type.BasicTypeRegistry - Adding type registration clob -> org.hibernate.type.BasicTypeReference@2f1f9515
2026-02-25 13:50:00 [main] DEBUG o.hibernate.type.BasicTypeRegistry - Adding type registration java.sql.Clob -> org.hibernate.type.BasicTypeReference@2f1f9515
2026-02-25 13:50:00 [main] DEBUG o.hibernate.type.BasicTypeRegistry - Adding type registration nclob -> org.hibernate.type.BasicTypeReference@5c8ab9de
2026-02-25 13:50:00 [main] DEBUG o.hibernate.type.BasicTypeRegistry - Adding type registration java.sql.NClob -> org.hibernate.type.BasicTypeReference@5c8ab9de
2026-02-25 13:50:00 [main] DEBUG o.hibernate.type.BasicTypeRegistry - Adding type registration materialized_clob -> org.hibernate.type.BasicTypeReference@57416e49
2026-02-25 13:50:00 [main] DEBUG o.hibernate.type.BasicTypeRegistry - Adding type registration materialized_clob_char_array -> org.hibernate.type.BasicTypeReference@2e7bb00e
2026-02-25 13:50:00 [main] DEBUG o.hibernate.type.BasicTypeRegistry - Adding type registration materialized_clob_character_array -> org.hibernate.type.BasicTypeReference@7d1f3fe9
2026-02-25 13:50:00 [main] DEBUG o.hibernate.type.BasicTypeRegistry - Adding type registration materialized_nclob -> org.hibernate.type.BasicTypeReference@74d22ddd
2026-02-25 13:50:00 [main] DEBUG o.hibernate.type.BasicTypeRegistry - Adding type registration materialized_nclob_character_array -> org.hibernate.type.BasicTypeReference@283d3628
2026-02-25 13:50:00 [main] DEBUG o.hibernate.type.BasicTypeRegistry - Adding type registration materialized_nclob_char_array -> org.hibernate.type.BasicTypeReference@5b3518e1
2026-02-25 13:50:00 [main] DEBUG o.hibernate.type.BasicTypeRegistry - Adding type registration Duration -> org.hibernate.type.BasicTypeReference@5fd18419
2026-02-25 13:50:00 [main] DEBUG o.hibernate.type.BasicTypeRegistry - Adding type registration java.time.Duration -> org.hibernate.type.BasicTypeReference@5fd18419
2026-02-25 13:50:00 [main] DEBUG o.hibernate.type.BasicTypeRegistry - Adding type registration LocalDateTime -> org.hibernate.type.BasicTypeReference@3a88f6fb
2026-02-25 13:50:00 [main] DEBUG o.hibernate.type.BasicTypeRegistry - Adding type registration java.time.LocalDateTime -> org.hibernate.type.BasicTypeReference@3a88f6fb
2026-02-25 13:50:00 [main] DEBUG o.hibernate.type.BasicTypeRegistry - Adding type registration LocalDate -> org.hibernate.type.BasicTypeReference@7b451bf4
2026-02-25 13:50:00 [main] DEBUG o.hibernate.type.BasicTypeRegistry - Adding type registration java.time.LocalDate -> org.hibernate.type.BasicTypeReference@7b451bf4
2026-02-25 13:50:00 [main] DEBUG o.hibernate.type.BasicTypeRegistry - Adding type registration LocalTime -> org.hibernate.type.BasicTypeReference@844e66d
2026-02-25 13:50:00 [main] DEBUG o.hibernate.type.BasicTypeRegistry - Adding type registration java.time.LocalTime -> org.hibernate.type.BasicTypeReference@844e66d
2026-02-25 13:50:00 [main] DEBUG o.hibernate.type.BasicTypeRegistry - Adding type registration OffsetDateTime -> org.hibernate.type.BasicTypeReference@5b665a30
2026-02-25 13:50:00 [main] DEBUG o.hibernate.type.BasicTypeRegistry - Adding type registration java.time.OffsetDateTime -> org.hibernate.type.BasicTypeReference@5b665a30
2026-02-25 13:50:00 [main] DEBUG o.hibernate.type.BasicTypeRegistry - Adding type registration OffsetDateTimeWithTimezone -> org.hibernate.type.BasicTypeReference@26a45089
2026-02-25 13:50:00 [main] DEBUG o.hibernate.type.BasicTypeRegistry - Adding type registration OffsetDateTimeWithoutTimezone -> org.hibernate.type.BasicTypeReference@75ed7512
2026-02-25 13:50:00 [main] DEBUG o.hibernate.type.BasicTypeRegistry - Adding type registration OffsetTime -> org.hibernate.type.BasicTypeReference@5ab5924c
2026-02-25 13:50:00 [main] DEBUG o.hibernate.type.BasicTypeRegistry - Adding type registration java.time.OffsetTime -> org.hibernate.type.BasicTypeReference@5ab5924c
2026-02-25 13:50:00 [main] DEBUG o.hibernate.type.BasicTypeRegistry - Adding type registration OffsetTimeUtc -> org.hibernate.type.BasicTypeReference@33ebe4f0
2026-02-25 13:50:00 [main] DEBUG o.hibernate.type.BasicTypeRegistry - Adding type registration OffsetTimeWithTimezone -> org.hibernate.type.BasicTypeReference@37cfda1c
2026-02-25 13:50:00 [main] DEBUG o.hibernate.type.BasicTypeRegistry - Adding type registration OffsetTimeWithoutTimezone -> org.hibernate.type.BasicTypeReference@29147c12
2026-02-25 13:50:00 [main] DEBUG o.hibernate.type.BasicTypeRegistry - Adding type registration ZonedDateTime -> org.hibernate.type.BasicTypeReference@5f45bc8e
2026-02-25 13:50:00 [main] DEBUG o.hibernate.type.BasicTypeRegistry - Adding type registration java.time.ZonedDateTime -> org.hibernate.type.BasicTypeReference@5f45bc8e
2026-02-25 13:50:00 [main] DEBUG o.hibernate.type.BasicTypeRegistry - Adding type registration ZonedDateTimeWithTimezone -> org.hibernate.type.BasicTypeReference@33e50ff2
2026-02-25 13:50:00 [main] DEBUG o.hibernate.type.BasicTypeRegistry - Adding type registration ZonedDateTimeWithoutTimezone -> org.hibernate.type.BasicTypeReference@7ab33ca8
2026-02-25 13:50:00 [main] DEBUG o.hibernate.type.BasicTypeRegistry - Adding type registration date -> org.hibernate.type.BasicTypeReference@704d3b00
2026-02-25 13:50:00 [main] DEBUG o.hibernate.type.BasicTypeRegistry - Adding type registration java.sql.Date -> org.hibernate.type.BasicTypeReference@704d3b00
2026-02-25 13:50:00 [main] DEBUG o.hibernate.type.BasicTypeRegistry - Adding type registration time -> org.hibernate.type.BasicTypeReference@21e484b
2026-02-25 13:50:00 [main] DEBUG o.hibernate.type.BasicTypeRegistry - Adding type registration java.sql.Time -> org.hibernate.type.BasicTypeReference@21e484b
2026-02-25 13:50:00 [main] DEBUG o.hibernate.type.BasicTypeRegistry - Adding type registration timestamp -> org.hibernate.type.BasicTypeReference@191f4d65
2026-02-25 13:50:00 [main] DEBUG o.hibernate.type.BasicTypeRegistry - Adding type registration java.sql.Timestamp -> org.hibernate.type.BasicTypeReference@191f4d65
2026-02-25 13:50:00 [main] DEBUG o.hibernate.type.BasicTypeRegistry - Adding type registration java.util.Date -> org.hibernate.type.BasicTypeReference@191f4d65
2026-02-25 13:50:00 [main] DEBUG o.hibernate.type.BasicTypeRegistry - Adding type registration calendar -> org.hibernate.type.BasicTypeReference@7a2a7492
2026-02-25 13:50:00 [main] DEBUG o.hibernate.type.BasicTypeRegistry - Adding type registration java.util.Calendar -> org.hibernate.type.BasicTypeReference@7a2a7492
2026-02-25 13:50:00 [main] DEBUG o.hibernate.type.BasicTypeRegistry - Adding type registration java.util.GregorianCalendar -> org.hibernate.type.BasicTypeReference@7a2a7492
2026-02-25 13:50:00 [main] DEBUG o.hibernate.type.BasicTypeRegistry - Adding type registration calendar_date -> org.hibernate.type.BasicTypeReference@6326c5ec
2026-02-25 13:50:00 [main] DEBUG o.hibernate.type.BasicTypeRegistry - Adding type registration calendar_time -> org.hibernate.type.BasicTypeReference@138a85d3
2026-02-25 13:50:00 [main] DEBUG o.hibernate.type.BasicTypeRegistry - Adding type registration instant -> org.hibernate.type.BasicTypeReference@709d86a2
2026-02-25 13:50:00 [main] DEBUG o.hibernate.type.BasicTypeRegistry - Adding type registration java.time.Instant -> org.hibernate.type.BasicTypeReference@709d86a2
2026-02-25 13:50:00 [main] DEBUG o.hibernate.type.BasicTypeRegistry - Adding type registration uuid -> org.hibernate.type.BasicTypeReference@59baf2c7
2026-02-25 13:50:00 [main] DEBUG o.hibernate.type.BasicTypeRegistry - Adding type registration java.util.UUID -> org.hibernate.type.BasicTypeReference@59baf2c7
2026-02-25 13:50:00 [main] DEBUG o.hibernate.type.BasicTypeRegistry - Adding type registration pg-uuid -> org.hibernate.type.BasicTypeReference@59baf2c7
2026-02-25 13:50:00 [main] DEBUG o.hibernate.type.BasicTypeRegistry - Adding type registration uuid-binary -> org.hibernate.type.BasicTypeReference@ce655b9
2026-02-25 13:50:00 [main] DEBUG o.hibernate.type.BasicTypeRegistry - Adding type registration uuid-char -> org.hibernate.type.BasicTypeReference@4b85edeb
2026-02-25 13:50:00 [main] DEBUG o.hibernate.type.BasicTypeRegistry - Adding type registration class -> org.hibernate.type.BasicTypeReference@5731caaf
2026-02-25 13:50:00 [main] DEBUG o.hibernate.type.BasicTypeRegistry - Adding type registration java.lang.Class -> org.hibernate.type.BasicTypeReference@5731caaf
2026-02-25 13:50:00 [main] DEBUG o.hibernate.type.BasicTypeRegistry - Adding type registration currency -> org.hibernate.type.BasicTypeReference@59933644
2026-02-25 13:50:00 [main] DEBUG o.hibernate.type.BasicTypeRegistry - Adding type registration Currency -> org.hibernate.type.BasicTypeReference@59933644
2026-02-25 13:50:00 [main] DEBUG o.hibernate.type.BasicTypeRegistry - Adding type registration java.util.Currency -> org.hibernate.type.BasicTypeReference@59933644
2026-02-25 13:50:00 [main] DEBUG o.hibernate.type.BasicTypeRegistry - Adding type registration locale -> org.hibernate.type.BasicTypeReference@67e6eb52
2026-02-25 13:50:00 [main] DEBUG o.hibernate.type.BasicTypeRegistry - Adding type registration java.util.Locale -> org.hibernate.type.BasicTypeReference@67e6eb52
2026-02-25 13:50:00 [main] DEBUG o.hibernate.type.BasicTypeRegistry - Adding type registration serializable -> org.hibernate.type.BasicTypeReference@3e8b8f0
2026-02-25 13:50:00 [main] DEBUG o.hibernate.type.BasicTypeRegistry - Adding type registration java.io.Serializable -> org.hibernate.type.BasicTypeReference@3e8b8f0
2026-02-25 13:50:00 [main] DEBUG o.hibernate.type.BasicTypeRegistry - Adding type registration timezone -> org.hibernate.type.BasicTypeReference@5ad57e90
2026-02-25 13:50:00 [main] DEBUG o.hibernate.type.BasicTypeRegistry - Adding type registration java.util.TimeZone -> org.hibernate.type.BasicTypeReference@5ad57e90
2026-02-25 13:50:00 [main] DEBUG o.hibernate.type.BasicTypeRegistry - Adding type registration ZoneOffset -> org.hibernate.type.BasicTypeReference@1a345298
2026-02-25 13:50:00 [main] DEBUG o.hibernate.type.BasicTypeRegistry - Adding type registration java.time.ZoneOffset -> org.hibernate.type.BasicTypeReference@1a345298
2026-02-25 13:50:00 [main] DEBUG o.hibernate.type.BasicTypeRegistry - Adding type registration url -> org.hibernate.type.BasicTypeReference@4ad896f7
2026-02-25 13:50:00 [main] DEBUG o.hibernate.type.BasicTypeRegistry - Adding type registration java.net.URL -> org.hibernate.type.BasicTypeReference@4ad896f7
2026-02-25 13:50:00 [main] DEBUG o.hibernate.type.BasicTypeRegistry - Adding type registration vector -> org.hibernate.type.BasicTypeReference@c318864
2026-02-25 13:50:00 [main] DEBUG o.hibernate.type.BasicTypeRegistry - Adding type registration row_version -> org.hibernate.type.BasicTypeReference@7d61468c
2026-02-25 13:50:00 [main] DEBUG o.hibernate.type.BasicTypeRegistry - Adding type registration object -> org.hibernate.type.JavaObjectType@5c573229
2026-02-25 13:50:00 [main] DEBUG o.hibernate.type.BasicTypeRegistry - Adding type registration java.lang.Object -> org.hibernate.type.JavaObjectType@5c573229
2026-02-25 13:50:00 [main] DEBUG o.hibernate.type.BasicTypeRegistry - Adding type registration null -> org.hibernate.type.NullType@25fd6d1e
2026-02-25 13:50:00 [main] DEBUG o.hibernate.type.BasicTypeRegistry - Adding type registration imm_date -> org.hibernate.type.BasicTypeReference@23396fc0
2026-02-25 13:50:00 [main] DEBUG o.hibernate.type.BasicTypeRegistry - Adding type registration imm_time -> org.hibernate.type.BasicTypeReference@c11332b
2026-02-25 13:50:00 [main] DEBUG o.hibernate.type.BasicTypeRegistry - Adding type registration imm_timestamp -> org.hibernate.type.BasicTypeReference@7e5e6573
2026-02-25 13:50:00 [main] DEBUG o.hibernate.type.BasicTypeRegistry - Adding type registration imm_calendar -> org.hibernate.type.BasicTypeReference@3005623b
2026-02-25 13:50:00 [main] DEBUG o.hibernate.type.BasicTypeRegistry - Adding type registration imm_calendar_date -> org.hibernate.type.BasicTypeReference@58aa5c94
2026-02-25 13:50:00 [main] DEBUG o.hibernate.type.BasicTypeRegistry - Adding type registration imm_calendar_time -> org.hibernate.type.BasicTypeReference@5d27b4c1
2026-02-25 13:50:00 [main] DEBUG o.hibernate.type.BasicTypeRegistry - Adding type registration imm_binary -> org.hibernate.type.BasicTypeReference@50df37eb
2026-02-25 13:50:00 [main] DEBUG o.hibernate.type.BasicTypeRegistry - Adding type registration imm_serializable -> org.hibernate.type.BasicTypeReference@4b508371
2026-02-25 13:50:00 [main] DEBUG o.h.b.internal.BootstrapContextImpl - Injecting JPA temp ClassLoader [org.springframework.instrument.classloading.SimpleThrowawayClassLoader@18c820d2] into BootstrapContext; was [null]
2026-02-25 13:50:00 [main] DEBUG o.h.b.internal.ClassLoaderAccessImpl - ClassLoaderAccessImpl#injectTempClassLoader(org.springframework.instrument.classloading.SimpleThrowawayClassLoader@18c820d2) [was null]
2026-02-25 13:50:00 [main] DEBUG o.h.b.internal.BootstrapContextImpl - Injecting ScanEnvironment [org.hibernate.jpa.boot.internal.StandardJpaScanEnvironmentImpl@382faf51] into BootstrapContext; was [null]
2026-02-25 13:50:00 [main] DEBUG o.h.b.internal.BootstrapContextImpl - Injecting ScanOptions [org.hibernate.boot.archive.scan.internal.StandardScanOptions@69ce14e6] into BootstrapContext; was [org.hibernate.boot.archive.scan.internal.StandardScanOptions@699d96bc]
2026-02-25 13:50:00 [RMI TCP Connection(1)-10.2.3.185] DEBUG sun.rmi.transport.tcp - RMI TCP Connection(1)-10.2.3.185: (port 57284) op = 82
2026-02-25 13:50:00 [RMI TCP Connection(1)-10.2.3.185] DEBUG sun.rmi.transport.tcp - RMI TCP Connection(1)-10.2.3.185: (port 57284) op = 80
2026-02-25 13:50:00 [RMI TCP Connection(1)-10.2.3.185] DEBUG sun.rmi.transport.tcp - RMI TCP Connection(1)-10.2.3.185: (port 57284) op = 82
2026-02-25 13:50:00 [RMI TCP Connection(1)-10.2.3.185] DEBUG sun.rmi.transport.tcp - RMI TCP Connection(1)-10.2.3.185: (port 57284) op = 80
2026-02-25 13:50:00 [RMI TCP Connection(1)-10.2.3.185] DEBUG sun.rmi.loader - RMI TCP Connection(1)-10.2.3.185: name = "[Ljava.rmi.server.ObjID;", codebase = "", defaultLoader = jdk.internal.loader.ClassLoaders$PlatformClassLoader@2f727d39
2026-02-25 13:50:00 [RMI TCP Connection(1)-10.2.3.185] DEBUG sun.rmi.loader - RMI TCP Connection(1)-10.2.3.185: name = "java.rmi.server.ObjID", codebase = "", defaultLoader = jdk.internal.loader.ClassLoaders$PlatformClassLoader@2f727d39
2026-02-25 13:50:00 [RMI TCP Connection(1)-10.2.3.185] DEBUG sun.rmi.loader - RMI TCP Connection(1)-10.2.3.185: name = "java.rmi.server.UID", codebase = "", defaultLoader = jdk.internal.loader.ClassLoaders$PlatformClassLoader@2f727d39
2026-02-25 13:50:00 [RMI TCP Connection(1)-10.2.3.185] DEBUG sun.rmi.loader - RMI TCP Connection(1)-10.2.3.185: name = "java.rmi.dgc.Lease", codebase = "", defaultLoader = jdk.internal.loader.ClassLoaders$PlatformClassLoader@2f727d39
2026-02-25 13:50:00 [RMI TCP Connection(1)-10.2.3.185] DEBUG sun.rmi.loader - RMI TCP Connection(1)-10.2.3.185: name = "java.rmi.dgc.VMID", codebase = "", defaultLoader = jdk.internal.loader.ClassLoaders$PlatformClassLoader@2f727d39
2026-02-25 13:50:00 [RMI TCP Connection(1)-10.2.3.185] DEBUG sun.rmi.loader - RMI TCP Connection(1)-10.2.3.185: name = "[B", codebase = "", defaultLoader = jdk.internal.loader.ClassLoaders$PlatformClassLoader@2f727d39
2026-02-25 13:50:00 [RMI TCP Connection(1)-10.2.3.185] DEBUG sun.rmi.transport.tcp - RMI TCP Connection(1)-10.2.3.185: (port 57284) op = 82
2026-02-25 13:50:00 [RMI TCP Connection(1)-10.2.3.185] DEBUG sun.rmi.transport.tcp - RMI TCP Connection(1)-10.2.3.185: (port 57284) op = 84
2026-02-25 13:50:00 [RMI TCP Connection(1)-10.2.3.185] DEBUG sun.rmi.transport.tcp - RMI TCP Connection(1)-10.2.3.185: (port 57284) op = 82
2026-02-25 13:50:00 [RMI TCP Connection(1)-10.2.3.185] DEBUG sun.rmi.transport.tcp - RMI TCP Connection(1)-10.2.3.185: (port 57284) op = 80
2026-02-25 13:50:00 [RMI TCP Connection(1)-10.2.3.185] DEBUG sun.rmi.transport.tcp - RMI TCP Connection(1)-10.2.3.185: (port 57284) op = 82
2026-02-25 13:50:00 [RMI TCP Connection(1)-10.2.3.185] DEBUG sun.rmi.transport.tcp - RMI TCP Connection(1)-10.2.3.185: (port 57284) op = 80
2026-02-25 13:50:00 [RMI TCP Connection(1)-10.2.3.185] DEBUG sun.rmi.loader - RMI TCP Connection(1)-10.2.3.185: name = "javax.management.ObjectName", codebase = ""
2026-02-25 13:50:00 [RMI TCP Connection(1)-10.2.3.185] DEBUG javax.management.remote.rmi - connectionId=rmi://10.2.3.185  3, name=org.springframework.boot:type=Admin,name=SpringApplication, attribute=Ready
2026-02-25 13:50:00 [RMI TCP Connection(1)-10.2.3.185] DEBUG sun.rmi.server.call - RMI TCP Connection(1)-10.2.3.185: [10.2.3.185] exception: 
javax.management.InstanceNotFoundException: org.springframework.boot:type=Admin,name=SpringApplication
	at java.management/com.sun.jmx.interceptor.DefaultMBeanServerInterceptor.getMBean(DefaultMBeanServerInterceptor.java:1088)
	at java.management/com.sun.jmx.interceptor.DefaultMBeanServerInterceptor.getAttribute(DefaultMBeanServerInterceptor.java:640)
	at java.management/com.sun.jmx.mbeanserver.JmxMBeanServer.getAttribute(JmxMBeanServer.java:679)
	at java.management.rmi/javax.management.remote.rmi.RMIConnectionImpl.doOperation(RMIConnectionImpl.java:1449)
	at java.management.rmi/javax.management.remote.rmi.RMIConnectionImpl$PrivilegedOperation.run(RMIConnectionImpl.java:1310)
	at java.management.rmi/javax.management.remote.rmi.RMIConnectionImpl.doPrivilegedOperation(RMIConnectionImpl.java:1405)
	at java.management.rmi/javax.management.remote.rmi.RMIConnectionImpl.getAttribute(RMIConnectionImpl.java:639)
	at java.base/jdk.internal.reflect.NativeMethodAccessorImpl.invoke0(Native Method)
	at java.base/jdk.internal.reflect.NativeMethodAccessorImpl.invoke(NativeMethodAccessorImpl.java:77)
	at java.base/jdk.internal.reflect.DelegatingMethodAccessorImpl.invoke(DelegatingMethodAccessorImpl.java:43)
	at java.base/java.lang.reflect.Method.invoke(Method.java:569)
	at java.rmi/sun.rmi.server.UnicastServerRef.dispatch(UnicastServerRef.java:360)
	at java.rmi/sun.rmi.transport.Transport$1.run(Transport.java:200)
	at java.rmi/sun.rmi.transport.Transport$1.run(Transport.java:197)
	at java.base/java.security.AccessController.doPrivileged(AccessController.java:712)
	at java.rmi/sun.rmi.transport.Transport.serviceCall(Transport.java:196)
	at java.rmi/sun.rmi.transport.tcp.TCPTransport.handleMessages(TCPTransport.java:587)
	at java.rmi/sun.rmi.transport.tcp.TCPTransport$ConnectionHandler.run0(TCPTransport.java:828)
	at java.rmi/sun.rmi.transport.tcp.TCPTransport$ConnectionHandler.lambda$run$0(TCPTransport.java:705)
	at java.base/java.security.AccessController.doPrivileged(AccessController.java:399)
	at java.rmi/sun.rmi.transport.tcp.TCPTransport$ConnectionHandler.run(TCPTransport.java:704)
	at java.base/java.util.concurrent.ThreadPoolExecutor.runWorker(ThreadPoolExecutor.java:1136)
	at java.base/java.util.concurrent.ThreadPoolExecutor$Worker.run(ThreadPoolExecutor.java:635)
	at java.base/java.lang.Thread.run(Thread.java:840)
2026-02-25 13:50:00 [RMI TCP Connection(1)-10.2.3.185] DEBUG sun.rmi.transport.tcp - RMI TCP Connection(1)-10.2.3.185: (port 57284) op = 80
2026-02-25 13:50:00 [RMI TCP Connection(1)-10.2.3.185] DEBUG javax.management.remote.rmi - [javax.management.remote.rmi.RMIConnectionImpl@455e4772: connectionId=rmi://10.2.3.185  3] closing.
2026-02-25 13:50:00 [RMI TCP Connection(1)-10.2.3.185] DEBUG javax.management.remote.rmi - [javax.management.remote.rmi.RMIConnectionImpl@455e4772: connectionId=rmi://10.2.3.185  3] closed.
2026-02-25 13:50:00 [main] INFO  o.s.o.j.p.SpringPersistenceUnitInfo - No LoadTimeWeaver setup: ignoring JPA class transformer
2026-02-25 13:50:00 [main] DEBUG o.h.b.internal.BootstrapContextImpl - Injecting JPA temp ClassLoader [null] into BootstrapContext; was [org.springframework.instrument.classloading.SimpleThrowawayClassLoader@18c820d2]
2026-02-25 13:50:00 [main] DEBUG o.h.b.internal.ClassLoaderAccessImpl - ClassLoaderAccessImpl#injectTempClassLoader(null) [was org.springframework.instrument.classloading.SimpleThrowawayClassLoader@18c820d2]
2026-02-25 13:50:00 [main] DEBUG o.h.e.j.e.i.JdbcEnvironmentInitiator - Database ->
       name : H2
    version : 2.2.224 (2023-09-17)
      major : 2
      minor : 2
2026-02-25 13:50:00 [main] DEBUG o.h.e.j.e.i.JdbcEnvironmentInitiator - Driver ->
       name : H2 JDBC Driver
    version : 2.2.224 (2023-09-17)
      major : 2
      minor : 2
2026-02-25 13:50:00 [main] DEBUG o.h.e.j.e.i.JdbcEnvironmentInitiator - JDBC version : 4.2
2026-02-25 13:50:00 [main] WARN  org.hibernate.orm.deprecation - HHH90000025: H2Dialect does not need to be specified explicitly using 'hibernate.dialect' (remove the property setting and it will be selected by default)
2026-02-25 13:50:00 [main] DEBUG org.hibernate.orm.dialect - HHH035001: Using dialect: org.hibernate.dialect.H2Dialect, version: 2.2.224
2026-02-25 13:50:00 [main] DEBUG o.h.e.j.e.s.IdentifierHelperBuilder - JDBC driver metadata reported database stores quoted identifiers in neither upper, lower nor mixed case
2026-02-25 13:50:00 [main] DEBUG o.h.t.d.jdbc.spi.JdbcTypeRegistry - addDescriptor(NCharTypeDescriptor) replaced previous registration(CharTypeDescriptor)
2026-02-25 13:50:00 [main] DEBUG o.h.t.d.jdbc.spi.JdbcTypeRegistry - addDescriptor(NVarcharTypeDescriptor) replaced previous registration(VarcharTypeDescriptor)
2026-02-25 13:50:00 [main] DEBUG o.h.t.d.jdbc.spi.JdbcTypeRegistry - addDescriptor(LongNVarcharTypeDescriptor) replaced previous registration(LongVarcharTypeDescriptor)
2026-02-25 13:50:00 [main] DEBUG o.h.t.d.jdbc.spi.JdbcTypeRegistry - addDescriptor(NClobTypeDescriptor(DEFAULT)) replaced previous registration(ClobTypeDescriptor(DEFAULT))
2026-02-25 13:50:00 [main] DEBUG o.h.t.d.jdbc.spi.JdbcTypeRegistry - addDescriptor(2005, ClobTypeDescriptor(STREAM_BINDING)) replaced previous registration(ClobTypeDescriptor(DEFAULT))
2026-02-25 13:50:00 [main] DEBUG o.h.t.d.jdbc.spi.JdbcTypeRegistry - addDescriptor(TimestampUtcDescriptor) replaced previous registration(TimestampUtcDescriptor)
2026-02-25 13:50:00 [main] DEBUG o.hibernate.type.BasicTypeRegistry - Adding type registration org.hibernate.type.DurationType -> basicType@1(java.time.Duration,3015)
2026-02-25 13:50:00 [main] DEBUG o.hibernate.type.BasicTypeRegistry - Adding type registration Duration -> basicType@1(java.time.Duration,3015)
2026-02-25 13:50:00 [main] DEBUG o.hibernate.type.BasicTypeRegistry - Adding type registration java.time.Duration -> basicType@1(java.time.Duration,3015)
2026-02-25 13:50:00 [main] DEBUG o.h.type.spi.TypeConfiguration$Scope - Scoping TypeConfiguration [org.hibernate.type.spi.TypeConfiguration@356fa0d1] to MetadataBuildingContext [org.hibernate.boot.internal.MetadataBuildingContextRootImpl@51508029]
2026-02-25 13:50:01 [main] DEBUG o.h.boot.model.relational.Namespace - Created database namespace [logicalName=Name{catalog=null, schema=null}, physicalName=Name{catalog=null, schema=null}]
2026-02-25 13:50:01 [main] DEBUG o.h.b.m.s.i.a.AnnotationMetadataSourceProcessorImpl - Skipping explicit MappedSuperclass com.taskmanagement.entity.BaseEntity, the class will be discovered analyzing the implementing class
2026-02-25 13:50:01 [main] DEBUG o.h.boot.model.internal.EntityBinder - Binding entity from annotated class: com.taskmanagement.entity.Goal
2026-02-25 13:50:01 [main] DEBUG o.h.boot.model.internal.EntityBinder - Import with entity name Goal
2026-02-25 13:50:01 [main] DEBUG o.h.boot.model.internal.EntityBinder - Bind entity com.taskmanagement.entity.Goal on table goals
2026-02-25 13:50:01 [main] DEBUG o.h.b.model.internal.AnnotatedColumn - Binding column: AnnotatedDiscriminatorColumn(column='DTYPE')
2026-02-25 13:50:01 [main] DEBUG o.h.b.model.internal.AnnotatedColumn - Binding column: AnnotatedColumn()
2026-02-25 13:50:01 [main] DEBUG o.h.b.internal.ClassLoaderAccessImpl - Not known whether passed class name [com.taskmanagement.entity.Goal] is safe
2026-02-25 13:50:01 [main] DEBUG o.h.b.internal.ClassLoaderAccessImpl - No temp ClassLoader provided; using live ClassLoader for loading potentially unsafe class : com.taskmanagement.entity.Goal
2026-02-25 13:50:01 [main] DEBUG o.h.b.model.internal.PropertyBinder - MetadataSourceProcessor property id with lazy=false
2026-02-25 13:50:01 [main] DEBUG o.h.b.m.i.AbstractPropertyHolder - Attempting to locate auto-apply AttributeConverter for property [com.taskmanagement.entity.Goal:id]
2026-02-25 13:50:01 [main] DEBUG o.h.b.m.internal.BasicValueBinder - building BasicValue for id
2026-02-25 13:50:01 [main] DEBUG org.hibernate.mapping.BasicValue - Skipping column re-registration: goals.id
2026-02-25 13:50:01 [main] DEBUG o.h.b.model.internal.PropertyBinder - Building property id
2026-02-25 13:50:01 [main] DEBUG o.h.boot.model.internal.BinderHelper - #makeIdGenerator(BasicValue([Column(id)]), id, identity, , ...)
2026-02-25 13:50:01 [main] DEBUG o.h.b.model.internal.AnnotatedColumn - Binding column: AnnotatedColumn(column='created_at')
2026-02-25 13:50:01 [main] DEBUG o.h.b.model.internal.PropertyBinder - MetadataSourceProcessor property createdAt with lazy=false
2026-02-25 13:50:01 [main] DEBUG o.h.b.m.i.AbstractPropertyHolder - Attempting to locate auto-apply AttributeConverter for property [com.taskmanagement.entity.Goal:createdAt]
2026-02-25 13:50:01 [main] DEBUG o.h.b.m.internal.BasicValueBinder - building BasicValue for createdAt
2026-02-25 13:50:01 [main] DEBUG org.hibernate.mapping.BasicValue - Skipping column re-registration: goals.created_at
2026-02-25 13:50:01 [main] DEBUG o.h.b.model.internal.PropertyBinder - Building property createdAt
2026-02-25 13:50:01 [main] DEBUG o.h.b.model.internal.AnnotatedColumn - Binding column: AnnotatedColumn(column='updated_at')
2026-02-25 13:50:01 [main] DEBUG o.h.b.model.internal.PropertyBinder - MetadataSourceProcessor property updatedAt with lazy=false
2026-02-25 13:50:01 [main] DEBUG o.h.b.m.i.AbstractPropertyHolder - Attempting to locate auto-apply AttributeConverter for property [com.taskmanagement.entity.Goal:updatedAt]
2026-02-25 13:50:01 [main] DEBUG o.h.b.m.internal.BasicValueBinder - building BasicValue for updatedAt
2026-02-25 13:50:01 [main] DEBUG org.hibernate.mapping.BasicValue - Skipping column re-registration: goals.updated_at
2026-02-25 13:50:01 [main] DEBUG o.h.b.model.internal.PropertyBinder - Building property updatedAt
2026-02-25 13:50:01 [main] DEBUG o.h.b.model.internal.AnnotatedColumn - Binding column: AnnotatedColumn(column='completion_date')
2026-02-25 13:50:01 [main] DEBUG o.h.b.model.internal.PropertyBinder - MetadataSourceProcessor property completionDate with lazy=false
2026-02-25 13:50:01 [main] DEBUG o.h.b.m.i.AbstractPropertyHolder - Attempting to locate auto-apply AttributeConverter for property [com.taskmanagement.entity.Goal:completionDate]
2026-02-25 13:50:01 [main] DEBUG o.h.b.m.internal.BasicValueBinder - building BasicValue for completionDate
2026-02-25 13:50:01 [main] DEBUG org.hibernate.mapping.BasicValue - Skipping column re-registration: goals.completion_date
2026-02-25 13:50:01 [main] DEBUG o.h.b.model.internal.PropertyBinder - Building property completionDate
2026-02-25 13:50:01 [main] DEBUG o.h.b.model.internal.AnnotatedColumn - Binding column: AnnotatedColumn()
2026-02-25 13:50:01 [main] DEBUG o.h.b.model.internal.PropertyBinder - MetadataSourceProcessor property description with lazy=false
2026-02-25 13:50:01 [main] DEBUG o.h.b.m.i.AbstractPropertyHolder - Attempting to locate auto-apply AttributeConverter for property [com.taskmanagement.entity.Goal:description]
2026-02-25 13:50:01 [main] DEBUG o.h.b.m.internal.BasicValueBinder - building BasicValue for description
2026-02-25 13:50:01 [main] DEBUG org.hibernate.mapping.BasicValue - Skipping column re-registration: goals.description
2026-02-25 13:50:01 [main] DEBUG o.h.b.model.internal.PropertyBinder - Building property description
2026-02-25 13:50:01 [main] DEBUG o.h.b.model.internal.AnnotatedColumn - Binding column: AnnotatedColumn()
2026-02-25 13:50:01 [main] DEBUG o.h.b.model.internal.PropertyBinder - MetadataSourceProcessor property priority with lazy=false
2026-02-25 13:50:01 [main] DEBUG o.h.b.m.i.AbstractPropertyHolder - Attempting to locate auto-apply AttributeConverter for property [com.taskmanagement.entity.Goal:priority]
2026-02-25 13:50:01 [main] DEBUG o.h.b.m.internal.BasicValueBinder - building BasicValue for priority
2026-02-25 13:50:01 [main] DEBUG org.hibernate.mapping.BasicValue - Skipping column re-registration: goals.priority
2026-02-25 13:50:01 [main] DEBUG o.h.b.model.internal.PropertyBinder - Building property priority
2026-02-25 13:50:01 [main] DEBUG o.h.b.model.internal.AnnotatedColumn - Binding column: AnnotatedColumn(column='progress_percentage')
2026-02-25 13:50:01 [main] DEBUG o.h.b.model.internal.PropertyBinder - MetadataSourceProcessor property progressPercentage with lazy=false
2026-02-25 13:50:01 [main] DEBUG o.h.b.m.i.AbstractPropertyHolder - Attempting to locate auto-apply AttributeConverter for property [com.taskmanagement.entity.Goal:progressPercentage]
2026-02-25 13:50:01 [main] DEBUG o.h.b.m.internal.BasicValueBinder - building BasicValue for progressPercentage
2026-02-25 13:50:01 [main] DEBUG org.hibernate.mapping.BasicValue - Skipping column re-registration: goals.progress_percentage
2026-02-25 13:50:01 [main] DEBUG o.h.b.model.internal.PropertyBinder - Building property progressPercentage
2026-02-25 13:50:01 [main] DEBUG o.h.b.model.internal.AnnotatedColumn - Binding column: AnnotatedColumn()
2026-02-25 13:50:01 [main] DEBUG o.h.b.model.internal.PropertyBinder - MetadataSourceProcessor property status with lazy=false
2026-02-25 13:50:01 [main] DEBUG o.h.b.m.i.AbstractPropertyHolder - Attempting to locate auto-apply AttributeConverter for property [com.taskmanagement.entity.Goal:status]
2026-02-25 13:50:01 [main] DEBUG o.h.b.m.internal.BasicValueBinder - building BasicValue for status
2026-02-25 13:50:01 [main] DEBUG org.hibernate.mapping.BasicValue - Skipping column re-registration: goals.status
2026-02-25 13:50:01 [main] DEBUG o.h.b.model.internal.PropertyBinder - Building property status
2026-02-25 13:50:01 [main] DEBUG o.h.b.model.internal.AnnotatedColumn - Binding column: AnnotatedColumn(column='target_date')
2026-02-25 13:50:01 [main] DEBUG o.h.b.model.internal.PropertyBinder - MetadataSourceProcessor property targetDate with lazy=false
2026-02-25 13:50:01 [main] DEBUG o.h.b.m.i.AbstractPropertyHolder - Attempting to locate auto-apply AttributeConverter for property [com.taskmanagement.entity.Goal:targetDate]
2026-02-25 13:50:01 [main] DEBUG o.h.b.m.internal.BasicValueBinder - building BasicValue for targetDate
2026-02-25 13:50:01 [main] DEBUG org.hibernate.mapping.BasicValue - Skipping column re-registration: goals.target_date
2026-02-25 13:50:01 [main] DEBUG o.h.b.model.internal.PropertyBinder - Building property targetDate
2026-02-25 13:50:01 [main] DEBUG o.h.b.model.internal.AnnotatedColumn - Binding column: AnnotatedJoinColumn()
2026-02-25 13:50:01 [main] DEBUG o.h.b.model.internal.AnnotatedColumn - Binding column: AnnotatedColumn()
2026-02-25 13:50:01 [main] DEBUG o.h.b.model.internal.AnnotatedColumn - Binding column: IndexColumn(column='tasks_ORDER')
2026-02-25 13:50:01 [main] DEBUG o.h.b.model.internal.AnnotatedColumn - Binding column: AnnotatedColumn()
2026-02-25 13:50:01 [main] DEBUG o.h.b.model.internal.AnnotatedColumn - Binding column: AnnotatedColumn(column='tasks_KEY')
2026-02-25 13:50:01 [main] DEBUG o.h.b.model.internal.AnnotatedColumn - Binding column: AnnotatedJoinColumn(column='tasks_KEY')
2026-02-25 13:50:01 [main] DEBUG o.h.b.model.internal.AnnotatedColumn - Binding column: AnnotatedJoinColumn()
2026-02-25 13:50:01 [main] DEBUG o.h.b.model.internal.AnnotatedColumn - Binding column: AnnotatedJoinColumn()
2026-02-25 13:50:01 [main] DEBUG o.h.b.m.internal.CollectionBinder - Collection role: com.taskmanagement.entity.Goal.tasks
2026-02-25 13:50:01 [main] DEBUG o.h.b.model.internal.PropertyBinder - Building property tasks
2026-02-25 13:50:01 [main] DEBUG o.h.b.model.internal.AnnotatedColumn - Binding column: AnnotatedColumn()
2026-02-25 13:50:01 [main] DEBUG o.h.b.model.internal.PropertyBinder - MetadataSourceProcessor property title with lazy=false
2026-02-25 13:50:01 [main] DEBUG o.h.b.m.i.AbstractPropertyHolder - Attempting to locate auto-apply AttributeConverter for property [com.taskmanagement.entity.Goal:title]
2026-02-25 13:50:01 [main] DEBUG o.h.b.m.internal.BasicValueBinder - building BasicValue for title
2026-02-25 13:50:01 [main] DEBUG org.hibernate.mapping.BasicValue - Skipping column re-registration: goals.title
2026-02-25 13:50:01 [main] DEBUG o.h.b.model.internal.PropertyBinder - Building property title
2026-02-25 13:50:01 [main] DEBUG o.h.b.model.internal.AnnotatedColumn - Binding column: AnnotatedColumn(column='user_id')
2026-02-25 13:50:01 [main] DEBUG o.h.b.model.internal.PropertyBinder - MetadataSourceProcessor property userId with lazy=false
2026-02-25 13:50:01 [main] DEBUG o.h.b.m.i.AbstractPropertyHolder - Attempting to locate auto-apply AttributeConverter for property [com.taskmanagement.entity.Goal:userId]
2026-02-25 13:50:01 [main] DEBUG o.h.b.m.internal.BasicValueBinder - building BasicValue for userId
2026-02-25 13:50:01 [main] DEBUG org.hibernate.mapping.BasicValue - Skipping column re-registration: goals.user_id
2026-02-25 13:50:01 [main] DEBUG o.h.b.model.internal.PropertyBinder - Building property userId
2026-02-25 13:50:01 [main] DEBUG o.h.b.r.c.i.ClassLoaderServiceImpl - HHH000194: Package not found or wo package-info.java: com.taskmanagement.entity
2026-02-25 13:50:01 [main] DEBUG o.h.j.e.i.CallbackDefinitionResolverLegacyImpl - Adding touchForUpdate as PreUpdate callback for entity com.taskmanagement.entity.Goal
2026-02-25 13:50:01 [main] DEBUG o.h.j.e.i.CallbackDefinitionResolverLegacyImpl - Adding touchForCreate as PrePersist callback for entity com.taskmanagement.entity.Goal
2026-02-25 13:50:01 [main] DEBUG o.h.boot.model.internal.EntityBinder - Binding entity from annotated class: com.taskmanagement.entity.Task
2026-02-25 13:50:01 [main] DEBUG o.h.boot.model.internal.EntityBinder - Import with entity name Task
2026-02-25 13:50:01 [main] DEBUG o.h.boot.model.internal.EntityBinder - Bind entity com.taskmanagement.entity.Task on table tasks
2026-02-25 13:50:01 [main] DEBUG o.h.b.model.internal.AnnotatedColumn - Binding column: AnnotatedDiscriminatorColumn(column='DTYPE')
2026-02-25 13:50:01 [main] DEBUG o.h.b.model.internal.AnnotatedColumn - Binding column: AnnotatedColumn()
2026-02-25 13:50:01 [main] DEBUG o.h.b.internal.ClassLoaderAccessImpl - Not known whether passed class name [com.taskmanagement.entity.Task] is safe
2026-02-25 13:50:01 [main] DEBUG o.h.b.internal.ClassLoaderAccessImpl - No temp ClassLoader provided; using live ClassLoader for loading potentially unsafe class : com.taskmanagement.entity.Task
2026-02-25 13:50:01 [main] DEBUG o.h.b.model.internal.PropertyBinder - MetadataSourceProcessor property id with lazy=false
2026-02-25 13:50:01 [main] DEBUG o.h.b.m.i.AbstractPropertyHolder - Attempting to locate auto-apply AttributeConverter for property [com.taskmanagement.entity.Task:id]
2026-02-25 13:50:01 [main] DEBUG o.h.b.m.internal.BasicValueBinder - building BasicValue for id
2026-02-25 13:50:01 [main] DEBUG org.hibernate.mapping.BasicValue - Skipping column re-registration: tasks.id
2026-02-25 13:50:01 [main] DEBUG o.h.b.model.internal.PropertyBinder - Building property id
2026-02-25 13:50:01 [main] DEBUG o.h.boot.model.internal.BinderHelper - #makeIdGenerator(BasicValue([Column(id)]), id, identity, , ...)
2026-02-25 13:50:01 [main] DEBUG o.h.b.model.internal.AnnotatedColumn - Binding column: AnnotatedColumn(column='created_at')
2026-02-25 13:50:01 [main] DEBUG o.h.b.model.internal.PropertyBinder - MetadataSourceProcessor property createdAt with lazy=false
2026-02-25 13:50:01 [main] DEBUG o.h.b.m.i.AbstractPropertyHolder - Attempting to locate auto-apply AttributeConverter for property [com.taskmanagement.entity.Task:createdAt]
2026-02-25 13:50:01 [main] DEBUG o.h.b.m.internal.BasicValueBinder - building BasicValue for createdAt
2026-02-25 13:50:01 [main] DEBUG org.hibernate.mapping.BasicValue - Skipping column re-registration: tasks.created_at
2026-02-25 13:50:01 [main] DEBUG o.h.b.model.internal.PropertyBinder - Building property createdAt
2026-02-25 13:50:01 [main] DEBUG o.h.b.model.internal.AnnotatedColumn - Binding column: AnnotatedColumn(column='updated_at')
2026-02-25 13:50:01 [main] DEBUG o.h.b.model.internal.PropertyBinder - MetadataSourceProcessor property updatedAt with lazy=false
2026-02-25 13:50:01 [main] DEBUG o.h.b.m.i.AbstractPropertyHolder - Attempting to locate auto-apply AttributeConverter for property [com.taskmanagement.entity.Task:updatedAt]
2026-02-25 13:50:01 [main] DEBUG o.h.b.m.internal.BasicValueBinder - building BasicValue for updatedAt
2026-02-25 13:50:01 [main] DEBUG org.hibernate.mapping.BasicValue - Skipping column re-registration: tasks.updated_at
2026-02-25 13:50:01 [main] DEBUG o.h.b.model.internal.PropertyBinder - Building property updatedAt
2026-02-25 13:50:01 [main] DEBUG o.h.b.model.internal.AnnotatedColumn - Binding column: AnnotatedColumn(column='actual_hours')
2026-02-25 13:50:01 [main] DEBUG o.h.b.model.internal.PropertyBinder - MetadataSourceProcessor property actualHours with lazy=false
2026-02-25 13:50:01 [main] DEBUG o.h.b.m.i.AbstractPropertyHolder - Attempting to locate auto-apply AttributeConverter for property [com.taskmanagement.entity.Task:actualHours]
2026-02-25 13:50:01 [main] DEBUG o.h.b.m.internal.BasicValueBinder - building BasicValue for actualHours
2026-02-25 13:50:01 [main] DEBUG org.hibernate.mapping.BasicValue - Skipping column re-registration: tasks.actual_hours
2026-02-25 13:50:01 [main] DEBUG o.h.b.model.internal.PropertyBinder - Building property actualHours
2026-02-25 13:50:01 [main] DEBUG o.h.b.model.internal.AnnotatedColumn - Binding column: AnnotatedColumn(column='is_completed')
2026-02-25 13:50:01 [main] DEBUG o.h.b.model.internal.PropertyBinder - MetadataSourceProcessor property completed with lazy=false
2026-02-25 13:50:01 [main] DEBUG o.h.b.m.i.AbstractPropertyHolder - Attempting to locate auto-apply AttributeConverter for property [com.taskmanagement.entity.Task:completed]
2026-02-25 13:50:01 [main] DEBUG o.h.b.m.internal.BasicValueBinder - building BasicValue for completed
2026-02-25 13:50:01 [main] DEBUG org.hibernate.mapping.BasicValue - Skipping column re-registration: tasks.is_completed
2026-02-25 13:50:01 [main] DEBUG o.h.b.model.internal.PropertyBinder - Building property completed
2026-02-25 13:50:01 [main] DEBUG o.h.b.model.internal.AnnotatedColumn - Binding column: AnnotatedColumn(column='completed_at')
2026-02-25 13:50:01 [main] DEBUG o.h.b.model.internal.PropertyBinder - MetadataSourceProcessor property completedAt with lazy=false
2026-02-25 13:50:01 [main] DEBUG o.h.b.m.i.AbstractPropertyHolder - Attempting to locate auto-apply AttributeConverter for property [com.taskmanagement.entity.Task:completedAt]
2026-02-25 13:50:01 [main] DEBUG o.h.b.m.internal.BasicValueBinder - building BasicValue for completedAt
2026-02-25 13:50:01 [main] DEBUG org.hibernate.mapping.BasicValue - Skipping column re-registration: tasks.completed_at
2026-02-25 13:50:01 [main] DEBUG o.h.b.model.internal.PropertyBinder - Building property completedAt
2026-02-25 13:50:01 [main] DEBUG o.h.b.model.internal.AnnotatedColumn - Binding column: AnnotatedColumn()
2026-02-25 13:50:01 [main] DEBUG o.h.b.model.internal.PropertyBinder - MetadataSourceProcessor property description with lazy=false
2026-02-25 13:50:01 [main] DEBUG o.h.b.m.i.AbstractPropertyHolder - Attempting to locate auto-apply AttributeConverter for property [com.taskmanagement.entity.Task:description]
2026-02-25 13:50:01 [main] DEBUG o.h.b.m.internal.BasicValueBinder - building BasicValue for description
2026-02-25 13:50:01 [main] DEBUG org.hibernate.mapping.BasicValue - Skipping column re-registration: tasks.description
2026-02-25 13:50:01 [main] DEBUG o.h.b.model.internal.PropertyBinder - Building property description
2026-02-25 13:50:01 [main] DEBUG o.h.b.model.internal.AnnotatedColumn - Binding column: AnnotatedColumn(column='display_order')
2026-02-25 13:50:01 [main] DEBUG o.h.b.model.internal.PropertyBinder - MetadataSourceProcessor property displayOrder with lazy=false
2026-02-25 13:50:01 [main] DEBUG o.h.b.m.i.AbstractPropertyHolder - Attempting to locate auto-apply AttributeConverter for property [com.taskmanagement.entity.Task:displayOrder]
2026-02-25 13:50:01 [main] DEBUG o.h.b.m.internal.BasicValueBinder - building BasicValue for displayOrder
2026-02-25 13:50:01 [main] DEBUG org.hibernate.mapping.BasicValue - Skipping column re-registration: tasks.display_order
2026-02-25 13:50:01 [main] DEBUG o.h.b.model.internal.PropertyBinder - Building property displayOrder
2026-02-25 13:50:01 [main] DEBUG o.h.b.model.internal.AnnotatedColumn - Binding column: AnnotatedColumn(column='due_date')
2026-02-25 13:50:01 [main] DEBUG o.h.b.model.internal.PropertyBinder - MetadataSourceProcessor property dueDate with lazy=false
2026-02-25 13:50:01 [main] DEBUG o.h.b.m.i.AbstractPropertyHolder - Attempting to locate auto-apply AttributeConverter for property [com.taskmanagement.entity.Task:dueDate]
2026-02-25 13:50:01 [main] DEBUG o.h.b.m.internal.BasicValueBinder - building BasicValue for dueDate
2026-02-25 13:50:01 [main] DEBUG org.hibernate.mapping.BasicValue - Skipping column re-registration: tasks.due_date
2026-02-25 13:50:01 [main] DEBUG o.h.b.model.internal.PropertyBinder - Building property dueDate
2026-02-25 13:50:01 [main] DEBUG o.h.b.model.internal.AnnotatedColumn - Binding column: AnnotatedColumn(column='estimated_hours')
2026-02-25 13:50:01 [main] DEBUG o.h.b.model.internal.PropertyBinder - MetadataSourceProcessor property estimatedHours with lazy=false
2026-02-25 13:50:01 [main] DEBUG o.h.b.m.i.AbstractPropertyHolder - Attempting to locate auto-apply AttributeConverter for property [com.taskmanagement.entity.Task:estimatedHours]
2026-02-25 13:50:01 [main] DEBUG o.h.b.m.internal.BasicValueBinder - building BasicValue for estimatedHours
2026-02-25 13:50:01 [main] DEBUG org.hibernate.mapping.BasicValue - Skipping column re-registration: tasks.estimated_hours
2026-02-25 13:50:01 [main] DEBUG o.h.b.model.internal.PropertyBinder - Building property estimatedHours
2026-02-25 13:50:01 [main] DEBUG o.h.b.model.internal.AnnotatedColumn - Binding column: AnnotatedJoinColumn(column='goal_id')
2026-02-25 13:50:01 [main] DEBUG o.h.b.model.internal.AnnotatedColumn - Binding column: AnnotatedColumn()
2026-02-25 13:50:01 [main] DEBUG o.h.b.model.internal.PropertyBinder - Building property goal
2026-02-25 13:50:01 [main] DEBUG o.h.b.model.internal.AnnotatedColumn - Binding column: AnnotatedColumn()
2026-02-25 13:50:01 [main] DEBUG o.h.b.model.internal.PropertyBinder - MetadataSourceProcessor property priority with lazy=false
2026-02-25 13:50:01 [main] DEBUG o.h.b.m.i.AbstractPropertyHolder - Attempting to locate auto-apply AttributeConverter for property [com.taskmanagement.entity.Task:priority]
2026-02-25 13:50:01 [main] DEBUG o.h.b.m.internal.BasicValueBinder - building BasicValue for priority
2026-02-25 13:50:01 [main] DEBUG org.hibernate.mapping.BasicValue - Skipping column re-registration: tasks.priority
2026-02-25 13:50:01 [main] DEBUG o.h.b.model.internal.PropertyBinder - Building property priority
2026-02-25 13:50:01 [main] DEBUG o.h.b.model.internal.AnnotatedColumn - Binding column: AnnotatedColumn()
2026-02-25 13:50:01 [main] DEBUG o.h.b.model.internal.PropertyBinder - MetadataSourceProcessor property status with lazy=false
2026-02-25 13:50:01 [main] DEBUG o.h.b.m.i.AbstractPropertyHolder - Attempting to locate auto-apply AttributeConverter for property [com.taskmanagement.entity.Task:status]
2026-02-25 13:50:01 [main] DEBUG o.h.b.m.internal.BasicValueBinder - building BasicValue for status
2026-02-25 13:50:01 [main] DEBUG org.hibernate.mapping.BasicValue - Skipping column re-registration: tasks.status
2026-02-25 13:50:01 [main] DEBUG o.h.b.model.internal.PropertyBinder - Building property status
2026-02-25 13:50:01 [main] DEBUG o.h.b.model.internal.AnnotatedColumn - Binding column: AnnotatedColumn()
2026-02-25 13:50:01 [main] DEBUG o.h.b.model.internal.PropertyBinder - MetadataSourceProcessor property title with lazy=false
2026-02-25 13:50:01 [main] DEBUG o.h.b.m.i.AbstractPropertyHolder - Attempting to locate auto-apply AttributeConverter for property [com.taskmanagement.entity.Task:title]
2026-02-25 13:50:01 [main] DEBUG o.h.b.m.internal.BasicValueBinder - building BasicValue for title
2026-02-25 13:50:01 [main] DEBUG org.hibernate.mapping.BasicValue - Skipping column re-registration: tasks.title
2026-02-25 13:50:01 [main] DEBUG o.h.b.model.internal.PropertyBinder - Building property title
2026-02-25 13:50:01 [main] DEBUG o.h.b.r.c.i.ClassLoaderServiceImpl - HHH000194: Package not found or wo package-info.java: com.taskmanagement.entity
2026-02-25 13:50:01 [main] DEBUG o.h.j.e.i.CallbackDefinitionResolverLegacyImpl - Adding touchForUpdate as PreUpdate callback for entity com.taskmanagement.entity.Task
2026-02-25 13:50:01 [main] DEBUG o.h.j.e.i.CallbackDefinitionResolverLegacyImpl - Adding touchForCreate as PrePersist callback for entity com.taskmanagement.entity.Task
2026-02-25 13:50:01 [main] DEBUG o.h.b.m.internal.BasicValueBinder - Starting `BasicValueBinder#fillSimpleValue` for id
2026-02-25 13:50:01 [main] DEBUG o.h.b.m.internal.BasicValueBinder - Starting `BasicValueBinder#fillSimpleValue` for createdAt
2026-02-25 13:50:01 [main] DEBUG o.h.b.m.internal.BasicValueBinder - Starting `BasicValueBinder#fillSimpleValue` for updatedAt
2026-02-25 13:50:01 [main] DEBUG o.h.b.m.internal.BasicValueBinder - Starting `BasicValueBinder#fillSimpleValue` for completionDate
2026-02-25 13:50:01 [main] DEBUG o.h.b.m.internal.BasicValueBinder - Starting `BasicValueBinder#fillSimpleValue` for description
2026-02-25 13:50:01 [main] DEBUG o.h.b.m.internal.BasicValueBinder - Starting `BasicValueBinder#fillSimpleValue` for priority
2026-02-25 13:50:01 [main] DEBUG o.h.b.m.internal.BasicValueBinder - Starting `BasicValueBinder#fillSimpleValue` for progressPercentage
2026-02-25 13:50:01 [main] DEBUG o.h.b.m.internal.BasicValueBinder - Starting `BasicValueBinder#fillSimpleValue` for status
2026-02-25 13:50:01 [main] DEBUG o.h.b.m.internal.BasicValueBinder - Starting `BasicValueBinder#fillSimpleValue` for targetDate
2026-02-25 13:50:01 [main] DEBUG o.h.b.m.internal.BasicValueBinder - Starting `BasicValueBinder#fillSimpleValue` for title
2026-02-25 13:50:01 [main] DEBUG o.h.b.m.internal.BasicValueBinder - Starting `BasicValueBinder#fillSimpleValue` for userId
2026-02-25 13:50:01 [main] DEBUG o.h.b.m.internal.BasicValueBinder - Starting `BasicValueBinder#fillSimpleValue` for id
2026-02-25 13:50:01 [main] DEBUG o.h.b.m.internal.BasicValueBinder - Starting `BasicValueBinder#fillSimpleValue` for createdAt
2026-02-25 13:50:01 [main] DEBUG o.h.b.m.internal.BasicValueBinder - Starting `BasicValueBinder#fillSimpleValue` for updatedAt
2026-02-25 13:50:01 [main] DEBUG o.h.b.m.internal.BasicValueBinder - Starting `BasicValueBinder#fillSimpleValue` for actualHours
2026-02-25 13:50:01 [main] DEBUG o.h.b.m.internal.BasicValueBinder - Starting `BasicValueBinder#fillSimpleValue` for completed
2026-02-25 13:50:01 [main] DEBUG o.h.b.m.internal.BasicValueBinder - Starting `BasicValueBinder#fillSimpleValue` for completedAt
2026-02-25 13:50:01 [main] DEBUG o.h.b.m.internal.BasicValueBinder - Starting `BasicValueBinder#fillSimpleValue` for description
2026-02-25 13:50:01 [main] DEBUG o.h.b.m.internal.BasicValueBinder - Starting `BasicValueBinder#fillSimpleValue` for displayOrder
2026-02-25 13:50:01 [main] DEBUG o.h.b.m.internal.BasicValueBinder - Starting `BasicValueBinder#fillSimpleValue` for dueDate
2026-02-25 13:50:01 [main] DEBUG o.h.b.m.internal.BasicValueBinder - Starting `BasicValueBinder#fillSimpleValue` for estimatedHours
2026-02-25 13:50:01 [main] DEBUG o.h.b.m.internal.BasicValueBinder - Starting `BasicValueBinder#fillSimpleValue` for priority
2026-02-25 13:50:01 [main] DEBUG o.h.b.m.internal.BasicValueBinder - Starting `BasicValueBinder#fillSimpleValue` for status
2026-02-25 13:50:01 [main] DEBUG o.h.b.m.internal.BasicValueBinder - Starting `BasicValueBinder#fillSimpleValue` for title
2026-02-25 13:50:01 [main] DEBUG org.hibernate.mapping.PrimaryKey - Forcing column [id] to be non-null as it is part of the primary key for table [goals]
2026-02-25 13:50:01 [main] DEBUG org.hibernate.mapping.PrimaryKey - Forcing column [id] to be non-null as it is part of the primary key for table [tasks]
2026-02-25 13:50:01 [main] DEBUG o.h.b.m.i.CollectionSecondPass - Second pass for collection: com.taskmanagement.entity.Goal.tasks
2026-02-25 13:50:01 [main] DEBUG o.h.b.m.internal.CollectionBinder - Binding a OneToMany: com.taskmanagement.entity.Goal.tasks through a foreign key
2026-02-25 13:50:01 [main] DEBUG o.h.b.m.internal.CollectionBinder - Mapping collection: com.taskmanagement.entity.Goal.tasks -> tasks
2026-02-25 13:50:01 [main] DEBUG o.h.boot.model.internal.TableBinder - Retrieving property com.taskmanagement.entity.Task.goal
2026-02-25 13:50:01 [main] DEBUG o.h.b.m.i.CollectionSecondPass - Mapped collection key: goal_id, one-to-many: com.taskmanagement.entity.Task
2026-02-25 13:50:01 [main] DEBUG o.h.b.i.InFlightMetadataCollectorImpl - Resolving reference to class: com.taskmanagement.entity.Goal
2026-02-25 13:50:01 [main] DEBUG o.h.b.i.InFlightMetadataCollectorImpl - Resolving reference to class: com.taskmanagement.entity.Goal
2026-02-25 13:50:01 [main] DEBUG o.h.internal.SessionFactoryImpl - Building session factory
2026-02-25 13:50:01 [main] DEBUG o.h.s.i.SessionFactoryServiceRegistryImpl - EventListenerRegistry access via ServiceRegistry is deprecated.  Use `sessionFactory.getEventEngine().getListenerRegistry()` instead
2026-02-25 13:50:01 [main] DEBUG o.h.internal.SessionFactoryImpl - Instantiating SessionFactory with settings: {hibernate.format_sql=true, java.specification.version=17, sun.cpu.isalist=amd64, hibernate.resource.beans.container=org.springframework.orm.hibernate5.SpringBeanContainer@24955144, sun.jnu.encoding=Cp1252, hibernate.implicit_naming_strategy=org.springframework.boot.orm.jpa.hibernate.SpringImplicitNamingStrategy, sun.arch.data.model=64, java.vendor.url=https://www.microsoft.com, catalina.useNaming=false, hibernate.order_updates=true, hibernate.jdbc.batch_size=50, sun.boot.library.path=C:\Users\akathirgamana\.jdks\ms-17.0.18\bin, sun.java.command=com.taskmanagement.TaskManagementServiceApplication, jdk.debug=release, spring.liveBeansView.mbeanDomain=, java.specification.vendor=Oracle Corporation, java.version.date=2026-01-20, java.home=C:\Users\akathirgamana\.jdks\ms-17.0.18, file.separator=\, java.vm.compressedOopsMode=Zero based, line.separator=
, hibernate.persistenceUnitName=default, java.vm.specification.vendor=Oracle Corporation, java.specification.name=Java Platform API Specification, hibernate.transaction.coordinator_class=class org.hibernate.resource.transaction.backend.jdbc.internal.JdbcResourceLocalTransactionCoordinatorBuilderImpl, hibernate.hbm2ddl.auto=create-drop, user.script=, sun.management.compiler=HotSpot 64-Bit Tiered Compilers, java.runtime.version=17.0.18+8-LTS, user.name=akathirgamana, management.endpoints.jmx.exposure.include=*, file.encoding=UTF-8, FILE_LOG_PATTERN=%d{yyyy-MM-dd HH:mm:ss} [%thread] %-5level %logger{36} - %msg%n, java.vendor.version=Microsoft-13106358, java.io.tmpdir=C:\Users\AKATHI~1\AppData\Local\Temp\, com.zaxxer.hikari.pool_number=1, java.version=17.0.18, java.vm.specification.name=Java Virtual Machine Specification, PID=9980, sun.os.patch.level=, CONSOLE_LOG_CHARSET=UTF-8, LOGBACK_ROLLINGPOLICY_MAX_HISTORY=30, native.encoding=Cp1252, java.library.path=C:\Users\akathirgamana\.jdks\ms-17.0.18\bin;C:\Windows\Sun\Java\bin;C:\Windows\system32;C:\Windows;C:\Program Files\Eclipse Adoptium\jdk-21.0.8.9-hotspot\bin;C:\Program Files (x86)\Common Files\Oracle\Java\java8path;C:\Program Files (x86)\Common Files\Oracle\Java\javapath;C:\Python312\Scripts\;C:\Python312\;C:\Program Files\Microsoft SDKs\Azure\CLI2\wbin;C:\Windows\system32;C:\Windows;C:\Windows\System32\Wbem;C:\Windows\System32\WindowsPowerShell\v1.0\;C:\Windows\System32\OpenSSH\;C:\ProgramData\chocolatey\bin;C:\Users\akathirgamana\.jdks\temurin-21.0.5\bin;C:\Program Files\7-Zip\7z.exe;C:\Program Files\7-Zip\7zip.exe;C:\Users\akathirgamana\scoop\apps\patch\current\bin;C:\Users\akathirgamana\AppData\Local\nvm;C:\nvm4w\nodejs;C:\Program Files\PuTTY\;C:\Program Files\Docker\Docker\resources\bin;C:\Program Files\nodejs\;C:\Users\ladmin8302\AppData\Roaming\npm;C:\Users\akathirgamana\scoop\shims;C:\Program Files\Java\jdk-23\bin;C:\Users\akathirgamana\AppData\Local\Microsoft\WindowsApps;C:\Users\akathirgamana\AppData\Local\JetBrains\Toolbox\scripts;C:\Users\akathirgamana\AppData\Local\Programs\Git\cmd;., java.vendor=Microsoft, java.specification.maintenance.version=1, java.rmi.server.randomIDs=true, sun.io.unicode.encoding=UnicodeLittle, hibernate.archive.scanner=org.hibernate.boot.archive.scan.internal.DisabledScanner, CONSOLE_LOG_PATTERN=%d{yyyy-MM-dd HH:mm:ss} - %msg%n, LOGGED_APPLICATION_NAME=[task-management-service] , hibernate.connection.handling_mode=DELAYED_ACQUISITION_AND_HOLD, hibernate.dialect=org.hibernate.dialect.H2Dialect, java.class.path=C:\Users\akathirgamana\IdeaProjects\X-Maxxing-Microservices\task-management-service\target\classes;C:\Users\akathirgamana\.m2\repository\org\springframework\boot\spring-boot-starter-web\3.2.5\spring-boot-starter-web-3.2.5.jar;C:\Users\akathirgamana\.m2\repository\org\springframework\boot\spring-boot-starter\3.2.5\spring-boot-starter-3.2.5.jar;C:\Users\akathirgamana\.m2\repository\org\springframework\boot\spring-boot\3.2.5\spring-boot-3.2.5.jar;C:\Users\akathirgamana\.m2\repository\org\springframework\boot\spring-boot-autoconfigure\3.2.5\spring-boot-autoconfigure-3.2.5.jar;C:\Users\akathirgamana\.m2\repository\org\springframework\boot\spring-boot-starter-logging\3.2.5\spring-boot-starter-logging-3.2.5.jar;C:\Users\akathirgamana\.m2\repository\ch\qos\logback\logback-classic\1.4.14\logback-classic-1.4.14.jar;C:\Users\akathirgamana\.m2\repository\ch\qos\logback\logback-core\1.4.14\logback-core-1.4.14.jar;C:\Users\akathirgamana\.m2\repository\org\apache\logging\log4j\log4j-to-slf4j\2.21.1\log4j-to-slf4j-2.21.1.jar;C:\Users\akathirgamana\.m2\repository\org\apache\logging\log4j\log4j-api\2.21.1\log4j-api-2.21.1.jar;C:\Users\akathirgamana\.m2\repository\org\slf4j\jul-to-slf4j\2.0.13\jul-to-slf4j-2.0.13.jar;C:\Users\akathirgamana\.m2\repository\jakarta\annotation\jakarta.annotation-api\2.1.1\jakarta.annotation-api-2.1.1.jar;C:\Users\akathirgamana\.m2\repository\org\yaml\snakeyaml\2.2\snakeyaml-2.2.jar;C:\Users\akathirgamana\.m2\repository\org\springframework\boot\spring-boot-starter-json\3.2.5\spring-boot-starter-json-3.2.5.jar;C:\Users\akathirgamana\.m2\repository\com\fasterxml\jackson\core\jackson-databind\2.15.4\jackson-databind-2.15.4.jar;C:\Users\akathirgamana\.m2\repository\com\fasterxml\jackson\core\jackson-annotations\2.15.4\jackson-annotations-2.15.4.jar;C:\Users\akathirgamana\.m2\repository\com\fasterxml\jackson\core\jackson-core\2.15.4\jackson-core-2.15.4.jar;C:\Users\akathirgamana\.m2\repository\com\fasterxml\jackson\datatype\jackson-datatype-jdk8\2.15.4\jackson-datatype-jdk8-2.15.4.jar;C:\Users\akathirgamana\.m2\repository\com\fasterxml\jackson\datatype\jackson-datatype-jsr310\2.15.4\jackson-datatype-jsr310-2.15.4.jar;C:\Users\akathirgamana\.m2\repository\com\fasterxml\jackson\module\jackson-module-parameter-names\2.15.4\jackson-module-parameter-names-2.15.4.jar;C:\Users\akathirgamana\.m2\repository\org\springframework\boot\spring-boot-starter-tomcat\3.2.5\spring-boot-starter-tomcat-3.2.5.jar;C:\Users\akathirgamana\.m2\repository\org\apache\tomcat\embed\tomcat-embed-core\10.1.20\tomcat-embed-core-10.1.20.jar;C:\Users\akathirgamana\.m2\repository\org\apache\tomcat\embed\tomcat-embed-websocket\10.1.20\tomcat-embed-websocket-10.1.20.jar;C:\Users\akathirgamana\.m2\repository\org\springframework\spring-web\6.1.6\spring-web-6.1.6.jar;C:\Users\akathirgamana\.m2\repository\org\springframework\spring-beans\6.1.6\spring-beans-6.1.6.jar;C:\Users\akathirgamana\.m2\repository\io\micrometer\micrometer-observation\1.12.5\micrometer-observation-1.12.5.jar;C:\Users\akathirgamana\.m2\repository\io\micrometer\micrometer-commons\1.12.5\micrometer-commons-1.12.5.jar;C:\Users\akathirgamana\.m2\repository\org\springframework\spring-webmvc\6.1.6\spring-webmvc-6.1.6.jar;C:\Users\akathirgamana\.m2\repository\org\springframework\spring-aop\6.1.6\spring-aop-6.1.6.jar;C:\Users\akathirgamana\.m2\repository\org\springframework\spring-context\6.1.6\spring-context-6.1.6.jar;C:\Users\akathirgamana\.m2\repository\org\springframework\spring-expression\6.1.6\spring-expression-6.1.6.jar;C:\Users\akathirgamana\.m2\repository\org\springframework\boot\spring-boot-starter-data-jpa\3.2.5\spring-boot-starter-data-jpa-3.2.5.jar;C:\Users\akathirgamana\.m2\repository\org\springframework\boot\spring-boot-starter-aop\3.2.5\spring-boot-starter-aop-3.2.5.jar;C:\Users\akathirgamana\.m2\repository\org\aspectj\aspectjweaver\1.9.22\aspectjweaver-1.9.22.jar;C:\Users\akathirgamana\.m2\repository\org\springframework\boot\spring-boot-starter-jdbc\3.2.5\spring-boot-starter-jdbc-3.2.5.jar;C:\Users\akathirgamana\.m2\repository\com\zaxxer\HikariCP\5.0.1\HikariCP-5.0.1.jar;C:\Users\akathirgamana\.m2\repository\org\springframework\spring-jdbc\6.1.6\spring-jdbc-6.1.6.jar;C:\Users\akathirgamana\.m2\repository\org\hibernate\orm\hibernate-core\6.4.4.Final\hibernate-core-6.4.4.Final.jar;C:\Users\akathirgamana\.m2\repository\jakarta\persistence\jakarta.persistence-api\3.1.0\jakarta.persistence-api-3.1.0.jar;C:\Users\akathirgamana\.m2\repository\jakarta\transaction\jakarta.transaction-api\2.0.1\jakarta.transaction-api-2.0.1.jar;C:\Users\akathirgamana\.m2\repository\org\jboss\logging\jboss-logging\3.5.3.Final\jboss-logging-3.5.3.Final.jar;C:\Users\akathirgamana\.m2\repository\org\hibernate\common\hibernate-commons-annotations\6.0.6.Final\hibernate-commons-annotations-6.0.6.Final.jar;C:\Users\akathirgamana\.m2\repository\io\smallrye\jandex\3.1.2\jandex-3.1.2.jar;C:\Users\akathirgamana\.m2\repository\com\fasterxml\classmate\1.6.0\classmate-1.6.0.jar;C:\Users\akathirgamana\.m2\repository\net\bytebuddy\byte-buddy\1.14.13\byte-buddy-1.14.13.jar;C:\Users\akathirgamana\.m2\repository\org\glassfish\jaxb\jaxb-runtime\4.0.5\jaxb-runtime-4.0.5.jar;C:\Users\akathirgamana\.m2\repository\org\glassfish\jaxb\jaxb-core\4.0.5\jaxb-core-4.0.5.jar;C:\Users\akathirgamana\.m2\repository\org\eclipse\angus\angus-activation\2.0.2\angus-activation-2.0.2.jar;C:\Users\akathirgamana\.m2\repository\org\glassfish\jaxb\txw2\4.0.5\txw2-4.0.5.jar;C:\Users\akathirgamana\.m2\repository\com\sun\istack\istack-commons-runtime\4.1.2\istack-commons-runtime-4.1.2.jar;C:\Users\akathirgamana\.m2\repository\jakarta\inject\jakarta.inject-api\2.0.1\jakarta.inject-api-2.0.1.jar;C:\Users\akathirgamana\.m2\repository\org\antlr\antlr4-runtime\4.13.0\antlr4-runtime-4.13.0.jar;C:\Users\akathirgamana\.m2\repository\org\springframework\data\spring-data-jpa\3.2.5\spring-data-jpa-3.2.5.jar;C:\Users\akathirgamana\.m2\repository\org\springframework\data\spring-data-commons\3.2.5\spring-data-commons-3.2.5.jar;C:\Users\akathirgamana\.m2\repository\org\springframework\spring-orm\6.1.6\spring-orm-6.1.6.jar;C:\Users\akathirgamana\.m2\repository\org\springframework\spring-tx\6.1.6\spring-tx-6.1.6.jar;C:\Users\akathirgamana\.m2\repository\org\slf4j\slf4j-api\2.0.13\slf4j-api-2.0.13.jar;C:\Users\akathirgamana\.m2\repository\org\springframework\spring-aspects\6.1.6\spring-aspects-6.1.6.jar;C:\Users\akathirgamana\.m2\repository\org\springframework\boot\spring-boot-starter-validation\3.2.5\spring-boot-starter-validation-3.2.5.jar;C:\Users\akathirgamana\.m2\repository\org\apache\tomcat\embed\tomcat-embed-el\10.1.20\tomcat-embed-el-10.1.20.jar;C:\Users\akathirgamana\.m2\repository\org\hibernate\validator\hibernate-validator\8.0.1.Final\hibernate-validator-8.0.1.Final.jar;C:\Users\akathirgamana\.m2\repository\jakarta\validation\jakarta.validation-api\3.0.2\jakarta.validation-api-3.0.2.jar;C:\Users\akathirgamana\.m2\repository\com\mysql\mysql-connector-j\8.3.0\mysql-connector-j-8.3.0.jar;C:\Users\akathirgamana\.m2\repository\com\h2database\h2\2.2.224\h2-2.2.224.jar;C:\Users\akathirgamana\.m2\repository\org\springdoc\springdoc-openapi-starter-webmvc-ui\2.5.0\springdoc-openapi-starter-webmvc-ui-2.5.0.jar;C:\Users\akathirgamana\.m2\repository\org\springdoc\springdoc-openapi-starter-webmvc-api\2.5.0\springdoc-openapi-starter-webmvc-api-2.5.0.jar;C:\Users\akathirgamana\.m2\repository\org\springdoc\springdoc-openapi-starter-common\2.5.0\springdoc-openapi-starter-common-2.5.0.jar;C:\Users\akathirgamana\.m2\repository\io\swagger\core\v3\swagger-core-jakarta\2.2.21\swagger-core-jakarta-2.2.21.jar;C:\Users\akathirgamana\.m2\repository\org\apache\commons\commons-lang3\3.13.0\commons-lang3-3.13.0.jar;C:\Users\akathirgamana\.m2\repository\io\swagger\core\v3\swagger-annotations-jakarta\2.2.21\swagger-annotations-jakarta-2.2.21.jar;C:\Users\akathirgamana\.m2\repository\io\swagger\core\v3\swagger-models-jakarta\2.2.21\swagger-models-jakarta-2.2.21.jar;C:\Users\akathirgamana\.m2\repository\com\fasterxml\jackson\dataformat\jackson-dataformat-yaml\2.15.4\jackson-dataformat-yaml-2.15.4.jar;C:\Users\akathirgamana\.m2\repository\org\webjars\swagger-ui\5.13.0\swagger-ui-5.13.0.jar;C:\Users\akathirgamana\.m2\repository\org\mapstruct\mapstruct\1.5.5.Final\mapstruct-1.5.5.Final.jar;C:\Users\akathirgamana\.m2\repository\org\projectlombok\lombok\1.18.34\lombok-1.18.34.jar;C:\Users\akathirgamana\.m2\repository\jakarta\xml\bind\jakarta.xml.bind-api\4.0.2\jakarta.xml.bind-api-4.0.2.jar;C:\Users\akathirgamana\.m2\repository\jakarta\activation\jakarta.activation-api\2.1.3\jakarta.activation-api-2.1.3.jar;C:\Users\akathirgamana\.m2\repository\org\springframework\spring-core\6.1.6\spring-core-6.1.6.jar;C:\Users\akathirgamana\.m2\repository\org\springframework\spring-jcl\6.1.6\spring-jcl-6.1.6.jar, LOGBACK_ROLLINGPOLICY_MAX_FILE_SIZE=10485760, java.vm.vendor=Microsoft, hibernate.order_inserts=true, user.variant=, user.timezone=Europe/Zurich, jakarta.persistence.sharedCache.mode=UNSPECIFIED, org.jboss.logging.provider=slf4j, java.vm.specification.version=17, os.name=Windows 11, jakarta.persistence.nonJtaDataSource=HikariDataSource (HikariPool-1), sun.java.launcher=SUN_STANDARD, user.country=US, spring.application.admin.enabled=true, javax.persistence.nonJtaDataSource=HikariDataSource (HikariPool-1), hibernate.transaction.jta.platform=org.hibernate.engine.transaction.jta.platform.internal.NoJtaPlatform@9d2af36, com.sun.management.jmxremote=, sun.cpu.endian=little, hibernate.cdi.extensions=true, user.home=C:\Users\akathirgamana, user.language=en, spring.profiles.active=dev, spring.output.ansi.enabled=always, FILE_LOG_CHARSET=UTF-8, java.awt.headless=true, jakarta.persistence.validation.mode=AUTO, spring.jmx.enabled=true, path.separator=;, os.version=10.0, java.runtime.name=OpenJDK Runtime Environment, java.vm.name=OpenJDK 64-Bit Server VM, hibernate.show_sql=true, LOG_FILE=logs/task-management-service.log, java.vendor.url.bug=https://github.com/microsoft/openjdk/issues, catalina.home=C:\Users\akathirgamana\AppData\Local\Temp\tomcat.8080.7144924650222734471, hibernate.physical_naming_strategy=org.hibernate.boot.model.naming.CamelCaseToUnderscoresNamingStrategy, user.dir=C:\Users\akathirgamana\IdeaProjects\X-Maxxing-Microservices, os.arch=amd64, catalina.base=C:\Users\akathirgamana\AppData\Local\Temp\tomcat.8080.7144924650222734471, hibernate.boot.CfgXmlAccessService.key=org.hibernate.boot.registry.StandardServiceRegistryBuilder$1@740ad32e, java.vm.info=mixed mode, emulated-client, sharing, java.vm.version=17.0.18+8-LTS, hibernate.connection.datasource=HikariDataSource (HikariPool-1), java.class.version=61.0}
2026-02-25 13:50:01 [main] DEBUG o.h.internal.SessionFactoryImpl - Session factory constructed with filter configurations : {}
2026-02-25 13:50:01 [main] DEBUG o.h.v.i.x.config.ValidationXmlParser - Trying to load META-INF/validation.xml for XML based Validator configuration.
2026-02-25 13:50:01 [main] DEBUG o.h.v.i.x.c.ResourceLoaderHelper - Trying to load META-INF/validation.xml via TCCL
2026-02-25 13:50:01 [main] DEBUG o.h.v.i.x.c.ResourceLoaderHelper - Trying to load META-INF/validation.xml via Hibernate Validator's class loader
2026-02-25 13:50:01 [main] DEBUG o.h.v.i.x.config.ValidationXmlParser - No META-INF/validation.xml found. Using annotation based configuration only.
2026-02-25 13:50:01 [main] DEBUG o.h.v.i.e.r.TraversableResolvers - Found jakarta.persistence.Persistence on classpath containing 'getPersistenceUtil'. Assuming JPA 2 environment. Trying to instantiate JPA aware TraversableResolver
2026-02-25 13:50:01 [main] DEBUG o.h.v.i.e.r.TraversableResolvers - Instantiated JPA aware TraversableResolver of type org.hibernate.validator.internal.engine.resolver.JPATraversableResolver.
2026-02-25 13:50:01 [main] DEBUG o.h.v.m.ResourceBundleMessageInterpolator - Loaded expression factory via original TCCL
2026-02-25 13:50:01 [main] DEBUG o.h.v.i.e.ValidatorFactoryConfigurationHelper - HV000252: Using org.hibernate.validator.internal.engine.DefaultPropertyNodeNameProvider as property node name provider.
2026-02-25 13:50:01 [main] DEBUG o.h.v.i.e.ValidatorFactoryConfigurationHelper - HV000234: Using org.hibernate.validator.messageinterpolation.ResourceBundleMessageInterpolator as ValidatorFactory-scoped message interpolator.
2026-02-25 13:50:01 [main] DEBUG o.h.v.i.e.ValidatorFactoryConfigurationHelper - HV000234: Using org.hibernate.validator.internal.engine.resolver.JPATraversableResolver as ValidatorFactory-scoped traversable resolver.
2026-02-25 13:50:01 [main] DEBUG o.h.v.i.e.ValidatorFactoryConfigurationHelper - HV000234: Using org.hibernate.validator.internal.util.ExecutableParameterNameProvider as ValidatorFactory-scoped parameter name provider.
2026-02-25 13:50:01 [main] DEBUG o.h.v.i.e.ValidatorFactoryConfigurationHelper - HV000234: Using org.hibernate.validator.internal.engine.DefaultClockProvider as ValidatorFactory-scoped clock provider.
2026-02-25 13:50:01 [main] DEBUG o.h.v.i.e.ValidatorFactoryConfigurationHelper - HV000234: Using org.hibernate.validator.internal.engine.scripting.DefaultScriptEvaluatorFactory as ValidatorFactory-scoped script evaluator factory.
2026-02-25 13:50:01 [main] DEBUG o.h.b.internal.ClassLoaderAccessImpl - Not known whether passed class name [com.taskmanagement.entity.Goal] is safe
2026-02-25 13:50:01 [main] DEBUG o.h.b.internal.ClassLoaderAccessImpl - No temp ClassLoader provided; using live ClassLoader for loading potentially unsafe class : com.taskmanagement.entity.Goal
2026-02-25 13:50:01 [main] DEBUG o.h.b.internal.ClassLoaderAccessImpl - Not known whether passed class name [com.taskmanagement.entity.Task] is safe
2026-02-25 13:50:01 [main] DEBUG o.h.b.internal.ClassLoaderAccessImpl - No temp ClassLoader provided; using live ClassLoader for loading potentially unsafe class : com.taskmanagement.entity.Task
2026-02-25 13:50:01 [main] DEBUG o.h.s.i.SessionFactoryServiceRegistryImpl - EventListenerRegistry access via ServiceRegistry is deprecated.  Use `sessionFactory.getEventEngine().getListenerRegistry()` instead
2026-02-25 13:50:01 [main] DEBUG o.h.q.s.function.SqmFunctionRegistry - Registered SqmFunctionTemplate [NamedSqmFunctionTemplate(max)] under max; prior registration was null
2026-02-25 13:50:01 [main] DEBUG o.h.q.s.function.SqmFunctionRegistry - Registered SqmFunctionTemplate [NamedSqmFunctionTemplate(min)] under min; prior registration was null
2026-02-25 13:50:01 [main] DEBUG o.h.q.s.function.SqmFunctionRegistry - Registered SqmFunctionTemplate [NamedSqmFunctionTemplate(sum)] under sum; prior registration was null
2026-02-25 13:50:01 [main] DEBUG o.h.q.s.function.SqmFunctionRegistry - Registered SqmFunctionTemplate [NamedSqmFunctionTemplate(avg)] under avg; prior registration was null
2026-02-25 13:50:01 [main] DEBUG o.h.q.s.function.SqmFunctionRegistry - Registered SqmFunctionTemplate [org.hibernate.dialect.function.CountFunction@6068cda1] under count; prior registration was null
2026-02-25 13:50:01 [main] DEBUG o.h.q.s.function.SqmFunctionRegistry - Registered SqmFunctionTemplate [org.hibernate.dialect.function.EveryAnyEmulation@64ef2719] under every; prior registration was null
2026-02-25 13:50:01 [main] DEBUG o.h.q.s.function.SqmFunctionRegistry - Registered SqmFunctionTemplate [org.hibernate.dialect.function.EveryAnyEmulation@7b423f90] under any; prior registration was null
2026-02-25 13:50:01 [main] DEBUG o.h.q.s.function.SqmFunctionRegistry - Registered SqmFunctionTemplate [NamedSqmFunctionTemplate(floor)] under floor; prior registration was null
2026-02-25 13:50:01 [main] DEBUG o.h.q.s.function.SqmFunctionRegistry - Registered SqmFunctionTemplate [NamedSqmFunctionTemplate(ceiling)] under ceiling; prior registration was null
2026-02-25 13:50:01 [main] DEBUG o.h.q.s.function.SqmFunctionRegistry - Registered SqmFunctionTemplate [NamedSqmFunctionTemplate(mod)] under mod; prior registration was null
2026-02-25 13:50:01 [main] DEBUG o.h.q.s.function.SqmFunctionRegistry - Registered SqmFunctionTemplate [NamedSqmFunctionTemplate(abs)] under abs; prior registration was null
2026-02-25 13:50:01 [main] DEBUG o.h.q.s.function.SqmFunctionRegistry - Registered SqmFunctionTemplate [NamedSqmFunctionTemplate(sign)] under sign; prior registration was null
2026-02-25 13:50:01 [main] DEBUG o.h.q.s.function.SqmFunctionRegistry - Registered SqmFunctionTemplate [NamedSqmFunctionTemplate(sqrt)] under sqrt; prior registration was null
2026-02-25 13:50:01 [main] DEBUG o.h.q.s.function.SqmFunctionRegistry - Registered SqmFunctionTemplate [NamedSqmFunctionTemplate(ln)] under ln; prior registration was null
2026-02-25 13:50:01 [main] DEBUG o.h.q.s.function.SqmFunctionRegistry - Registered SqmFunctionTemplate [NamedSqmFunctionTemplate(exp)] under exp; prior registration was null
2026-02-25 13:50:01 [main] DEBUG o.h.q.s.function.SqmFunctionRegistry - Registered SqmFunctionTemplate [NamedSqmFunctionTemplate(power)] under power; prior registration was null
2026-02-25 13:50:01 [main] DEBUG o.h.q.s.function.SqmFunctionRegistry - Registered SqmFunctionTemplate [NamedSqmFunctionTemplate(round)] under round; prior registration was null
2026-02-25 13:50:01 [main] DEBUG o.h.q.s.function.SqmFunctionRegistry - Registered SqmFunctionTemplate [NamedSqmFunctionTemplate(sin)] under sin; prior registration was null
2026-02-25 13:50:01 [main] DEBUG o.h.q.s.function.SqmFunctionRegistry - Registered SqmFunctionTemplate [NamedSqmFunctionTemplate(cos)] under cos; prior registration was null
2026-02-25 13:50:01 [main] DEBUG o.h.q.s.function.SqmFunctionRegistry - Registered SqmFunctionTemplate [NamedSqmFunctionTemplate(tan)] under tan; prior registration was null
2026-02-25 13:50:01 [main] DEBUG o.h.q.s.function.SqmFunctionRegistry - Registered SqmFunctionTemplate [NamedSqmFunctionTemplate(asin)] under asin; prior registration was null
2026-02-25 13:50:01 [main] DEBUG o.h.q.s.function.SqmFunctionRegistry - Registered SqmFunctionTemplate [NamedSqmFunctionTemplate(acos)] under acos; prior registration was null
2026-02-25 13:50:01 [main] DEBUG o.h.q.s.function.SqmFunctionRegistry - Registered SqmFunctionTemplate [NamedSqmFunctionTemplate(atan)] under atan; prior registration was null
2026-02-25 13:50:01 [main] DEBUG o.h.q.s.function.SqmFunctionRegistry - Registered SqmFunctionTemplate [NamedSqmFunctionTemplate(atan2)] under atan2; prior registration was null
2026-02-25 13:50:01 [main] DEBUG o.h.q.s.function.SqmFunctionRegistry - Registered SqmFunctionTemplate [org.hibernate.query.sqm.function.PatternBasedSqmFunctionDescriptor@3ca3eba2] under sinh; prior registration was null
2026-02-25 13:50:01 [main] DEBUG o.h.q.s.function.SqmFunctionRegistry - Registered SqmFunctionTemplate [org.hibernate.query.sqm.function.PatternBasedSqmFunctionDescriptor@23c00420] under cosh; prior registration was null
2026-02-25 13:50:01 [main] DEBUG o.h.q.s.function.SqmFunctionRegistry - Registered SqmFunctionTemplate [org.hibernate.query.sqm.function.PatternBasedSqmFunctionDescriptor@22f046b] under tanh; prior registration was null
2026-02-25 13:50:01 [main] DEBUG o.h.q.s.function.SqmFunctionRegistry - Registered SqmFunctionTemplate [org.hibernate.query.sqm.function.PatternBasedSqmFunctionDescriptor@215a329c] under pi; prior registration was null
2026-02-25 13:50:01 [main] DEBUG o.h.q.s.function.SqmFunctionRegistry - Registered SqmFunctionTemplate [org.hibernate.query.sqm.function.PatternBasedSqmFunctionDescriptor@20723ee] under log; prior registration was null
2026-02-25 13:50:01 [main] DEBUG o.h.q.s.function.SqmFunctionRegistry - Registered SqmFunctionTemplate [NamedSqmFunctionTemplate(coalesce)] under coalesce; prior registration was null
2026-02-25 13:50:01 [main] DEBUG o.h.q.s.function.SqmFunctionRegistry - Registered SqmFunctionTemplate [NamedSqmFunctionTemplate(nullif)] under nullif; prior registration was null
2026-02-25 13:50:01 [main] DEBUG o.h.q.s.function.SqmFunctionRegistry - Registered SqmFunctionTemplate [NamedSqmFunctionTemplate(left)] under left; prior registration was null
2026-02-25 13:50:01 [main] DEBUG o.h.q.s.function.SqmFunctionRegistry - Registered SqmFunctionTemplate [NamedSqmFunctionTemplate(right)] under right; prior registration was null
2026-02-25 13:50:01 [main] DEBUG o.h.q.s.function.SqmFunctionRegistry - Registered SqmFunctionTemplate [NamedSqmFunctionTemplate(replace)] under replace; prior registration was null
2026-02-25 13:50:01 [main] DEBUG o.h.q.s.function.SqmFunctionRegistry - Registered SqmFunctionTemplate [NamedSqmFunctionTemplate(concat)] under concat; prior registration was null
2026-02-25 13:50:01 [main] DEBUG o.h.q.s.function.SqmFunctionRegistry - Registered SqmFunctionTemplate [NamedSqmFunctionTemplate(lower)] under lower; prior registration was null
2026-02-25 13:50:01 [main] DEBUG o.h.q.s.function.SqmFunctionRegistry - Registered SqmFunctionTemplate [NamedSqmFunctionTemplate(upper)] under upper; prior registration was null
2026-02-25 13:50:01 [main] DEBUG o.h.q.s.function.SqmFunctionRegistry - Registered SqmFunctionTemplate [NamedSqmFunctionTemplate(substring)] under substring; prior registration was null
2026-02-25 13:50:01 [main] DEBUG o.h.q.s.function.SqmFunctionRegistry - Registered SqmFunctionTemplate [NamedSqmFunctionTemplate(locate)] under locate; prior registration was null
2026-02-25 13:50:01 [main] DEBUG o.h.q.s.function.SqmFunctionRegistry - Registered SqmFunctionTemplate [NamedSqmFunctionTemplate(character_length)] under character_length; prior registration was null
2026-02-25 13:50:01 [main] DEBUG o.h.q.s.function.SqmFunctionRegistry - Registering alternate key : length -> character_length
2026-02-25 13:50:01 [main] DEBUG o.h.q.s.function.SqmFunctionRegistry - Registered SqmFunctionTemplate [org.hibernate.dialect.function.LocatePositionEmulation@3a917017] under position; prior registration was null
2026-02-25 13:50:01 [main] DEBUG o.h.q.s.function.SqmFunctionRegistry - Registered SqmFunctionTemplate [org.hibernate.dialect.function.InsertSubstringOverlayEmulation@2a21cbe7] under overlay; prior registration was null
2026-02-25 13:50:01 [main] DEBUG o.h.q.s.function.SqmFunctionRegistry - Registered SqmFunctionTemplate [org.hibernate.dialect.function.TrimFunction@25765a49] under trim; prior registration was null
2026-02-25 13:50:01 [main] DEBUG o.h.q.s.function.SqmFunctionRegistry - Registered SqmFunctionTemplate [org.hibernate.dialect.function.CastFunction@6fd97fd1] under cast; prior registration was null
2026-02-25 13:50:01 [main] DEBUG o.h.q.s.function.SqmFunctionRegistry - Registered SqmFunctionTemplate [org.hibernate.query.sqm.function.PatternBasedSqmFunctionDescriptor@12c78f36] under collate; prior registration was null
2026-02-25 13:50:01 [main] DEBUG o.h.q.s.function.SqmFunctionRegistry - Registered SqmFunctionTemplate [org.hibernate.dialect.function.ExtractFunction@180f33b2] under extract; prior registration was null
2026-02-25 13:50:01 [main] DEBUG o.h.q.s.function.SqmFunctionRegistry - Registered SqmFunctionTemplate [NamedSqmFunctionTemplate(least)] under least; prior registration was null
2026-02-25 13:50:01 [main] DEBUG o.h.q.s.function.SqmFunctionRegistry - Registered SqmFunctionTemplate [NamedSqmFunctionTemplate(greatest)] under greatest; prior registration was null
2026-02-25 13:50:01 [main] DEBUG o.h.q.s.function.SqmFunctionRegistry - Registered SqmFunctionTemplate [org.hibernate.dialect.function.CoalesceIfnullEmulation@6247c08c] under ifnull; prior registration was null
2026-02-25 13:50:01 [main] DEBUG o.h.q.s.function.SqmFunctionRegistry - Registered SqmFunctionTemplate [NamedSqmFunctionTemplate(lpad)] under lpad; prior registration was null
2026-02-25 13:50:01 [main] DEBUG o.h.q.s.function.SqmFunctionRegistry - Registered SqmFunctionTemplate [NamedSqmFunctionTemplate(rpad)] under rpad; prior registration was null
2026-02-25 13:50:01 [main] DEBUG o.h.q.s.function.SqmFunctionRegistry - Registered SqmFunctionTemplate [org.hibernate.dialect.function.LpadRpadPadEmulation@22bfd4b] under pad; prior registration was null
2026-02-25 13:50:01 [main] DEBUG o.h.q.s.function.SqmFunctionRegistry - Registered SqmFunctionTemplate [org.hibernate.dialect.function.CastStrEmulation@7cd25bf5] under str; prior registration was null
2026-02-25 13:50:01 [main] DEBUG o.h.q.s.function.SqmFunctionRegistry - Registered SqmFunctionTemplate [org.hibernate.dialect.function.FormatFunction@53c40ed6] under format; prior registration was null
2026-02-25 13:50:01 [main] DEBUG o.h.q.s.function.SqmFunctionRegistry - Registered SqmFunctionTemplate [org.hibernate.dialect.function.TimestampaddFunction@6949cead] under timestampadd; prior registration was null
2026-02-25 13:50:01 [main] DEBUG o.h.q.s.function.SqmFunctionRegistry - Registered SqmFunctionTemplate [org.hibernate.dialect.function.TimestampdiffFunction@3cfab340] under timestampdiff; prior registration was null
2026-02-25 13:50:01 [main] DEBUG o.h.q.s.function.SqmFunctionRegistry - Registering alternate key : dateadd -> timestampadd
2026-02-25 13:50:01 [main] DEBUG o.h.q.s.function.SqmFunctionRegistry - Registering alternate key : datediff -> timestampdiff
2026-02-25 13:50:01 [main] DEBUG o.h.q.s.function.SqmFunctionRegistry - Registered SqmFunctionTemplate [org.hibernate.dialect.function.CurrentFunction@2ae5580] under current_date; prior registration was null
2026-02-25 13:50:01 [main] DEBUG o.h.q.s.function.SqmFunctionRegistry - Registered SqmFunctionTemplate [org.hibernate.dialect.function.CurrentFunction@4203529f] under current_time; prior registration was null
2026-02-25 13:50:01 [main] DEBUG o.h.q.s.function.SqmFunctionRegistry - Registered SqmFunctionTemplate [org.hibernate.dialect.function.CurrentFunction@7d82ca56] under current_timestamp; prior registration was null
2026-02-25 13:50:01 [main] DEBUG o.h.q.s.function.SqmFunctionRegistry - Registering alternate key : current date -> current_date
2026-02-25 13:50:01 [main] DEBUG o.h.q.s.function.SqmFunctionRegistry - Registering alternate key : current time -> current_time
2026-02-25 13:50:01 [main] DEBUG o.h.q.s.function.SqmFunctionRegistry - Registering alternate key : current timestamp -> current_timestamp
2026-02-25 13:50:01 [main] DEBUG o.h.q.s.function.SqmFunctionRegistry - Registered SqmFunctionTemplate [org.hibernate.dialect.function.CurrentFunction@2aaa89c2] under local_date; prior registration was null
2026-02-25 13:50:01 [main] DEBUG o.h.q.s.function.SqmFunctionRegistry - Registered SqmFunctionTemplate [org.hibernate.dialect.function.CurrentFunction@5a58db42] under local_time; prior registration was null
2026-02-25 13:50:01 [main] DEBUG o.h.q.s.function.SqmFunctionRegistry - Registered SqmFunctionTemplate [org.hibernate.dialect.function.CurrentFunction@217fd3c] under local_datetime; prior registration was null
2026-02-25 13:50:01 [main] DEBUG o.h.q.s.function.SqmFunctionRegistry - Registered SqmFunctionTemplate [org.hibernate.dialect.function.CurrentFunction@69ac5752] under offset_datetime; prior registration was null
2026-02-25 13:50:01 [main] DEBUG o.h.q.s.function.SqmFunctionRegistry - Registering alternate key : local date -> local_date
2026-02-25 13:50:01 [main] DEBUG o.h.q.s.function.SqmFunctionRegistry - Registering alternate key : local time -> local_time
2026-02-25 13:50:01 [main] DEBUG o.h.q.s.function.SqmFunctionRegistry - Registering alternate key : local datetime -> local_datetime
2026-02-25 13:50:01 [main] DEBUG o.h.q.s.function.SqmFunctionRegistry - Registering alternate key : offset datetime -> offset_datetime
2026-02-25 13:50:01 [main] DEBUG o.h.q.s.function.SqmFunctionRegistry - Registered SqmFunctionTemplate [org.hibernate.dialect.function.CurrentFunction@1736273c] under instant; prior registration was null
2026-02-25 13:50:01 [main] DEBUG o.h.q.s.function.SqmFunctionRegistry - Registering alternate key : current_instant -> instant
2026-02-25 13:50:01 [main] DEBUG o.h.q.s.function.SqmFunctionRegistry - Registered SqmFunctionTemplate [org.hibernate.dialect.function.SqlFunction@1b5f960a] under sql; prior registration was null
2026-02-25 13:50:01 [main] DEBUG o.h.q.s.function.SqmFunctionRegistry - Registered SqmFunctionTemplate [NamedSqmFunctionTemplate(max)] under max; prior registration was NamedSqmFunctionTemplate(max)
2026-02-25 13:50:01 [main] DEBUG o.h.q.s.function.SqmFunctionRegistry - Registered SqmFunctionTemplate [NamedSqmFunctionTemplate(min)] under min; prior registration was NamedSqmFunctionTemplate(min)
2026-02-25 13:50:01 [main] DEBUG o.h.q.s.function.SqmFunctionRegistry - Registered SqmFunctionTemplate [NamedSqmFunctionTemplate(sum)] under sum; prior registration was NamedSqmFunctionTemplate(sum)
2026-02-25 13:50:01 [main] DEBUG o.h.q.s.function.SqmFunctionRegistry - Registered SqmFunctionTemplate [NamedSqmFunctionTemplate(avg)] under avg; prior registration was NamedSqmFunctionTemplate(avg)
2026-02-25 13:50:01 [main] DEBUG o.h.q.s.function.SqmFunctionRegistry - Registered SqmFunctionTemplate [org.hibernate.dialect.function.CountFunction@53ddabc6] under count; prior registration was org.hibernate.dialect.function.CountFunction@6068cda1
2026-02-25 13:50:01 [main] DEBUG o.h.q.s.function.SqmFunctionRegistry - Registered SqmFunctionTemplate [org.hibernate.dialect.function.AvgFunction@6f2a3b37] under avg; prior registration was NamedSqmFunctionTemplate(avg)
2026-02-25 13:50:01 [main] DEBUG o.h.q.s.function.SqmFunctionRegistry - Registered SqmFunctionTemplate [NamedSqmFunctionTemplate(pi)] under pi; prior registration was org.hibernate.query.sqm.function.PatternBasedSqmFunctionDescriptor@215a329c
2026-02-25 13:50:01 [main] DEBUG o.h.q.s.function.SqmFunctionRegistry - Registered SqmFunctionTemplate [NamedSqmFunctionTemplate(cot)] under cot; prior registration was null
2026-02-25 13:50:01 [main] DEBUG o.h.q.s.function.SqmFunctionRegistry - Registered SqmFunctionTemplate [NamedSqmFunctionTemplate(radians)] under radians; prior registration was null
2026-02-25 13:50:01 [main] DEBUG o.h.q.s.function.SqmFunctionRegistry - Registered SqmFunctionTemplate [NamedSqmFunctionTemplate(degrees)] under degrees; prior registration was null
2026-02-25 13:50:01 [main] DEBUG o.h.q.s.function.SqmFunctionRegistry - Registered SqmFunctionTemplate [NamedSqmFunctionTemplate(log10)] under log10; prior registration was null
2026-02-25 13:50:01 [main] DEBUG o.h.q.s.function.SqmFunctionRegistry - Registered SqmFunctionTemplate [org.hibernate.query.sqm.function.PatternBasedSqmFunctionDescriptor@323b0632] under mod; prior registration was NamedSqmFunctionTemplate(mod)
2026-02-25 13:50:01 [main] DEBUG o.h.q.s.function.SqmFunctionRegistry - Registered SqmFunctionTemplate [NamedSqmFunctionTemplate(rand)] under rand; prior registration was null
2026-02-25 13:50:01 [main] DEBUG o.h.q.s.function.SqmFunctionRegistry - Registered SqmFunctionTemplate [NamedSqmFunctionTemplate(soundex)] under soundex; prior registration was null
2026-02-25 13:50:01 [main] DEBUG o.h.q.s.function.SqmFunctionRegistry - Registered SqmFunctionTemplate [NamedSqmFunctionTemplate(translate)] under translate; prior registration was null
2026-02-25 13:50:01 [main] DEBUG o.h.q.s.function.SqmFunctionRegistry - Registered SqmFunctionTemplate [NamedSqmFunctionTemplate(bitand)] under bitand; prior registration was null
2026-02-25 13:50:01 [main] DEBUG o.h.q.s.function.SqmFunctionRegistry - Registered SqmFunctionTemplate [NamedSqmFunctionTemplate(bitor)] under bitor; prior registration was null
2026-02-25 13:50:01 [main] DEBUG o.h.q.s.function.SqmFunctionRegistry - Registered SqmFunctionTemplate [NamedSqmFunctionTemplate(bitxor)] under bitxor; prior registration was null
2026-02-25 13:50:01 [main] DEBUG o.h.q.s.function.SqmFunctionRegistry - Registered SqmFunctionTemplate [NamedSqmFunctionTemplate(bit_and)] under bit_and; prior registration was null
2026-02-25 13:50:01 [main] DEBUG o.h.q.s.function.SqmFunctionRegistry - Registered SqmFunctionTemplate [NamedSqmFunctionTemplate(bit_or)] under bit_or; prior registration was null
2026-02-25 13:50:01 [main] DEBUG o.h.q.s.function.SqmFunctionRegistry - Registered SqmFunctionTemplate [NamedSqmFunctionTemplate(day)] under day; prior registration was null
2026-02-25 13:50:01 [main] DEBUG o.h.q.s.function.SqmFunctionRegistry - Registered SqmFunctionTemplate [NamedSqmFunctionTemplate(month)] under month; prior registration was null
2026-02-25 13:50:01 [main] DEBUG o.h.q.s.function.SqmFunctionRegistry - Registered SqmFunctionTemplate [NamedSqmFunctionTemplate(year)] under year; prior registration was null
2026-02-25 13:50:01 [main] DEBUG o.h.q.s.function.SqmFunctionRegistry - Registered SqmFunctionTemplate [NamedSqmFunctionTemplate(hour)] under hour; prior registration was null
2026-02-25 13:50:01 [main] DEBUG o.h.q.s.function.SqmFunctionRegistry - Registered SqmFunctionTemplate [NamedSqmFunctionTemplate(minute)] under minute; prior registration was null
2026-02-25 13:50:01 [main] DEBUG o.h.q.s.function.SqmFunctionRegistry - Registered SqmFunctionTemplate [NamedSqmFunctionTemplate(second)] under second; prior registration was null
2026-02-25 13:50:01 [main] DEBUG o.h.q.s.function.SqmFunctionRegistry - Registered SqmFunctionTemplate [NamedSqmFunctionTemplate(microsecond)] under microsecond; prior registration was null
2026-02-25 13:50:01 [main] DEBUG o.h.q.s.function.SqmFunctionRegistry - Registered SqmFunctionTemplate [NamedSqmFunctionTemplate(day_of_week)] under day_of_week; prior registration was null
2026-02-25 13:50:01 [main] DEBUG o.h.q.s.function.SqmFunctionRegistry - Registered SqmFunctionTemplate [NamedSqmFunctionTemplate(day_of_month)] under day_of_month; prior registration was null
2026-02-25 13:50:01 [main] DEBUG o.h.q.s.function.SqmFunctionRegistry - Registering alternate key : day -> day_of_month
2026-02-25 13:50:01 [main] DEBUG o.h.q.s.function.SqmFunctionRegistry - Registered SqmFunctionTemplate [NamedSqmFunctionTemplate(day_of_year)] under day_of_year; prior registration was null
2026-02-25 13:50:01 [main] DEBUG o.h.q.s.function.SqmFunctionRegistry - Registered SqmFunctionTemplate [NamedSqmFunctionTemplate(week)] under week; prior registration was null
2026-02-25 13:50:01 [main] DEBUG o.h.q.s.function.SqmFunctionRegistry - Registered SqmFunctionTemplate [NamedSqmFunctionTemplate(quarter)] under quarter; prior registration was null
2026-02-25 13:50:01 [main] DEBUG o.h.q.s.function.SqmFunctionRegistry - Registered SqmFunctionTemplate [NamedSqmFunctionTemplate(monthname)] under monthname; prior registration was null
2026-02-25 13:50:01 [main] DEBUG o.h.q.s.function.SqmFunctionRegistry - Registered SqmFunctionTemplate [NamedSqmFunctionTemplate(dayname)] under dayname; prior registration was null
2026-02-25 13:50:01 [main] DEBUG o.h.q.s.function.SqmFunctionRegistry - Registered SqmFunctionTemplate [NamedSqmFunctionTemplate(localtime)] under localtime; prior registration was null
2026-02-25 13:50:01 [main] DEBUG o.h.q.s.function.SqmFunctionRegistry - Registered SqmFunctionTemplate [NamedSqmFunctionTemplate(localtimestamp)] under localtimestamp; prior registration was null
2026-02-25 13:50:01 [main] DEBUG o.h.q.s.function.SqmFunctionRegistry - Registered SqmFunctionTemplate [NamedSqmFunctionTemplate(localtime)] under local_time; prior registration was org.hibernate.dialect.function.CurrentFunction@5a58db42
2026-02-25 13:50:01 [main] DEBUG o.h.q.s.function.SqmFunctionRegistry - Registered SqmFunctionTemplate [NamedSqmFunctionTemplate(localtimestamp)] under local_datetime; prior registration was org.hibernate.dialect.function.CurrentFunction@217fd3c
2026-02-25 13:50:01 [main] DEBUG o.h.q.s.function.SqmFunctionRegistry - Registered SqmFunctionTemplate [org.hibernate.dialect.function.TruncFunction@57867d96] under trunc; prior registration was null
2026-02-25 13:50:01 [main] DEBUG o.h.q.s.function.SqmFunctionRegistry - Registering alternate key : truncate -> trunc
2026-02-25 13:50:01 [main] DEBUG o.h.q.s.function.SqmFunctionRegistry - Registered SqmFunctionTemplate [org.hibernate.query.sqm.function.PatternBasedSqmFunctionDescriptor@1a7a21d0] under date_trunc; prior registration was null
2026-02-25 13:50:01 [main] DEBUG o.h.q.s.function.SqmFunctionRegistry - Registered SqmFunctionTemplate [NamedSqmFunctionTemplate(bit_length)] under bit_length; prior registration was null
2026-02-25 13:50:01 [main] DEBUG o.h.q.s.function.SqmFunctionRegistry - Registered SqmFunctionTemplate [NamedSqmFunctionTemplate(octet_length)] under octet_length; prior registration was null
2026-02-25 13:50:01 [main] DEBUG o.h.q.s.function.SqmFunctionRegistry - Registered SqmFunctionTemplate [NamedSqmFunctionTemplate(ascii)] under ascii; prior registration was null
2026-02-25 13:50:01 [main] DEBUG o.h.q.s.function.SqmFunctionRegistry - Registered SqmFunctionTemplate [NamedSqmFunctionTemplate(octet_length)] under octet_length; prior registration was NamedSqmFunctionTemplate(octet_length)
2026-02-25 13:50:01 [main] DEBUG o.h.q.s.function.SqmFunctionRegistry - Registered SqmFunctionTemplate [NamedSqmFunctionTemplate(space)] under space; prior registration was null
2026-02-25 13:50:01 [main] DEBUG o.h.q.s.function.SqmFunctionRegistry - Registered SqmFunctionTemplate [NamedSqmFunctionTemplate(repeat)] under repeat; prior registration was null
2026-02-25 13:50:01 [main] DEBUG o.h.q.s.function.SqmFunctionRegistry - Registered SqmFunctionTemplate [NamedSqmFunctionTemplate(char)] under char; prior registration was null
2026-02-25 13:50:01 [main] DEBUG o.h.q.s.function.SqmFunctionRegistry - Registering alternate key : chr -> char
2026-02-25 13:50:01 [main] DEBUG o.h.q.s.function.SqmFunctionRegistry - Registered SqmFunctionTemplate [NamedSqmFunctionTemplate(instr)] under instr; prior registration was null
2026-02-25 13:50:01 [main] DEBUG o.h.q.s.function.SqmFunctionRegistry - Registered SqmFunctionTemplate [NamedSqmFunctionTemplate(substr)] under substr; prior registration was null
2026-02-25 13:50:01 [main] DEBUG o.h.q.s.function.SqmFunctionRegistry - Registered SqmFunctionTemplate [org.hibernate.query.sqm.function.PatternBasedSqmFunctionDescriptor@bb21063] under position; prior registration was org.hibernate.dialect.function.LocatePositionEmulation@3a917017
2026-02-25 13:50:01 [main] DEBUG o.h.q.s.function.SqmFunctionRegistry - Registered SqmFunctionTemplate [NamedSqmFunctionTemplate(ltrim)] under ltrim; prior registration was null
2026-02-25 13:50:01 [main] DEBUG o.h.q.s.function.SqmFunctionRegistry - Registered SqmFunctionTemplate [NamedSqmFunctionTemplate(rtrim)] under rtrim; prior registration was null
2026-02-25 13:50:01 [main] DEBUG o.h.q.s.function.SqmFunctionRegistry - Registered SqmFunctionTemplate [org.hibernate.query.sqm.function.PatternBasedSqmFunctionDescriptor@6821c63c] under concat; prior registration was NamedSqmFunctionTemplate(concat)
2026-02-25 13:50:01 [main] DEBUG o.h.q.s.function.SqmFunctionRegistry - Registered SqmFunctionTemplate [NamedSqmFunctionTemplate(curtime)] under curtime; prior registration was null
2026-02-25 13:50:01 [main] DEBUG o.h.q.s.function.SqmFunctionRegistry - Registered SqmFunctionTemplate [NamedSqmFunctionTemplate(curdate)] under curdate; prior registration was null
2026-02-25 13:50:01 [main] DEBUG o.h.q.s.function.SqmFunctionRegistry - Registered SqmFunctionTemplate [NamedSqmFunctionTemplate(now)] under now; prior registration was null
2026-02-25 13:50:01 [main] DEBUG o.h.q.s.function.SqmFunctionRegistry - Registered SqmFunctionTemplate [NamedSqmFunctionTemplate(sysdate)] under sysdate; prior registration was null
2026-02-25 13:50:01 [main] DEBUG o.h.q.s.function.SqmFunctionRegistry - Registered SqmFunctionTemplate [NamedSqmFunctionTemplate(insert)] under insert; prior registration was null
2026-02-25 13:50:01 [main] DEBUG o.h.q.s.function.SqmFunctionRegistry - Registered SqmFunctionTemplate [NamedSqmFunctionTemplate(bool_and)] under bool_and; prior registration was null
2026-02-25 13:50:01 [main] DEBUG o.h.q.s.function.SqmFunctionRegistry - Registering alternate key : every -> bool_and
2026-02-25 13:50:01 [main] DEBUG o.h.q.s.function.SqmFunctionRegistry - Registered SqmFunctionTemplate [NamedSqmFunctionTemplate(bool_or)] under bool_or; prior registration was null
2026-02-25 13:50:01 [main] DEBUG o.h.q.s.function.SqmFunctionRegistry - Registering alternate key : any -> bool_or
2026-02-25 13:50:01 [main] DEBUG o.h.q.s.function.SqmFunctionRegistry - Registered SqmFunctionTemplate [NamedSqmFunctionTemplate(median)] under median; prior registration was null
2026-02-25 13:50:01 [main] DEBUG o.h.q.s.function.SqmFunctionRegistry - Registered SqmFunctionTemplate [NamedSqmFunctionTemplate(stddev_pop)] under stddev_pop; prior registration was null
2026-02-25 13:50:01 [main] DEBUG o.h.q.s.function.SqmFunctionRegistry - Registered SqmFunctionTemplate [NamedSqmFunctionTemplate(stddev_samp)] under stddev_samp; prior registration was null
2026-02-25 13:50:01 [main] DEBUG o.h.q.s.function.SqmFunctionRegistry - Registered SqmFunctionTemplate [NamedSqmFunctionTemplate(var_pop)] under var_pop; prior registration was null
2026-02-25 13:50:01 [main] DEBUG o.h.q.s.function.SqmFunctionRegistry - Registered SqmFunctionTemplate [NamedSqmFunctionTemplate(var_samp)] under var_samp; prior registration was null
2026-02-25 13:50:01 [main] DEBUG o.h.q.s.function.SqmFunctionRegistry - Registered SqmFunctionTemplate [org.hibernate.dialect.function.FormatFunction@c2f7c63] under format; prior registration was org.hibernate.dialect.function.FormatFunction@53c40ed6
2026-02-25 13:50:01 [main] DEBUG o.h.q.s.function.SqmFunctionRegistry - Registered SqmFunctionTemplate [NamedSqmFunctionTemplate(rownum)] under rownum; prior registration was null
2026-02-25 13:50:01 [main] DEBUG o.h.q.s.function.SqmFunctionRegistry - Registered SqmFunctionTemplate [NamedSqmFunctionTemplate(row_number)] under row_number; prior registration was null
2026-02-25 13:50:01 [main] DEBUG o.h.q.s.function.SqmFunctionRegistry - Registered SqmFunctionTemplate [NamedSqmFunctionTemplate(lag)] under lag; prior registration was null
2026-02-25 13:50:01 [main] DEBUG o.h.q.s.function.SqmFunctionRegistry - Registered SqmFunctionTemplate [NamedSqmFunctionTemplate(lead)] under lead; prior registration was null
2026-02-25 13:50:01 [main] DEBUG o.h.q.s.function.SqmFunctionRegistry - Registered SqmFunctionTemplate [NamedSqmFunctionTemplate(first_value)] under first_value; prior registration was null
2026-02-25 13:50:01 [main] DEBUG o.h.q.s.function.SqmFunctionRegistry - Registered SqmFunctionTemplate [NamedSqmFunctionTemplate(last_value)] under last_value; prior registration was null
2026-02-25 13:50:01 [main] DEBUG o.h.q.s.function.SqmFunctionRegistry - Registered SqmFunctionTemplate [NamedSqmFunctionTemplate(nth_value)] under nth_value; prior registration was null
2026-02-25 13:50:01 [main] DEBUG o.h.q.s.function.SqmFunctionRegistry - Registered SqmFunctionTemplate [org.hibernate.dialect.function.ListaggFunction@fe156f4] under listagg; prior registration was null
2026-02-25 13:50:01 [main] DEBUG o.h.q.s.function.SqmFunctionRegistry - Registered SqmFunctionTemplate [org.hibernate.dialect.function.InverseDistributionFunction@4dd752e8] under mode; prior registration was null
2026-02-25 13:50:01 [main] DEBUG o.h.q.s.function.SqmFunctionRegistry - Registered SqmFunctionTemplate [org.hibernate.dialect.function.InverseDistributionFunction@62c46e53] under percentile_cont; prior registration was null
2026-02-25 13:50:01 [main] DEBUG o.h.q.s.function.SqmFunctionRegistry - Registered SqmFunctionTemplate [org.hibernate.dialect.function.InverseDistributionFunction@55317c63] under percentile_disc; prior registration was null
2026-02-25 13:50:01 [main] DEBUG o.h.q.s.function.SqmFunctionRegistry - Registered SqmFunctionTemplate [org.hibernate.dialect.function.HypotheticalSetFunction@5d94ac8a] under rank; prior registration was null
2026-02-25 13:50:01 [main] DEBUG o.h.q.s.function.SqmFunctionRegistry - Registered SqmFunctionTemplate [org.hibernate.dialect.function.HypotheticalSetFunction@288b73c1] under dense_rank; prior registration was null
2026-02-25 13:50:01 [main] DEBUG o.h.q.s.function.SqmFunctionRegistry - Registered SqmFunctionTemplate [org.hibernate.dialect.function.HypotheticalSetFunction@104cfb24] under percent_rank; prior registration was null
2026-02-25 13:50:01 [main] DEBUG o.h.q.s.function.SqmFunctionRegistry - Registered SqmFunctionTemplate [org.hibernate.dialect.function.HypotheticalSetFunction@5340ccb9] under cume_dist; prior registration was null
2026-02-25 13:50:01 [main] DEBUG o.h.q.s.function.SqmFunctionRegistry - Registered SqmFunctionTemplate [org.hibernate.dialect.function.array.ArrayConstructorFunction@612290d] under array; prior registration was null
2026-02-25 13:50:01 [main] DEBUG o.h.q.s.function.SqmFunctionRegistry - Registered SqmFunctionTemplate [org.hibernate.dialect.function.array.ArrayConstructorFunction@57cff804] under array_list; prior registration was null
2026-02-25 13:50:01 [main] DEBUG o.h.q.s.function.SqmFunctionRegistry - Registered SqmFunctionTemplate [org.hibernate.dialect.function.array.ArrayAggFunction@5f911d24] under array_agg; prior registration was null
2026-02-25 13:50:01 [main] DEBUG o.h.q.s.function.SqmFunctionRegistry - Registered SqmFunctionTemplate [org.hibernate.dialect.function.array.H2ArrayPositionFunction@70e5737f] under array_position; prior registration was null
2026-02-25 13:50:01 [main] DEBUG o.h.q.s.function.SqmFunctionRegistry - Registered SqmFunctionTemplate [org.hibernate.dialect.function.array.H2ArrayPositionsFunction@f6bc75c] under array_positions; prior registration was null
2026-02-25 13:50:01 [main] DEBUG o.h.q.s.function.SqmFunctionRegistry - Registered SqmFunctionTemplate [org.hibernate.dialect.function.array.H2ArrayPositionsFunction@637506d8] under array_positions_list; prior registration was null
2026-02-25 13:50:01 [main] DEBUG o.h.q.s.function.SqmFunctionRegistry - Registered SqmFunctionTemplate [org.hibernate.query.sqm.function.PatternBasedSqmFunctionDescriptor@5c60f096] under array_length; prior registration was null
2026-02-25 13:50:01 [main] DEBUG o.h.q.s.function.SqmFunctionRegistry - Registered SqmFunctionTemplate [org.hibernate.dialect.function.array.ArrayConcatFunction@5cf3a7f9] under array_concat; prior registration was null
2026-02-25 13:50:01 [main] DEBUG o.h.q.s.function.SqmFunctionRegistry - Registered SqmFunctionTemplate [org.hibernate.dialect.function.array.ArrayConcatElementFunction@75c15f76] under array_prepend; prior registration was null
2026-02-25 13:50:01 [main] DEBUG o.h.q.s.function.SqmFunctionRegistry - Registered SqmFunctionTemplate [org.hibernate.dialect.function.array.ArrayConcatElementFunction@631678e6] under array_append; prior registration was null
2026-02-25 13:50:01 [main] DEBUG o.h.q.s.function.SqmFunctionRegistry - Registered SqmFunctionTemplate [org.hibernate.dialect.function.array.H2ArrayContainsFunction@69419d59] under array_contains; prior registration was null
2026-02-25 13:50:01 [main] DEBUG o.h.q.s.function.SqmFunctionRegistry - Registered SqmFunctionTemplate [org.hibernate.dialect.function.array.H2ArrayContainsFunction@7affee54] under array_contains_nullable; prior registration was null
2026-02-25 13:50:01 [main] DEBUG o.h.q.s.function.SqmFunctionRegistry - Registered SqmFunctionTemplate [org.hibernate.dialect.function.array.H2ArrayOverlapsFunction@5bba9949] under array_overlaps; prior registration was null
2026-02-25 13:50:01 [main] DEBUG o.h.q.s.function.SqmFunctionRegistry - Registered SqmFunctionTemplate [org.hibernate.dialect.function.array.H2ArrayOverlapsFunction@147059f8] under array_overlaps_nullable; prior registration was null
2026-02-25 13:50:01 [main] DEBUG o.h.q.s.function.SqmFunctionRegistry - Registered SqmFunctionTemplate [org.hibernate.query.sqm.function.PatternBasedSqmFunctionDescriptor@11ee671f] under array_get; prior registration was null
2026-02-25 13:50:01 [main] DEBUG o.h.q.s.function.SqmFunctionRegistry - Registered SqmFunctionTemplate [org.hibernate.dialect.function.array.H2ArraySetFunction@7bd694a5] under array_set; prior registration was null
2026-02-25 13:50:01 [main] DEBUG o.h.q.s.function.SqmFunctionRegistry - Registered SqmFunctionTemplate [org.hibernate.dialect.function.array.H2ArrayRemoveFunction@3211cc84] under array_remove; prior registration was null
2026-02-25 13:50:01 [main] DEBUG o.h.q.s.function.SqmFunctionRegistry - Registered SqmFunctionTemplate [org.hibernate.dialect.function.array.H2ArrayRemoveIndexFunction@3093b9ff] under array_remove_index; prior registration was null
2026-02-25 13:50:01 [main] DEBUG o.h.q.s.function.SqmFunctionRegistry - Registered SqmFunctionTemplate [org.hibernate.query.sqm.function.PatternBasedSqmFunctionDescriptor@220be130] under array_slice; prior registration was null
2026-02-25 13:50:01 [main] DEBUG o.h.q.s.function.SqmFunctionRegistry - Registered SqmFunctionTemplate [org.hibernate.dialect.function.array.H2ArrayReplaceFunction@4727e5fc] under array_replace; prior registration was null
2026-02-25 13:50:01 [main] DEBUG o.h.q.s.function.SqmFunctionRegistry - Registered SqmFunctionTemplate [org.hibernate.query.sqm.function.PatternBasedSqmFunctionDescriptor@5487a8f1] under array_trim; prior registration was null
2026-02-25 13:50:01 [main] DEBUG o.h.q.s.function.SqmFunctionRegistry - Registered SqmFunctionTemplate [org.hibernate.dialect.function.array.H2ArrayFillFunction@5d00b469] under array_fill; prior registration was null
2026-02-25 13:50:01 [main] DEBUG o.h.q.s.function.SqmFunctionRegistry - Registered SqmFunctionTemplate [org.hibernate.dialect.function.array.H2ArrayFillFunction@dd07be8] under array_fill_list; prior registration was null
2026-02-25 13:50:01 [main] DEBUG o.h.q.s.function.SqmFunctionRegistry - Registered SqmFunctionTemplate [org.hibernate.dialect.function.array.H2ArrayToStringFunction@59cde35] under array_to_string; prior registration was null
2026-02-25 13:50:01 [main] DEBUG org.hibernate.HQL_FUNCTIONS - abs(NUMERIC arg)
2026-02-25 13:50:01 [main] DEBUG org.hibernate.HQL_FUNCTIONS - Double acos(NUMERIC arg)
2026-02-25 13:50:01 [main] DEBUG org.hibernate.HQL_FUNCTIONS - Boolean any(BOOLEAN predicate)
2026-02-25 13:50:01 [main] DEBUG org.hibernate.HQL_FUNCTIONS - array( ... )
2026-02-25 13:50:01 [main] DEBUG org.hibernate.HQL_FUNCTIONS - array_agg(arg)
2026-02-25 13:50:01 [main] DEBUG org.hibernate.HQL_FUNCTIONS - array_append( ... )
2026-02-25 13:50:01 [main] DEBUG org.hibernate.HQL_FUNCTIONS - array_concat( ... )
2026-02-25 13:50:01 [main] DEBUG org.hibernate.HQL_FUNCTIONS - Boolean array_contains(ARRAY haystackArray, OBJECT needleElementOrArray)
2026-02-25 13:50:01 [main] DEBUG org.hibernate.HQL_FUNCTIONS - Boolean array_contains_nullable(ARRAY haystackArray, OBJECT needleElementOrArray)
2026-02-25 13:50:01 [main] DEBUG org.hibernate.HQL_FUNCTIONS - array_fill(OBJECT element, INTEGER elementCount)
2026-02-25 13:50:01 [main] DEBUG org.hibernate.HQL_FUNCTIONS - array_fill_list(OBJECT element, INTEGER elementCount)
2026-02-25 13:50:01 [main] DEBUG org.hibernate.HQL_FUNCTIONS - array_get(ARRAY array, INTEGER index)
2026-02-25 13:50:01 [main] DEBUG org.hibernate.HQL_FUNCTIONS - Integer array_length(ARRAY array)
2026-02-25 13:50:01 [main] DEBUG org.hibernate.HQL_FUNCTIONS - array_list( ... )
2026-02-25 13:50:01 [main] DEBUG org.hibernate.HQL_FUNCTIONS - Boolean array_overlaps(ARRAY array0, OBJECT array1)
2026-02-25 13:50:01 [main] DEBUG org.hibernate.HQL_FUNCTIONS - Boolean array_overlaps_nullable(ARRAY array0, OBJECT array1)
2026-02-25 13:50:01 [main] DEBUG org.hibernate.HQL_FUNCTIONS - Integer array_position(ARRAY array, OBJECT element[, INTEGER startPosition])
2026-02-25 13:50:01 [main] DEBUG org.hibernate.HQL_FUNCTIONS - int[] array_positions(ARRAY array, OBJECT element)
2026-02-25 13:50:01 [main] DEBUG org.hibernate.HQL_FUNCTIONS - List array_positions_list(ARRAY array, OBJECT element)
2026-02-25 13:50:01 [main] DEBUG org.hibernate.HQL_FUNCTIONS - array_prepend( ... )
2026-02-25 13:50:01 [main] DEBUG org.hibernate.HQL_FUNCTIONS - array_remove( ... )
2026-02-25 13:50:01 [main] DEBUG org.hibernate.HQL_FUNCTIONS - array_remove_index( ... )
2026-02-25 13:50:01 [main] DEBUG org.hibernate.HQL_FUNCTIONS - array_replace( ... )
2026-02-25 13:50:01 [main] DEBUG org.hibernate.HQL_FUNCTIONS - array_set( ... )
2026-02-25 13:50:01 [main] DEBUG org.hibernate.HQL_FUNCTIONS - array_slice(ARRAY array, INTEGER start, INTEGER end)
2026-02-25 13:50:01 [main] DEBUG org.hibernate.HQL_FUNCTIONS - String array_to_string( ... )
2026-02-25 13:50:01 [main] DEBUG org.hibernate.HQL_FUNCTIONS - array_trim(ARRAY array, INTEGER elementsToRemove)
2026-02-25 13:50:01 [main] DEBUG org.hibernate.HQL_FUNCTIONS - Integer ascii(STRING arg)
2026-02-25 13:50:01 [main] DEBUG org.hibernate.HQL_FUNCTIONS - Double asin(NUMERIC arg)
2026-02-25 13:50:01 [main] DEBUG org.hibernate.HQL_FUNCTIONS - Double atan(NUMERIC arg)
2026-02-25 13:50:01 [main] DEBUG org.hibernate.HQL_FUNCTIONS - Double atan2(NUMERIC arg0, NUMERIC arg1)
2026-02-25 13:50:01 [main] DEBUG org.hibernate.HQL_FUNCTIONS - avg(NUMERIC arg)
2026-02-25 13:50:01 [main] DEBUG org.hibernate.HQL_FUNCTIONS - bit_and(arg)
2026-02-25 13:50:01 [main] DEBUG org.hibernate.HQL_FUNCTIONS - Integer bit_length(STRING_OR_CLOB arg)
2026-02-25 13:50:01 [main] DEBUG org.hibernate.HQL_FUNCTIONS - bit_or(arg)
2026-02-25 13:50:01 [main] DEBUG org.hibernate.HQL_FUNCTIONS - bitand(arg0, arg1)
2026-02-25 13:50:01 [main] DEBUG org.hibernate.HQL_FUNCTIONS - bitor(arg0, arg1)
2026-02-25 13:50:01 [main] DEBUG org.hibernate.HQL_FUNCTIONS - bitxor(arg0, arg1)
2026-02-25 13:50:01 [main] DEBUG org.hibernate.HQL_FUNCTIONS - Boolean bool_and(BOOLEAN predicate)
2026-02-25 13:50:01 [main] DEBUG org.hibernate.HQL_FUNCTIONS - Boolean bool_or(BOOLEAN predicate)
2026-02-25 13:50:01 [main] DEBUG org.hibernate.HQL_FUNCTIONS - cast(arg as Type)
2026-02-25 13:50:01 [main] DEBUG org.hibernate.HQL_FUNCTIONS - ceiling(NUMERIC arg)
2026-02-25 13:50:01 [main] DEBUG org.hibernate.HQL_FUNCTIONS - Character char(INTEGER arg)
2026-02-25 13:50:01 [main] DEBUG org.hibernate.HQL_FUNCTIONS - Integer character_length(STRING_OR_CLOB arg)
2026-02-25 13:50:01 [main] DEBUG org.hibernate.HQL_FUNCTIONS - Character chr(INTEGER arg)
2026-02-25 13:50:01 [main] DEBUG org.hibernate.HQL_FUNCTIONS - coalesce(arg0[, arg1[, ...]])
2026-02-25 13:50:01 [main] DEBUG org.hibernate.HQL_FUNCTIONS - String collate(STRING string as COLLATION collation)
2026-02-25 13:50:01 [main] DEBUG org.hibernate.HQL_FUNCTIONS - String concat(STRING string0[, STRING string1[, ...]])
2026-02-25 13:50:01 [main] DEBUG org.hibernate.HQL_FUNCTIONS - Double cos(NUMERIC arg)
2026-02-25 13:50:01 [main] DEBUG org.hibernate.HQL_FUNCTIONS - Double cosh(NUMERIC arg)
2026-02-25 13:50:01 [main] DEBUG org.hibernate.HQL_FUNCTIONS - Double cot(NUMERIC arg)
2026-02-25 13:50:01 [main] DEBUG org.hibernate.HQL_FUNCTIONS - Long count([distinct ]{arg|*})
2026-02-25 13:50:01 [main] DEBUG org.hibernate.HQL_FUNCTIONS - Double cume_dist([arg0[, ...]])
2026-02-25 13:50:01 [main] DEBUG org.hibernate.HQL_FUNCTIONS - Date curdate()
2026-02-25 13:50:01 [main] DEBUG org.hibernate.HQL_FUNCTIONS - Date current date
2026-02-25 13:50:01 [main] DEBUG org.hibernate.HQL_FUNCTIONS - Time current time
2026-02-25 13:50:01 [main] DEBUG org.hibernate.HQL_FUNCTIONS - Timestamp current timestamp
2026-02-25 13:50:01 [main] DEBUG org.hibernate.HQL_FUNCTIONS - Date current_date
2026-02-25 13:50:01 [main] DEBUG org.hibernate.HQL_FUNCTIONS - Instant current_instant
2026-02-25 13:50:01 [main] DEBUG org.hibernate.HQL_FUNCTIONS - Time current_time
2026-02-25 13:50:01 [main] DEBUG org.hibernate.HQL_FUNCTIONS - Timestamp current_timestamp
2026-02-25 13:50:01 [main] DEBUG org.hibernate.HQL_FUNCTIONS - Time curtime()
2026-02-25 13:50:01 [main] DEBUG org.hibernate.HQL_FUNCTIONS - date_trunc(STRING field, TEMPORAL datetime)
2026-02-25 13:50:01 [main] DEBUG org.hibernate.HQL_FUNCTIONS - dateadd(TEMPORAL_UNIT field, INTEGER magnitude, TEMPORAL datetime)
2026-02-25 13:50:01 [main] DEBUG org.hibernate.HQL_FUNCTIONS - basicType@2(java.lang.Long,-5)|basicType@9(java.lang.Double,8) datediff(TEMPORAL_UNIT field, TEMPORAL start, TEMPORAL end)
2026-02-25 13:50:01 [main] DEBUG org.hibernate.HQL_FUNCTIONS - Integer day(DATE arg)
2026-02-25 13:50:01 [main] DEBUG org.hibernate.HQL_FUNCTIONS - Integer day_of_month(DATE arg)
2026-02-25 13:50:01 [main] DEBUG org.hibernate.HQL_FUNCTIONS - Integer day_of_week(DATE arg)
2026-02-25 13:50:01 [main] DEBUG org.hibernate.HQL_FUNCTIONS - Integer day_of_year(DATE arg)
2026-02-25 13:50:01 [main] DEBUG org.hibernate.HQL_FUNCTIONS - String dayname(DATE arg)
2026-02-25 13:50:01 [main] DEBUG org.hibernate.HQL_FUNCTIONS - Double degrees(NUMERIC arg)
2026-02-25 13:50:01 [main] DEBUG org.hibernate.HQL_FUNCTIONS - Long dense_rank([arg0[, ...]])
2026-02-25 13:50:01 [main] DEBUG org.hibernate.HQL_FUNCTIONS - Boolean every(BOOLEAN predicate)
2026-02-25 13:50:01 [main] DEBUG org.hibernate.HQL_FUNCTIONS - Double exp(NUMERIC arg)
2026-02-25 13:50:01 [main] DEBUG org.hibernate.HQL_FUNCTIONS - extract(TEMPORAL_UNIT field from TEMPORAL arg)
2026-02-25 13:50:01 [main] DEBUG org.hibernate.HQL_FUNCTIONS - first_valueANY value
2026-02-25 13:50:01 [main] DEBUG org.hibernate.HQL_FUNCTIONS - floor(NUMERIC arg)
2026-02-25 13:50:01 [main] DEBUG org.hibernate.HQL_FUNCTIONS - String format(TEMPORAL datetime as STRING pattern)
2026-02-25 13:50:01 [main] DEBUG org.hibernate.HQL_FUNCTIONS - greatest(COMPARABLE arg0, COMPARABLE arg1[, arg2[, ...]])
2026-02-25 13:50:01 [main] DEBUG org.hibernate.HQL_FUNCTIONS - Integer hour(TIME arg)
2026-02-25 13:50:01 [main] DEBUG org.hibernate.HQL_FUNCTIONS - ifnull(arg0, arg1)
2026-02-25 13:50:01 [main] DEBUG org.hibernate.HQL_FUNCTIONS - String insert(STRING string, INTEGER start, INTEGER length, STRING replacement)
2026-02-25 13:50:01 [main] DEBUG org.hibernate.HQL_FUNCTIONS - Instant instant
2026-02-25 13:50:01 [main] DEBUG org.hibernate.HQL_FUNCTIONS - Integer instr(STRING string, STRING pattern[, INTEGER start[, INTEGER occurrence]])
2026-02-25 13:50:01 [main] DEBUG org.hibernate.HQL_FUNCTIONS - lagANY value[, INTEGER offset[, ANY default]]
2026-02-25 13:50:01 [main] DEBUG org.hibernate.HQL_FUNCTIONS - last_valueANY value
2026-02-25 13:50:01 [main] DEBUG org.hibernate.HQL_FUNCTIONS - leadANY value[, INTEGER offset[, ANY default]]
2026-02-25 13:50:01 [main] DEBUG org.hibernate.HQL_FUNCTIONS - least(COMPARABLE arg0, COMPARABLE arg1[, arg2[, ...]])
2026-02-25 13:50:01 [main] DEBUG org.hibernate.HQL_FUNCTIONS - String left(STRING string, INTEGER length)
2026-02-25 13:50:01 [main] DEBUG org.hibernate.HQL_FUNCTIONS - Integer length(STRING_OR_CLOB arg)
2026-02-25 13:50:01 [main] DEBUG org.hibernate.HQL_FUNCTIONS - String listagg(STRING arg0, STRING arg1)
2026-02-25 13:50:01 [main] DEBUG org.hibernate.HQL_FUNCTIONS - Double ln(NUMERIC arg)
2026-02-25 13:50:01 [main] DEBUG org.hibernate.HQL_FUNCTIONS - LocalDate local date
2026-02-25 13:50:01 [main] DEBUG org.hibernate.HQL_FUNCTIONS - LocalDateTime local datetime
2026-02-25 13:50:01 [main] DEBUG org.hibernate.HQL_FUNCTIONS - LocalTime local time
2026-02-25 13:50:01 [main] DEBUG org.hibernate.HQL_FUNCTIONS - LocalDate local_date
2026-02-25 13:50:01 [main] DEBUG org.hibernate.HQL_FUNCTIONS - LocalDateTime local_datetime
2026-02-25 13:50:01 [main] DEBUG org.hibernate.HQL_FUNCTIONS - LocalTime local_time
2026-02-25 13:50:01 [main] DEBUG org.hibernate.HQL_FUNCTIONS - Time localtime
2026-02-25 13:50:01 [main] DEBUG org.hibernate.HQL_FUNCTIONS - Timestamp localtimestamp
2026-02-25 13:50:01 [main] DEBUG org.hibernate.HQL_FUNCTIONS - Integer locate(STRING pattern, STRING string[, INTEGER start])
2026-02-25 13:50:01 [main] DEBUG org.hibernate.HQL_FUNCTIONS - Double log(NUMERIC base, NUMERIC arg)
2026-02-25 13:50:01 [main] DEBUG org.hibernate.HQL_FUNCTIONS - Double log10(NUMERIC arg)
2026-02-25 13:50:01 [main] DEBUG org.hibernate.HQL_FUNCTIONS - String lower(STRING string)
2026-02-25 13:50:01 [main] DEBUG org.hibernate.HQL_FUNCTIONS - String lpad(STRING string, INTEGER length[, STRING padding])
2026-02-25 13:50:01 [main] DEBUG org.hibernate.HQL_FUNCTIONS - String ltrim(STRING string)
2026-02-25 13:50:01 [main] DEBUG org.hibernate.HQL_FUNCTIONS - max(COMPARABLE arg)
2026-02-25 13:50:01 [main] DEBUG org.hibernate.HQL_FUNCTIONS - Double median(NUMERIC arg)
2026-02-25 13:50:01 [main] DEBUG org.hibernate.HQL_FUNCTIONS - Integer microsecond(TIME arg)
2026-02-25 13:50:01 [main] DEBUG org.hibernate.HQL_FUNCTIONS - min(COMPARABLE arg)
2026-02-25 13:50:01 [main] DEBUG org.hibernate.HQL_FUNCTIONS - Integer minute(TIME arg)
2026-02-25 13:50:01 [main] DEBUG org.hibernate.HQL_FUNCTIONS - Integer mod(INTEGER arg0, INTEGER arg1)
2026-02-25 13:50:01 [main] DEBUG org.hibernate.HQL_FUNCTIONS - mode()
2026-02-25 13:50:01 [main] DEBUG org.hibernate.HQL_FUNCTIONS - Integer month(DATE arg)
2026-02-25 13:50:01 [main] DEBUG org.hibernate.HQL_FUNCTIONS - String monthname(DATE arg)
2026-02-25 13:50:01 [main] DEBUG org.hibernate.HQL_FUNCTIONS - Timestamp now()
2026-02-25 13:50:01 [main] DEBUG org.hibernate.HQL_FUNCTIONS - nth_valueANY value, INTEGER nth
2026-02-25 13:50:01 [main] DEBUG org.hibernate.HQL_FUNCTIONS - nullif(arg0, arg1)
2026-02-25 13:50:01 [main] DEBUG org.hibernate.HQL_FUNCTIONS - Integer octet_length(STRING_OR_CLOB arg)
2026-02-25 13:50:01 [main] DEBUG org.hibernate.HQL_FUNCTIONS - OffsetDateTime offset datetime
2026-02-25 13:50:01 [main] DEBUG org.hibernate.HQL_FUNCTIONS - OffsetDateTime offset_datetime
2026-02-25 13:50:01 [main] DEBUG org.hibernate.HQL_FUNCTIONS - String overlay(STRING string placing STRING replacement from INTEGER start[ for INTEGER length])
2026-02-25 13:50:01 [main] DEBUG org.hibernate.HQL_FUNCTIONS - String pad(STRING string with INTEGER length {leading|trailing}[ STRING character])
2026-02-25 13:50:01 [main] DEBUG org.hibernate.HQL_FUNCTIONS - Double percent_rank([arg0[, ...]])
2026-02-25 13:50:01 [main] DEBUG org.hibernate.HQL_FUNCTIONS - percentile_cont(NUMERIC arg)
2026-02-25 13:50:01 [main] DEBUG org.hibernate.HQL_FUNCTIONS - percentile_disc(NUMERIC arg)
2026-02-25 13:50:01 [main] DEBUG org.hibernate.HQL_FUNCTIONS - Double pi
2026-02-25 13:50:01 [main] DEBUG org.hibernate.HQL_FUNCTIONS - Integer position(STRING pattern in STRING string)
2026-02-25 13:50:01 [main] DEBUG org.hibernate.HQL_FUNCTIONS - Double power(NUMERIC arg0, NUMERIC arg1)
2026-02-25 13:50:01 [main] DEBUG org.hibernate.HQL_FUNCTIONS - Integer quarter(DATE arg)
2026-02-25 13:50:01 [main] DEBUG org.hibernate.HQL_FUNCTIONS - Double radians(NUMERIC arg)
2026-02-25 13:50:01 [main] DEBUG org.hibernate.HQL_FUNCTIONS - Double rand([INTEGER seed])
2026-02-25 13:50:01 [main] DEBUG org.hibernate.HQL_FUNCTIONS - Long rank([arg0[, ...]])
2026-02-25 13:50:01 [main] DEBUG org.hibernate.HQL_FUNCTIONS - String repeat(STRING string, INTEGER times)
2026-02-25 13:50:01 [main] DEBUG org.hibernate.HQL_FUNCTIONS - String replace(STRING string, STRING pattern, STRING replacement)
2026-02-25 13:50:01 [main] DEBUG org.hibernate.HQL_FUNCTIONS - String right(STRING string, INTEGER length)
2026-02-25 13:50:01 [main] DEBUG org.hibernate.HQL_FUNCTIONS - round(NUMERIC number[, INTEGER places])
2026-02-25 13:50:01 [main] DEBUG org.hibernate.HQL_FUNCTIONS - Long row_number()
2026-02-25 13:50:01 [main] DEBUG org.hibernate.HQL_FUNCTIONS - Long rownum()
2026-02-25 13:50:01 [main] DEBUG org.hibernate.HQL_FUNCTIONS - String rpad(STRING string, INTEGER length[, STRING padding])
2026-02-25 13:50:01 [main] DEBUG org.hibernate.HQL_FUNCTIONS - String rtrim(STRING string)
2026-02-25 13:50:01 [main] DEBUG org.hibernate.HQL_FUNCTIONS - Integer second(TIME arg)
2026-02-25 13:50:01 [main] DEBUG org.hibernate.HQL_FUNCTIONS - Integer sign(NUMERIC arg)
2026-02-25 13:50:01 [main] DEBUG org.hibernate.HQL_FUNCTIONS - Double sin(NUMERIC arg)
2026-02-25 13:50:01 [main] DEBUG org.hibernate.HQL_FUNCTIONS - Double sinh(NUMERIC arg)
2026-02-25 13:50:01 [main] DEBUG org.hibernate.HQL_FUNCTIONS - String soundex(arg)
2026-02-25 13:50:01 [main] DEBUG org.hibernate.HQL_FUNCTIONS - String space(INTEGER arg)
2026-02-25 13:50:01 [main] DEBUG org.hibernate.HQL_FUNCTIONS - Object sql
2026-02-25 13:50:01 [main] DEBUG org.hibernate.HQL_FUNCTIONS - Double sqrt(NUMERIC arg)
2026-02-25 13:50:01 [main] DEBUG org.hibernate.HQL_FUNCTIONS - Double stddev_pop(NUMERIC arg)
2026-02-25 13:50:01 [main] DEBUG org.hibernate.HQL_FUNCTIONS - Double stddev_samp(NUMERIC arg)
2026-02-25 13:50:01 [main] DEBUG org.hibernate.HQL_FUNCTIONS - String str(arg)
2026-02-25 13:50:01 [main] DEBUG org.hibernate.HQL_FUNCTIONS - String substr(STRING string, INTEGER start[, INTEGER length])
2026-02-25 13:50:01 [main] DEBUG org.hibernate.HQL_FUNCTIONS - String substring(STRING string{ from|,} INTEGER start[{ for|,} INTEGER length])
2026-02-25 13:50:01 [main] DEBUG org.hibernate.HQL_FUNCTIONS - sum(arg)
2026-02-25 13:50:01 [main] DEBUG org.hibernate.HQL_FUNCTIONS - Timestamp sysdate
2026-02-25 13:50:01 [main] DEBUG org.hibernate.HQL_FUNCTIONS - Double tan(NUMERIC arg)
2026-02-25 13:50:01 [main] DEBUG org.hibernate.HQL_FUNCTIONS - Double tanh(NUMERIC arg)
2026-02-25 13:50:01 [main] DEBUG org.hibernate.HQL_FUNCTIONS - timestampadd(TEMPORAL_UNIT field, INTEGER magnitude, TEMPORAL datetime)
2026-02-25 13:50:01 [main] DEBUG org.hibernate.HQL_FUNCTIONS - basicType@2(java.lang.Long,-5)|basicType@9(java.lang.Double,8) timestampdiff(TEMPORAL_UNIT field, TEMPORAL start, TEMPORAL end)
2026-02-25 13:50:01 [main] DEBUG org.hibernate.HQL_FUNCTIONS - String translate(STRING arg0, STRING arg1, STRING arg2)
2026-02-25 13:50:01 [main] DEBUG org.hibernate.HQL_FUNCTIONS - String trim([[{leading|trailing|both} ][STRING arg0 ]from] STRING arg1)
2026-02-25 13:50:01 [main] DEBUG org.hibernate.HQL_FUNCTIONS - trunc( ... )
2026-02-25 13:50:01 [main] DEBUG org.hibernate.HQL_FUNCTIONS - truncate( ... )
2026-02-25 13:50:01 [main] DEBUG org.hibernate.HQL_FUNCTIONS - String upper(STRING string)
2026-02-25 13:50:01 [main] DEBUG org.hibernate.HQL_FUNCTIONS - Double var_pop(NUMERIC arg)
2026-02-25 13:50:01 [main] DEBUG org.hibernate.HQL_FUNCTIONS - Double var_samp(NUMERIC arg)
2026-02-25 13:50:01 [main] DEBUG org.hibernate.HQL_FUNCTIONS - Integer week(DATE arg)
2026-02-25 13:50:01 [main] DEBUG org.hibernate.HQL_FUNCTIONS - Integer year(DATE arg)
2026-02-25 13:50:01 [main] DEBUG org.hibernate.orm.query.plan.cache - Starting QueryInterpretationCache(2048)
2026-02-25 13:50:01 [main] DEBUG o.h.s.i.SessionFactoryServiceRegistryImpl - EventListenerRegistry access via ServiceRegistry is deprecated.  Use `sessionFactory.getEventEngine().getListenerRegistry()` instead
2026-02-25 13:50:01 [main] DEBUG o.h.e.i.EntityCopyObserverFactoryInitiator - Configured EntityCopyObserver strategy: disallow
2026-02-25 13:50:01 [RMI TCP Connection(1)-10.2.3.185] DEBUG sun.rmi.transport.tcp - RMI TCP Connection(1)-10.2.3.185: (port 57284) op = 82
2026-02-25 13:50:01 [RMI TCP Connection(1)-10.2.3.185] DEBUG sun.rmi.transport.tcp - RMI TCP Connection(1)-10.2.3.185: (port 57284) op = 80
2026-02-25 13:50:01 [RMI TCP Connection(1)-10.2.3.185] DEBUG sun.rmi.transport.tcp - RMI TCP Connection(1)-10.2.3.185: (port 57284) op = 80
2026-02-25 13:50:01 [RMI TCP Connection(1)-10.2.3.185] DEBUG sun.rmi.loader - RMI TCP Connection(1)-10.2.3.185: name = "[Ljava.rmi.server.ObjID;", codebase = "", defaultLoader = jdk.internal.loader.ClassLoaders$PlatformClassLoader@2f727d39
2026-02-25 13:50:01 [RMI TCP Connection(1)-10.2.3.185] DEBUG sun.rmi.loader - RMI TCP Connection(1)-10.2.3.185: name = "java.rmi.server.ObjID", codebase = "", defaultLoader = jdk.internal.loader.ClassLoaders$PlatformClassLoader@2f727d39
2026-02-25 13:50:01 [RMI TCP Connection(1)-10.2.3.185] DEBUG sun.rmi.loader - RMI TCP Connection(1)-10.2.3.185: name = "java.rmi.server.UID", codebase = "", defaultLoader = jdk.internal.loader.ClassLoaders$PlatformClassLoader@2f727d39
2026-02-25 13:50:01 [RMI TCP Connection(1)-10.2.3.185] DEBUG sun.rmi.loader - RMI TCP Connection(1)-10.2.3.185: name = "java.rmi.dgc.Lease", codebase = "", defaultLoader = jdk.internal.loader.ClassLoaders$PlatformClassLoader@2f727d39
2026-02-25 13:50:01 [RMI TCP Connection(1)-10.2.3.185] DEBUG sun.rmi.loader - RMI TCP Connection(1)-10.2.3.185: name = "java.rmi.dgc.VMID", codebase = "", defaultLoader = jdk.internal.loader.ClassLoaders$PlatformClassLoader@2f727d39
2026-02-25 13:50:01 [RMI TCP Connection(1)-10.2.3.185] DEBUG sun.rmi.loader - RMI TCP Connection(1)-10.2.3.185: name = "[B", codebase = "", defaultLoader = jdk.internal.loader.ClassLoaders$PlatformClassLoader@2f727d39
2026-02-25 13:50:01 [RMI TCP Connection(1)-10.2.3.185] DEBUG sun.rmi.transport.tcp - RMI TCP Connection(1)-10.2.3.185: (port 57284) op = 84
2026-02-25 13:50:01 [RMI TCP Connection(1)-10.2.3.185] DEBUG sun.rmi.transport.tcp - RMI TCP Connection(1)-10.2.3.185: (port 57284) op = 80
2026-02-25 13:50:01 [RMI TCP Connection(1)-10.2.3.185] DEBUG sun.rmi.transport.tcp - RMI TCP Connection(1)-10.2.3.185: (port 57284) op = 80
2026-02-25 13:50:01 [RMI TCP Connection(1)-10.2.3.185] DEBUG sun.rmi.loader - RMI TCP Connection(1)-10.2.3.185: name = "javax.management.ObjectName", codebase = ""
2026-02-25 13:50:01 [RMI TCP Connection(1)-10.2.3.185] DEBUG javax.management.remote.rmi - connectionId=rmi://10.2.3.185  4, name=org.springframework.boot:type=Admin,name=SpringApplication, attribute=Ready
2026-02-25 13:50:01 [RMI TCP Connection(1)-10.2.3.185] DEBUG sun.rmi.server.call - RMI TCP Connection(1)-10.2.3.185: [10.2.3.185] exception: 
javax.management.InstanceNotFoundException: org.springframework.boot:type=Admin,name=SpringApplication
	at java.management/com.sun.jmx.interceptor.DefaultMBeanServerInterceptor.getMBean(DefaultMBeanServerInterceptor.java:1088)
	at java.management/com.sun.jmx.interceptor.DefaultMBeanServerInterceptor.getAttribute(DefaultMBeanServerInterceptor.java:640)
	at java.management/com.sun.jmx.mbeanserver.JmxMBeanServer.getAttribute(JmxMBeanServer.java:679)
	at java.management.rmi/javax.management.remote.rmi.RMIConnectionImpl.doOperation(RMIConnectionImpl.java:1449)
	at java.management.rmi/javax.management.remote.rmi.RMIConnectionImpl$PrivilegedOperation.run(RMIConnectionImpl.java:1310)
	at java.management.rmi/javax.management.remote.rmi.RMIConnectionImpl.doPrivilegedOperation(RMIConnectionImpl.java:1405)
	at java.management.rmi/javax.management.remote.rmi.RMIConnectionImpl.getAttribute(RMIConnectionImpl.java:639)
	at java.base/jdk.internal.reflect.NativeMethodAccessorImpl.invoke0(Native Method)
	at java.base/jdk.internal.reflect.NativeMethodAccessorImpl.invoke(NativeMethodAccessorImpl.java:77)
	at java.base/jdk.internal.reflect.DelegatingMethodAccessorImpl.invoke(DelegatingMethodAccessorImpl.java:43)
	at java.base/java.lang.reflect.Method.invoke(Method.java:569)
	at java.rmi/sun.rmi.server.UnicastServerRef.dispatch(UnicastServerRef.java:360)
	at java.rmi/sun.rmi.transport.Transport$1.run(Transport.java:200)
	at java.rmi/sun.rmi.transport.Transport$1.run(Transport.java:197)
	at java.base/java.security.AccessController.doPrivileged(AccessController.java:712)
	at java.rmi/sun.rmi.transport.Transport.serviceCall(Transport.java:196)
	at java.rmi/sun.rmi.transport.tcp.TCPTransport.handleMessages(TCPTransport.java:587)
	at java.rmi/sun.rmi.transport.tcp.TCPTransport$ConnectionHandler.run0(TCPTransport.java:828)
	at java.rmi/sun.rmi.transport.tcp.TCPTransport$ConnectionHandler.lambda$run$0(TCPTransport.java:705)
	at java.base/java.security.AccessController.doPrivileged(AccessController.java:399)
	at java.rmi/sun.rmi.transport.tcp.TCPTransport$ConnectionHandler.run(TCPTransport.java:704)
	at java.base/java.util.concurrent.ThreadPoolExecutor.runWorker(ThreadPoolExecutor.java:1136)
	at java.base/java.util.concurrent.ThreadPoolExecutor$Worker.run(ThreadPoolExecutor.java:635)
	at java.base/java.lang.Thread.run(Thread.java:840)
2026-02-25 13:50:01 [RMI TCP Connection(1)-10.2.3.185] DEBUG sun.rmi.transport.tcp - RMI TCP Connection(1)-10.2.3.185: (port 57284) op = 80
2026-02-25 13:50:01 [RMI TCP Connection(1)-10.2.3.185] DEBUG javax.management.remote.rmi - [javax.management.remote.rmi.RMIConnectionImpl@8cee4c: connectionId=rmi://10.2.3.185  4] closing.
2026-02-25 13:50:01 [RMI TCP Connection(1)-10.2.3.185] DEBUG javax.management.remote.rmi - [javax.management.remote.rmi.RMIConnectionImpl@8cee4c: connectionId=rmi://10.2.3.185  4] closed.
2026-02-25 13:50:01 [main] DEBUG o.h.b.internal.ClassLoaderAccessImpl - Not known whether passed class name [com.taskmanagement.entity.Goal] is safe
2026-02-25 13:50:01 [main] DEBUG o.h.b.internal.ClassLoaderAccessImpl - No temp ClassLoader provided; using live ClassLoader for loading potentially unsafe class : com.taskmanagement.entity.Goal
2026-02-25 13:50:01 [main] DEBUG o.h.b.i.b.BytecodeProviderImpl - HHH000513: Unable to create the ReflectionOptimizer for [com.taskmanagement.entity.Goal]: private accessor [completionDate]
2026-02-25 13:50:01 [main] DEBUG o.h.b.internal.ClassLoaderAccessImpl - Not known whether passed class name [com.taskmanagement.entity.Task] is safe
2026-02-25 13:50:01 [main] DEBUG o.h.b.internal.ClassLoaderAccessImpl - No temp ClassLoader provided; using live ClassLoader for loading potentially unsafe class : com.taskmanagement.entity.Task
2026-02-25 13:50:01 [main] DEBUG o.h.b.i.b.BytecodeProviderImpl - HHH000513: Unable to create the ReflectionOptimizer for [com.taskmanagement.entity.Task]: private accessor [actualHours]
2026-02-25 13:50:01 [main] DEBUG org.hibernate.orm.jdbc.mutation - Skipping collection (re)creation - com.taskmanagement.entity.Goal.tasks
2026-02-25 13:50:01 [main] DEBUG org.hibernate.orm.jdbc.mutation - Skipping collection row deletions - com.taskmanagement.entity.Goal.tasks
2026-02-25 13:50:01 [main] DEBUG org.hibernate.orm.jdbc.mutation - Skipping collection removals - com.taskmanagement.entity.Goal.tasks
2026-02-25 13:50:01 [main] DEBUG o.h.orm.model.mapping.creation - Starting post-init callbacks
2026-02-25 13:50:01 [main] DEBUG o.h.orm.model.mapping.creation - Starting PostInitCallbackEntry : PluralAttributeMapping( NavigableRole[com.taskmanagement.entity.Goal.tasks#{element}]) - element descriptor
2026-02-25 13:50:01 [main] DEBUG o.h.orm.model.mapping.creation - Starting PostInitCallbackEntry : PluralAttributeMapping(com.taskmanagement.entity.Goal.tasks)#finishInitialization
2026-02-25 13:50:01 [main] DEBUG o.h.m.m.i.PluralAttributeMappingImpl - Translating order-by fragment [displayOrder ASC, createdAt ASC] for collection role : com.taskmanagement.entity.Goal.tasks
2026-02-25 13:50:01 [main] DEBUG o.h.orm.model.mapping.creation - Starting PostInitCallbackEntry : PluralAttributeMapping(com.taskmanagement.entity.Goal.tasks) - key descriptor
2026-02-25 13:50:01 [main] DEBUG o.h.orm.model.mapping.creation - Starting PostInitCallbackEntry : Entity(com.taskmanagement.entity.Goal) `staticFetchableList` generator
2026-02-25 13:50:01 [main] DEBUG o.h.orm.model.mapping.creation - Starting PostInitCallbackEntry : To-one key - NavigableRole[com.taskmanagement.entity.Task.goal]
2026-02-25 13:50:01 [main] DEBUG o.h.orm.model.mapping.creation - Starting PostInitCallbackEntry : Entity(com.taskmanagement.entity.Task) `staticFetchableList` generator
2026-02-25 13:50:01 [main] DEBUG o.h.orm.model.mapping.creation - Starting PostInitCallbackEntry : PluralAttributeMapping( NavigableRole[com.taskmanagement.entity.Goal.tasks#{element}]) - element descriptor
2026-02-25 13:50:01 [main] DEBUG org.hibernate.orm.sql.ast.create - Created new SQL alias : g1_0
2026-02-25 13:50:01 [main] DEBUG org.hibernate.orm.sql.ast.create - Registration of TableGroup [StandardTableGroup(com.taskmanagement.entity.Goal)] with identifierForTableGroup [com.taskmanagement.entity.Goal] for NavigablePath [com.taskmanagement.entity.Goal] 
2026-02-25 13:50:01 [main] DEBUG org.hibernate.orm.results.graph.AST - DomainResult Graph:
 \-EntityResultImpl [com.taskmanagement.entity.Goal]
 |  +-BasicFetch [com.taskmanagement.entity.Goal.completionDate]
 |  +-BasicFetch [com.taskmanagement.entity.Goal.createdAt]
 |  +-BasicFetch [com.taskmanagement.entity.Goal.description]
 |  +-BasicFetch [com.taskmanagement.entity.Goal.priority]
 |  +-BasicFetch [com.taskmanagement.entity.Goal.progressPercentage]
 |  +-BasicFetch [com.taskmanagement.entity.Goal.status]
 |  +-BasicFetch [com.taskmanagement.entity.Goal.targetDate]
 |  +-DelayedCollectionFetch [com.taskmanagement.entity.Goal.tasks]
 |  +-BasicFetch [com.taskmanagement.entity.Goal.title]
 |  +-BasicFetch [com.taskmanagement.entity.Goal.updatedAt]
 |  \-BasicFetch [com.taskmanagement.entity.Goal.userId]

2026-02-25 13:50:01 [main] DEBUG org.hibernate.orm.sql.ast.tree - SQL AST Tree:
    SelectStatement {
      FromClause {
        StandardTableGroup (g1 : com.taskmanagement.entity.Goal) {
          primaryTableReference : goals as g1_0
        }
      }
    }

2026-02-25 13:50:01 [main] DEBUG o.h.p.entity.AbstractEntityPersister - Static SQL for entity: com.taskmanagement.entity.Goal
2026-02-25 13:50:01 [main] DEBUG o.h.p.entity.AbstractEntityPersister -  Version select: select id from goals where id=?
2026-02-25 13:50:01 [main] DEBUG o.h.p.entity.AbstractEntityPersister -  Insert (0): insert into goals (completion_date,created_at,description,priority,progress_percentage,status,target_date,title,updated_at,user_id,id) values (?,?,?,?,?,?,?,?,?,?,default)
2026-02-25 13:50:01 [main] DEBUG o.h.p.entity.AbstractEntityPersister -  Update (0): update goals set completion_date=?,description=?,priority=?,progress_percentage=?,status=?,target_date=?,title=?,updated_at=?,user_id=? where id=?
2026-02-25 13:50:01 [main] DEBUG o.h.p.entity.AbstractEntityPersister -  Delete (0): delete from goals where id=?
2026-02-25 13:50:01 [main] DEBUG org.hibernate.orm.sql.ast.create - Created new SQL alias : t1_0
2026-02-25 13:50:01 [main] DEBUG org.hibernate.orm.sql.ast.create - Registration of TableGroup [StandardTableGroup(com.taskmanagement.entity.Task)] with identifierForTableGroup [com.taskmanagement.entity.Task] for NavigablePath [com.taskmanagement.entity.Task] 
2026-02-25 13:50:01 [main] DEBUG org.hibernate.orm.sql.ast.create - Registration of TableGroup [org.hibernate.sql.ast.tree.from.LazyTableGroup@112a50a1] with identifierForTableGroup [com.taskmanagement.entity.Task.goal] for NavigablePath [com.taskmanagement.entity.Task.goal] 
2026-02-25 13:50:01 [main] DEBUG org.hibernate.orm.results.graph.AST - DomainResult Graph:
 \-EntityResultImpl [com.taskmanagement.entity.Task]
 |  +-BasicFetch [com.taskmanagement.entity.Task.actualHours]
 |  +-BasicFetch [com.taskmanagement.entity.Task.completed]
 |  +-BasicFetch [com.taskmanagement.entity.Task.completedAt]
 |  +-BasicFetch [com.taskmanagement.entity.Task.createdAt]
 |  +-BasicFetch [com.taskmanagement.entity.Task.description]
 |  +-BasicFetch [com.taskmanagement.entity.Task.displayOrder]
 |  +-BasicFetch [com.taskmanagement.entity.Task.dueDate]
 |  +-BasicFetch [com.taskmanagement.entity.Task.estimatedHours]
 |  +-EntityDelayedFetchImpl [com.taskmanagement.entity.Task.goal]
 |  +-BasicFetch [com.taskmanagement.entity.Task.priority]
 |  +-BasicFetch [com.taskmanagement.entity.Task.status]
 |  +-BasicFetch [com.taskmanagement.entity.Task.title]
 |  \-BasicFetch [com.taskmanagement.entity.Task.updatedAt]

2026-02-25 13:50:01 [main] DEBUG org.hibernate.orm.sql.ast.tree - SQL AST Tree:
    SelectStatement {
      FromClause {
        StandardTableGroup (t1 : com.taskmanagement.entity.Task) {
          primaryTableReference : tasks as t1_0
          TableGroupJoins {
            left  join LazyTableGroup (g1 : com.taskmanagement.entity.Task.goal) {
            }
          }
        }
      }
    }

2026-02-25 13:50:01 [main] DEBUG o.h.p.entity.AbstractEntityPersister - Static SQL for entity: com.taskmanagement.entity.Task
2026-02-25 13:50:01 [main] DEBUG o.h.p.entity.AbstractEntityPersister -  Version select: select id from tasks where id=?
2026-02-25 13:50:01 [main] DEBUG o.h.p.entity.AbstractEntityPersister -  Insert (0): insert into tasks (actual_hours,is_completed,completed_at,created_at,description,display_order,due_date,estimated_hours,goal_id,priority,status,title,updated_at,id) values (?,?,?,?,?,?,?,?,?,?,?,?,?,default)
2026-02-25 13:50:01 [main] DEBUG o.h.p.entity.AbstractEntityPersister -  Update (0): update tasks set actual_hours=?,is_completed=?,completed_at=?,description=?,display_order=?,due_date=?,estimated_hours=?,goal_id=?,priority=?,status=?,title=?,updated_at=? where id=?
2026-02-25 13:50:01 [main] DEBUG o.h.p.entity.AbstractEntityPersister -  Delete (0): delete from tasks where id=?
2026-02-25 13:50:01 [main] DEBUG org.hibernate.orm.sql.ast.create - Created new SQL alias : t1_0
2026-02-25 13:50:01 [main] DEBUG org.hibernate.orm.sql.ast.create - Registration of TableGroup [org.hibernate.sql.ast.tree.from.OneToManyTableGroup@7a85454b] with identifierForTableGroup [com.taskmanagement.entity.Goal.tasks] for NavigablePath [com.taskmanagement.entity.Goal.tasks] 
2026-02-25 13:50:01 [main] DEBUG org.hibernate.orm.sql.ast.create - Registration of TableGroup [StandardTableGroup(com.taskmanagement.entity.Goal.tasks.{element})] with identifierForTableGroup [com.taskmanagement.entity.Goal.tasks.{element}] for NavigablePath [com.taskmanagement.entity.Goal.tasks.{element}] 
2026-02-25 13:50:01 [main] DEBUG org.hibernate.orm.sql.ast.create - Registration of TableGroup [org.hibernate.sql.ast.tree.from.LazyTableGroup@63614cdd] with identifierForTableGroup [com.taskmanagement.entity.Goal.tasks.{element}.goal] for NavigablePath [com.taskmanagement.entity.Goal.tasks.{element}.goal] 
2026-02-25 13:50:01 [main] DEBUG org.hibernate.orm.results.graph.AST - DomainResult Graph:
 \-CollectionDomainResult [com.taskmanagement.entity.Goal.tasks]

2026-02-25 13:50:01 [main] DEBUG org.hibernate.orm.sql.ast.tree - SQL AST Tree:
    SelectStatement {
      FromClause {
        OneToManyTableGroup (t1 : com.taskmanagement.entity.Goal.tasks) {
          primaryTableReference : tasks as t1_0
          TableGroupJoins {
            left  join LazyTableGroup (g1 : com.taskmanagement.entity.Goal.tasks.{element}.goal) {
            }
          }
        }
      }
    }

2026-02-25 13:50:01 [main] DEBUG org.hibernate.orm.jdbc.mutation - Static SQL for collection: com.taskmanagement.entity.Goal.tasks
2026-02-25 13:50:01 [main] INFO  o.h.e.t.j.p.i.JtaPlatformInitiator - HHH000489: No JTA platform available (set 'hibernate.transaction.jta.platform' to enable JTA platform integration)
2026-02-25 13:50:01 [main] DEBUG o.h.type.spi.TypeConfiguration$Scope - Scoping TypeConfiguration [org.hibernate.type.spi.TypeConfiguration@356fa0d1] to SessionFactoryImplementor [org.hibernate.internal.SessionFactoryImpl@2f025e9e]
2026-02-25 13:50:01 [main] DEBUG o.h.q.named.NamedObjectRepository - Checking 0 named HQL queries
2026-02-25 13:50:01 [main] DEBUG o.h.q.named.NamedObjectRepository - Checking 0 named SQL queries
2026-02-25 13:50:01 [main] DEBUG org.hibernate.SQL - 
    drop table if exists goals cascade 
2026-02-25 13:50:01 [main] DEBUG org.hibernate.SQL - 
    drop table if exists tasks cascade 
2026-02-25 13:50:01 [main] DEBUG org.hibernate.SQL - 
    create table goals (
        completion_date date,
        progress_percentage integer not null,
        target_date date,
        created_at timestamp(6) not null,
        id bigint generated by default as identity,
        updated_at timestamp(6),
        user_id bigint not null,
        description TEXT,
        priority varchar(255) not null check (priority in ('LOW','MEDIUM','HIGH','URGENT')),
        status varchar(255) not null check (status in ('NOT_STARTED','IN_PROGRESS','ON_HOLD','COMPLETED','CANCELLED')),
        title varchar(255) not null,
        primary key (id)
    )
2026-02-25 13:50:01 [main] DEBUG org.hibernate.SQL - 
    create table tasks (
        actual_hours float(53),
        display_order integer,
        due_date date,
        estimated_hours float(53),
        is_completed boolean not null,
        completed_at timestamp(6),
        created_at timestamp(6) not null,
        goal_id bigint not null,
        id bigint generated by default as identity,
        updated_at timestamp(6),
        description TEXT,
        priority varchar(255) not null check (priority in ('LOW','MEDIUM','HIGH','URGENT')),
        status varchar(255) not null check (status in ('TODO','IN_PROGRESS','IN_REVIEW','COMPLETED','BLOCKED','CANCELLED')),
        title varchar(255) not null,
        primary key (id)
    )
2026-02-25 13:50:01 [main] DEBUG org.hibernate.SQL - 
    create index idx_goal_user 
       on goals (user_id)
2026-02-25 13:50:01 [main] DEBUG org.hibernate.SQL - 
    create index idx_goal_status 
       on goals (status)
2026-02-25 13:50:01 [main] DEBUG org.hibernate.SQL - 
    create index idx_task_goal 
       on tasks (goal_id)
2026-02-25 13:50:01 [main] DEBUG org.hibernate.SQL - 
    create index idx_task_status 
       on tasks (status)
2026-02-25 13:50:01 [main] DEBUG org.hibernate.SQL - 
    create index idx_task_due_date 
       on tasks (due_date)
2026-02-25 13:50:01 [main] DEBUG org.hibernate.SQL - 
    alter table if exists tasks 
       add constraint FKacjm73w3vfy4x7gj42hd1ltkb 
       foreign key (goal_id) 
       references goals
2026-02-25 13:50:01 [main] DEBUG o.h.internal.SessionFactoryRegistry - Initializing SessionFactoryRegistry : org.hibernate.internal.SessionFactoryRegistry@7827cdfc
2026-02-25 13:50:01 [main] DEBUG o.h.internal.SessionFactoryRegistry - Registering SessionFactory: 53e1f24a-a4b6-47f9-80d3-dea8b9919b8f (<unnamed>)
2026-02-25 13:50:01 [main] DEBUG o.h.internal.SessionFactoryRegistry - Not binding SessionFactory to JNDI, no JNDI name configured
2026-02-25 13:50:01 [main] DEBUG o.h.internal.SessionFactoryImpl - Instantiated SessionFactory
2026-02-25 13:50:01 [main] INFO  o.s.o.j.LocalContainerEntityManagerFactoryBean - Initialized JPA EntityManagerFactory for persistence unit 'default'
2026-02-25 13:50:01 [main] DEBUG o.s.b.f.s.DefaultListableBeanFactory - Creating shared instance of singleton bean 'taskManagementServiceApplication'
2026-02-25 13:50:01 [main] DEBUG o.s.b.f.s.DefaultListableBeanFactory - Creating shared instance of singleton bean 'openApiConfig'
2026-02-25 13:50:01 [main] DEBUG o.s.b.f.s.DefaultListableBeanFactory - Creating shared instance of singleton bean 'goalController'
2026-02-25 13:50:01 [main] DEBUG o.s.b.f.s.DefaultListableBeanFactory - Creating shared instance of singleton bean 'goalServiceImpl'
2026-02-25 13:50:01 [main] DEBUG o.s.b.f.s.DefaultListableBeanFactory - Creating shared instance of singleton bean 'goalRepository'
2026-02-25 13:50:01 [main] DEBUG o.s.b.f.s.DefaultListableBeanFactory - Creating shared instance of singleton bean 'jpa.named-queries#1'
2026-02-25 13:50:01 [main] DEBUG o.s.b.f.s.DefaultListableBeanFactory - Creating shared instance of singleton bean 'jpa.GoalRepository.fragments#0'
2026-02-25 13:50:01 [main] DEBUG o.s.b.f.s.DefaultListableBeanFactory - Creating shared instance of singleton bean 'jpaSharedEM_entityManagerFactory'
2026-02-25 13:50:01 [main] DEBUG o.s.b.f.s.DefaultListableBeanFactory - Creating shared instance of singleton bean 'jpaMappingContext'
2026-02-25 13:50:01 [main] DEBUG o.s.d.j.r.c.JpaMetamodelMappingContextFactoryBean - Initializing JpaMetamodelMappingContext…
2026-02-25 13:50:01 [main] DEBUG o.s.d.j.r.c.JpaMetamodelMappingContextFactoryBean - Finished initializing JpaMetamodelMappingContext
2026-02-25 13:50:01 [main] DEBUG o.s.o.j.SharedEntityManagerCreator$SharedEntityManagerInvocationHandler - Creating new EntityManager for shared EntityManager invocation
2026-02-25 13:50:01 [main] DEBUG o.h.s.internal.StatisticsInitiator - Statistics initialized [enabled=false]
2026-02-25 13:50:01 [main] DEBUG o.s.o.j.SharedEntityManagerCreator$SharedEntityManagerInvocationHandler - Creating new EntityManager for shared EntityManager invocation
2026-02-25 13:50:01 [RMI TCP Connection(1)-10.2.3.185] DEBUG sun.rmi.transport.tcp - RMI TCP Connection(1)-10.2.3.185: (port 57284) op = 82
2026-02-25 13:50:01 [RMI TCP Connection(1)-10.2.3.185] DEBUG sun.rmi.transport.tcp - RMI TCP Connection(1)-10.2.3.185: (port 57284) op = 80
2026-02-25 13:50:01 [RMI TCP Connection(1)-10.2.3.185] DEBUG sun.rmi.transport.tcp - RMI TCP Connection(1)-10.2.3.185: (port 57284) op = 82
2026-02-25 13:50:01 [RMI TCP Connection(1)-10.2.3.185] DEBUG sun.rmi.transport.tcp - RMI TCP Connection(1)-10.2.3.185: (port 57284) op = 80
2026-02-25 13:50:01 [RMI TCP Connection(1)-10.2.3.185] DEBUG sun.rmi.loader - RMI TCP Connection(1)-10.2.3.185: name = "[Ljava.rmi.server.ObjID;", codebase = "", defaultLoader = jdk.internal.loader.ClassLoaders$PlatformClassLoader@2f727d39
2026-02-25 13:50:01 [RMI TCP Connection(1)-10.2.3.185] DEBUG sun.rmi.loader - RMI TCP Connection(1)-10.2.3.185: name = "java.rmi.server.ObjID", codebase = "", defaultLoader = jdk.internal.loader.ClassLoaders$PlatformClassLoader@2f727d39
2026-02-25 13:50:01 [RMI TCP Connection(1)-10.2.3.185] DEBUG sun.rmi.loader - RMI TCP Connection(1)-10.2.3.185: name = "java.rmi.server.UID", codebase = "", defaultLoader = jdk.internal.loader.ClassLoaders$PlatformClassLoader@2f727d39
2026-02-25 13:50:01 [RMI TCP Connection(1)-10.2.3.185] DEBUG sun.rmi.loader - RMI TCP Connection(1)-10.2.3.185: name = "java.rmi.dgc.Lease", codebase = "", defaultLoader = jdk.internal.loader.ClassLoaders$PlatformClassLoader@2f727d39
2026-02-25 13:50:01 [RMI TCP Connection(1)-10.2.3.185] DEBUG sun.rmi.loader - RMI TCP Connection(1)-10.2.3.185: name = "java.rmi.dgc.VMID", codebase = "", defaultLoader = jdk.internal.loader.ClassLoaders$PlatformClassLoader@2f727d39
2026-02-25 13:50:01 [RMI TCP Connection(1)-10.2.3.185] DEBUG sun.rmi.loader - RMI TCP Connection(1)-10.2.3.185: name = "[B", codebase = "", defaultLoader = jdk.internal.loader.ClassLoaders$PlatformClassLoader@2f727d39
2026-02-25 13:50:01 [RMI TCP Connection(1)-10.2.3.185] DEBUG sun.rmi.transport.tcp - RMI TCP Connection(1)-10.2.3.185: (port 57284) op = 82
2026-02-25 13:50:01 [RMI TCP Connection(1)-10.2.3.185] DEBUG sun.rmi.transport.tcp - RMI TCP Connection(1)-10.2.3.185: (port 57284) op = 84
2026-02-25 13:50:01 [RMI TCP Connection(1)-10.2.3.185] DEBUG sun.rmi.transport.tcp - RMI TCP Connection(1)-10.2.3.185: (port 57284) op = 82
2026-02-25 13:50:01 [RMI TCP Connection(1)-10.2.3.185] DEBUG sun.rmi.transport.tcp - RMI TCP Connection(1)-10.2.3.185: (port 57284) op = 80
2026-02-25 13:50:01 [RMI TCP Connection(1)-10.2.3.185] DEBUG sun.rmi.transport.tcp - RMI TCP Connection(1)-10.2.3.185: (port 57284) op = 80
2026-02-25 13:50:01 [RMI TCP Connection(1)-10.2.3.185] DEBUG sun.rmi.loader - RMI TCP Connection(1)-10.2.3.185: name = "javax.management.ObjectName", codebase = ""
2026-02-25 13:50:01 [RMI TCP Connection(1)-10.2.3.185] DEBUG javax.management.remote.rmi - connectionId=rmi://10.2.3.185  5, name=org.springframework.boot:type=Admin,name=SpringApplication, attribute=Ready
2026-02-25 13:50:01 [RMI TCP Connection(1)-10.2.3.185] DEBUG sun.rmi.server.call - RMI TCP Connection(1)-10.2.3.185: [10.2.3.185] exception: 
javax.management.InstanceNotFoundException: org.springframework.boot:type=Admin,name=SpringApplication
	at java.management/com.sun.jmx.interceptor.DefaultMBeanServerInterceptor.getMBean(DefaultMBeanServerInterceptor.java:1088)
	at java.management/com.sun.jmx.interceptor.DefaultMBeanServerInterceptor.getAttribute(DefaultMBeanServerInterceptor.java:640)
	at java.management/com.sun.jmx.mbeanserver.JmxMBeanServer.getAttribute(JmxMBeanServer.java:679)
	at java.management.rmi/javax.management.remote.rmi.RMIConnectionImpl.doOperation(RMIConnectionImpl.java:1449)
	at java.management.rmi/javax.management.remote.rmi.RMIConnectionImpl$PrivilegedOperation.run(RMIConnectionImpl.java:1310)
	at java.management.rmi/javax.management.remote.rmi.RMIConnectionImpl.doPrivilegedOperation(RMIConnectionImpl.java:1405)
	at java.management.rmi/javax.management.remote.rmi.RMIConnectionImpl.getAttribute(RMIConnectionImpl.java:639)
	at java.base/jdk.internal.reflect.NativeMethodAccessorImpl.invoke0(Native Method)
	at java.base/jdk.internal.reflect.NativeMethodAccessorImpl.invoke(NativeMethodAccessorImpl.java:77)
	at java.base/jdk.internal.reflect.DelegatingMethodAccessorImpl.invoke(DelegatingMethodAccessorImpl.java:43)
	at java.base/java.lang.reflect.Method.invoke(Method.java:569)
	at java.rmi/sun.rmi.server.UnicastServerRef.dispatch(UnicastServerRef.java:360)
	at java.rmi/sun.rmi.transport.Transport$1.run(Transport.java:200)
	at java.rmi/sun.rmi.transport.Transport$1.run(Transport.java:197)
	at java.base/java.security.AccessController.doPrivileged(AccessController.java:712)
	at java.rmi/sun.rmi.transport.Transport.serviceCall(Transport.java:196)
	at java.rmi/sun.rmi.transport.tcp.TCPTransport.handleMessages(TCPTransport.java:587)
	at java.rmi/sun.rmi.transport.tcp.TCPTransport$ConnectionHandler.run0(TCPTransport.java:828)
	at java.rmi/sun.rmi.transport.tcp.TCPTransport$ConnectionHandler.lambda$run$0(TCPTransport.java:705)
	at java.base/java.security.AccessController.doPrivileged(AccessController.java:399)
	at java.rmi/sun.rmi.transport.tcp.TCPTransport$ConnectionHandler.run(TCPTransport.java:704)
	at java.base/java.util.concurrent.ThreadPoolExecutor.runWorker(ThreadPoolExecutor.java:1136)
	at java.base/java.util.concurrent.ThreadPoolExecutor$Worker.run(ThreadPoolExecutor.java:635)
	at java.base/java.lang.Thread.run(Thread.java:840)
2026-02-25 13:50:01 [RMI TCP Connection(1)-10.2.3.185] DEBUG sun.rmi.transport.tcp - RMI TCP Connection(1)-10.2.3.185: (port 57284) op = 80
2026-02-25 13:50:01 [RMI TCP Connection(1)-10.2.3.185] DEBUG javax.management.remote.rmi - [javax.management.remote.rmi.RMIConnectionImpl@2edfc839: connectionId=rmi://10.2.3.185  5] closing.
2026-02-25 13:50:01 [RMI TCP Connection(1)-10.2.3.185] DEBUG javax.management.remote.rmi - [javax.management.remote.rmi.RMIConnectionImpl@2edfc839: connectionId=rmi://10.2.3.185  5] closed.
2026-02-25 13:50:01 [main] DEBUG o.s.d.r.c.s.RepositoryFactorySupport - Initializing repository instance for com.taskmanagement.repository.GoalRepository…
2026-02-25 13:50:01 [main] DEBUG o.s.o.j.SharedEntityManagerCreator$SharedEntityManagerInvocationHandler - Creating new EntityManager for shared EntityManager invocation
2026-02-25 13:50:01 [main] INFO  o.s.d.j.r.query.QueryEnhancerFactory - Hibernate is in classpath; If applicable, HQL parser will be used.
2026-02-25 13:50:02 [main] DEBUG o.h.r.t.b.j.i.JdbcResourceLocalTransactionCoordinatorImpl - JDBC transaction marked for rollback-only (exception provided for stack trace)
java.lang.Exception: exception just for purpose of providing stack trace
	at org.hibernate.resource.transaction.backend.jdbc.internal.JdbcResourceLocalTransactionCoordinatorImpl$TransactionDriverControlImpl.markRollbackOnly(JdbcResourceLocalTransactionCoordinatorImpl.java:310)
	at org.hibernate.internal.AbstractSharedSessionContract.buildNamedQuery(AbstractSharedSessionContract.java:1097)
	at org.hibernate.internal.AbstractSharedSessionContract.createNamedQuery(AbstractSharedSessionContract.java:975)
	at org.hibernate.internal.AbstractSharedSessionContract.createNamedQuery(AbstractSharedSessionContract.java:136)
	at java.base/jdk.internal.reflect.NativeMethodAccessorImpl.invoke0(Native Method)
	at java.base/jdk.internal.reflect.NativeMethodAccessorImpl.invoke(NativeMethodAccessorImpl.java:77)
	at java.base/jdk.internal.reflect.DelegatingMethodAccessorImpl.invoke(DelegatingMethodAccessorImpl.java:43)
	at java.base/java.lang.reflect.Method.invoke(Method.java:569)
	at org.springframework.orm.jpa.ExtendedEntityManagerCreator$ExtendedEntityManagerInvocationHandler.invoke(ExtendedEntityManagerCreator.java:364)
	at jdk.proxy2/jdk.proxy2.$Proxy152.createNamedQuery(Unknown Source)
	at org.springframework.data.jpa.repository.query.NamedQuery.hasNamedQuery(NamedQuery.java:113)
	at org.springframework.data.jpa.repository.query.JpaQueryLookupStrategy$DeclaredQueryLookupStrategy.getCountQuery(JpaQueryLookupStrategy.java:204)
	at org.springframework.data.jpa.repository.query.JpaQueryLookupStrategy$DeclaredQueryLookupStrategy.resolveQuery(JpaQueryLookupStrategy.java:171)
	at org.springframework.data.jpa.repository.query.JpaQueryLookupStrategy$CreateIfNotFoundQueryLookupStrategy.resolveQuery(JpaQueryLookupStrategy.java:252)
	at org.springframework.data.jpa.repository.query.JpaQueryLookupStrategy$AbstractQueryLookupStrategy.resolveQuery(JpaQueryLookupStrategy.java:95)
	at org.springframework.data.repository.core.support.QueryExecutorMethodInterceptor.lookupQuery(QueryExecutorMethodInterceptor.java:111)
	at org.springframework.data.repository.core.support.QueryExecutorMethodInterceptor.mapMethodsToQuery(QueryExecutorMethodInterceptor.java:99)
	at org.springframework.data.repository.core.support.QueryExecutorMethodInterceptor.lambda$new$0(QueryExecutorMethodInterceptor.java:88)
	at java.base/java.util.Optional.map(Optional.java:260)
	at org.springframework.data.repository.core.support.QueryExecutorMethodInterceptor.<init>(QueryExecutorMethodInterceptor.java:88)
	at org.springframework.data.repository.core.support.RepositoryFactorySupport.getRepository(RepositoryFactorySupport.java:357)
	at org.springframework.data.repository.core.support.RepositoryFactoryBeanSupport.lambda$afterPropertiesSet$5(RepositoryFactoryBeanSupport.java:279)
	at org.springframework.data.util.Lazy.getNullable(Lazy.java:135)
	at org.springframework.data.util.Lazy.get(Lazy.java:113)
	at org.springframework.data.repository.core.support.RepositoryFactoryBeanSupport.afterPropertiesSet(RepositoryFactoryBeanSupport.java:285)
	at org.springframework.data.jpa.repository.support.JpaRepositoryFactoryBean.afterPropertiesSet(JpaRepositoryFactoryBean.java:132)
	at org.springframework.beans.factory.support.AbstractAutowireCapableBeanFactory.invokeInitMethods(AbstractAutowireCapableBeanFactory.java:1833)
	at org.springframework.beans.factory.support.AbstractAutowireCapableBeanFactory.initializeBean(AbstractAutowireCapableBeanFactory.java:1782)
	at org.springframework.beans.factory.support.AbstractAutowireCapableBeanFactory.doCreateBean(AbstractAutowireCapableBeanFactory.java:600)
	at org.springframework.beans.factory.support.AbstractAutowireCapableBeanFactory.createBean(AbstractAutowireCapableBeanFactory.java:522)
	at org.springframework.beans.factory.support.AbstractBeanFactory.lambda$doGetBean$0(AbstractBeanFactory.java:326)
	at org.springframework.beans.factory.support.DefaultSingletonBeanRegistry.getSingleton(DefaultSingletonBeanRegistry.java:234)
	at org.springframework.beans.factory.support.AbstractBeanFactory.doGetBean(AbstractBeanFactory.java:324)
	at org.springframework.beans.factory.support.AbstractBeanFactory.getBean(AbstractBeanFactory.java:200)
	at org.springframework.beans.factory.config.DependencyDescriptor.resolveCandidate(DependencyDescriptor.java:254)
	at org.springframework.beans.factory.support.DefaultListableBeanFactory.doResolveDependency(DefaultListableBeanFactory.java:1443)
	at org.springframework.beans.factory.support.DefaultListableBeanFactory.resolveDependency(DefaultListableBeanFactory.java:1353)
	at org.springframework.beans.factory.support.ConstructorResolver.resolveAutowiredArgument(ConstructorResolver.java:904)
	at org.springframework.beans.factory.support.ConstructorResolver.createArgumentArray(ConstructorResolver.java:782)
	at org.springframework.beans.factory.support.ConstructorResolver.autowireConstructor(ConstructorResolver.java:237)
	at org.springframework.beans.factory.support.AbstractAutowireCapableBeanFactory.autowireConstructor(AbstractAutowireCapableBeanFactory.java:1355)
	at org.springframework.beans.factory.support.AbstractAutowireCapableBeanFactory.createBeanInstance(AbstractAutowireCapableBeanFactory.java:1192)
	at org.springframework.beans.factory.support.AbstractAutowireCapableBeanFactory.doCreateBean(AbstractAutowireCapableBeanFactory.java:562)
	at org.springframework.beans.factory.support.AbstractAutowireCapableBeanFactory.createBean(AbstractAutowireCapableBeanFactory.java:522)
	at org.springframework.beans.factory.support.AbstractBeanFactory.lambda$doGetBean$0(AbstractBeanFactory.java:326)
	at org.springframework.beans.factory.support.DefaultSingletonBeanRegistry.getSingleton(DefaultSingletonBeanRegistry.java:234)
	at org.springframework.beans.factory.support.AbstractBeanFactory.doGetBean(AbstractBeanFactory.java:324)
	at org.springframework.beans.factory.support.AbstractBeanFactory.getBean(AbstractBeanFactory.java:200)
	at org.springframework.beans.factory.config.DependencyDescriptor.resolveCandidate(DependencyDescriptor.java:254)
	at org.springframework.beans.factory.support.DefaultListableBeanFactory.doResolveDependency(DefaultListableBeanFactory.java:1443)
	at org.springframework.beans.factory.support.DefaultListableBeanFactory.resolveDependency(DefaultListableBeanFactory.java:1353)
	at org.springframework.beans.factory.support.ConstructorResolver.resolveAutowiredArgument(ConstructorResolver.java:904)
	at org.springframework.beans.factory.support.ConstructorResolver.createArgumentArray(ConstructorResolver.java:782)
	at org.springframework.beans.factory.support.ConstructorResolver.autowireConstructor(ConstructorResolver.java:237)
	at org.springframework.beans.factory.support.AbstractAutowireCapableBeanFactory.autowireConstructor(AbstractAutowireCapableBeanFactory.java:1355)
	at org.springframework.beans.factory.support.AbstractAutowireCapableBeanFactory.createBeanInstance(AbstractAutowireCapableBeanFactory.java:1192)
	at org.springframework.beans.factory.support.AbstractAutowireCapableBeanFactory.doCreateBean(AbstractAutowireCapableBeanFactory.java:562)
	at org.springframework.beans.factory.support.AbstractAutowireCapableBeanFactory.createBean(AbstractAutowireCapableBeanFactory.java:522)
	at org.springframework.beans.factory.support.AbstractBeanFactory.lambda$doGetBean$0(AbstractBeanFactory.java:326)
	at org.springframework.beans.factory.support.DefaultSingletonBeanRegistry.getSingleton(DefaultSingletonBeanRegistry.java:234)
	at org.springframework.beans.factory.support.AbstractBeanFactory.doGetBean(AbstractBeanFactory.java:324)
	at org.springframework.beans.factory.support.AbstractBeanFactory.getBean(AbstractBeanFactory.java:200)
	at org.springframework.beans.factory.support.DefaultListableBeanFactory.preInstantiateSingletons(DefaultListableBeanFactory.java:975)
	at org.springframework.context.support.AbstractApplicationContext.finishBeanFactoryInitialization(AbstractApplicationContext.java:962)
	at org.springframework.context.support.AbstractApplicationContext.refresh(AbstractApplicationContext.java:624)
	at org.springframework.boot.web.servlet.context.ServletWebServerApplicationContext.refresh(ServletWebServerApplicationContext.java:146)
	at org.springframework.boot.SpringApplication.refresh(SpringApplication.java:754)
	at org.springframework.boot.SpringApplication.refreshContext(SpringApplication.java:456)
	at org.springframework.boot.SpringApplication.run(SpringApplication.java:334)
	at org.springframework.boot.SpringApplication.run(SpringApplication.java:1354)
	at org.springframework.boot.SpringApplication.run(SpringApplication.java:1343)
	at com.taskmanagement.TaskManagementServiceApplication.main(TaskManagementServiceApplication.java:12)
2026-02-25 13:50:02 [main] DEBUG o.s.d.j.repository.query.NamedQuery - Did not find named query Goal.findUpcomingDeadlines.count
2026-02-25 13:50:02 [main] DEBUG o.s.o.j.SharedEntityManagerCreator$SharedEntityManagerInvocationHandler - Creating new EntityManager for shared EntityManager invocation
2026-02-25 13:50:02 [main] DEBUG org.hibernate.orm.query.hql - HQL : SELECT g FROM Goal g WHERE g.userId = :userId AND g.status != 'COMPLETED' AND g.targetDate <= :date ORDER BY g.targetDate ASC
2026-02-25 13:50:02 [main] DEBUG o.h.o.q.hql.reservedWordAsIdentifier - Encountered use of reserved word as identifier : ORDER
2026-02-25 13:50:02 [main] DEBUG o.hibernate.orm.query.sqm.creation - Applying inferable type to SqmExpression [SqmNamedParameter(userId)] : null -> SqmBasicValuedSimplePath(com.taskmanagement.entity.Goal(g).userId)
2026-02-25 13:50:02 [main] DEBUG o.hibernate.orm.query.sqm.creation - Applying inferable type to SqmExpression [SqmNamedParameter(date)] : null -> SqmBasicValuedSimplePath(com.taskmanagement.entity.Goal(g).targetDate)
2026-02-25 13:50:02 [main] DEBUG org.hibernate.orm.query.sqm.ast - SqmStatement Tree :
    -> [select]
      -> [query-spec]
        -> [select]
          -> [selection]
            -> [root] - `com.taskmanagement.entity.Goal(g)`
            <- [root] - `com.taskmanagement.entity.Goal(g)`
          <- [selection]
        <- [select]
        -> [from]
          -> [root] - `com.taskmanagement.entity.Goal(g)`
          <- [root] - `com.taskmanagement.entity.Goal(g)`
        <- [from]
        -> [where]
          -> [and]
            -> [EQUAL]
                -> [basic-path] - `com.taskmanagement.entity.Goal(g).userId`
                :userId
            <- [EQUAL]
            -> [NOT_EQUAL]
                -> [basic-path] - `com.taskmanagement.entity.Goal(g).status`
            <- [NOT_EQUAL]
            -> [LESS_THAN_OR_EQUAL]
                -> [basic-path] - `com.taskmanagement.entity.Goal(g).targetDate`
                :date
            <- [LESS_THAN_OR_EQUAL]
          <- [and]
        <- [where]
      <- [query-spec]
    <- [select]

2026-02-25 13:50:02 [main] DEBUG o.h.r.t.b.j.i.JdbcResourceLocalTransactionCoordinatorImpl - JDBC transaction marked for rollback-only (exception provided for stack trace)
java.lang.Exception: exception just for purpose of providing stack trace
	at org.hibernate.resource.transaction.backend.jdbc.internal.JdbcResourceLocalTransactionCoordinatorImpl$TransactionDriverControlImpl.markRollbackOnly(JdbcResourceLocalTransactionCoordinatorImpl.java:310)
	at org.hibernate.internal.AbstractSharedSessionContract.buildNamedQuery(AbstractSharedSessionContract.java:1097)
	at org.hibernate.internal.AbstractSharedSessionContract.createNamedQuery(AbstractSharedSessionContract.java:975)
	at org.hibernate.internal.AbstractSharedSessionContract.createNamedQuery(AbstractSharedSessionContract.java:136)
	at java.base/jdk.internal.reflect.NativeMethodAccessorImpl.invoke0(Native Method)
	at java.base/jdk.internal.reflect.NativeMethodAccessorImpl.invoke(NativeMethodAccessorImpl.java:77)
	at java.base/jdk.internal.reflect.DelegatingMethodAccessorImpl.invoke(DelegatingMethodAccessorImpl.java:43)
	at java.base/java.lang.reflect.Method.invoke(Method.java:569)
	at org.springframework.orm.jpa.ExtendedEntityManagerCreator$ExtendedEntityManagerInvocationHandler.invoke(ExtendedEntityManagerCreator.java:364)
	at jdk.proxy2/jdk.proxy2.$Proxy152.createNamedQuery(Unknown Source)
	at org.springframework.data.jpa.repository.query.NamedQuery.hasNamedQuery(NamedQuery.java:113)
	at org.springframework.data.jpa.repository.query.JpaQueryLookupStrategy$DeclaredQueryLookupStrategy.getCountQuery(JpaQueryLookupStrategy.java:204)
	at org.springframework.data.jpa.repository.query.JpaQueryLookupStrategy$DeclaredQueryLookupStrategy.resolveQuery(JpaQueryLookupStrategy.java:171)
	at org.springframework.data.jpa.repository.query.JpaQueryLookupStrategy$CreateIfNotFoundQueryLookupStrategy.resolveQuery(JpaQueryLookupStrategy.java:252)
	at org.springframework.data.jpa.repository.query.JpaQueryLookupStrategy$AbstractQueryLookupStrategy.resolveQuery(JpaQueryLookupStrategy.java:95)
	at org.springframework.data.repository.core.support.QueryExecutorMethodInterceptor.lookupQuery(QueryExecutorMethodInterceptor.java:111)
	at org.springframework.data.repository.core.support.QueryExecutorMethodInterceptor.mapMethodsToQuery(QueryExecutorMethodInterceptor.java:99)
	at org.springframework.data.repository.core.support.QueryExecutorMethodInterceptor.lambda$new$0(QueryExecutorMethodInterceptor.java:88)
	at java.base/java.util.Optional.map(Optional.java:260)
	at org.springframework.data.repository.core.support.QueryExecutorMethodInterceptor.<init>(QueryExecutorMethodInterceptor.java:88)
	at org.springframework.data.repository.core.support.RepositoryFactorySupport.getRepository(RepositoryFactorySupport.java:357)
	at org.springframework.data.repository.core.support.RepositoryFactoryBeanSupport.lambda$afterPropertiesSet$5(RepositoryFactoryBeanSupport.java:279)
	at org.springframework.data.util.Lazy.getNullable(Lazy.java:135)
	at org.springframework.data.util.Lazy.get(Lazy.java:113)
	at org.springframework.data.repository.core.support.RepositoryFactoryBeanSupport.afterPropertiesSet(RepositoryFactoryBeanSupport.java:285)
	at org.springframework.data.jpa.repository.support.JpaRepositoryFactoryBean.afterPropertiesSet(JpaRepositoryFactoryBean.java:132)
	at org.springframework.beans.factory.support.AbstractAutowireCapableBeanFactory.invokeInitMethods(AbstractAutowireCapableBeanFactory.java:1833)
	at org.springframework.beans.factory.support.AbstractAutowireCapableBeanFactory.initializeBean(AbstractAutowireCapableBeanFactory.java:1782)
	at org.springframework.beans.factory.support.AbstractAutowireCapableBeanFactory.doCreateBean(AbstractAutowireCapableBeanFactory.java:600)
	at org.springframework.beans.factory.support.AbstractAutowireCapableBeanFactory.createBean(AbstractAutowireCapableBeanFactory.java:522)
	at org.springframework.beans.factory.support.AbstractBeanFactory.lambda$doGetBean$0(AbstractBeanFactory.java:326)
	at org.springframework.beans.factory.support.DefaultSingletonBeanRegistry.getSingleton(DefaultSingletonBeanRegistry.java:234)
	at org.springframework.beans.factory.support.AbstractBeanFactory.doGetBean(AbstractBeanFactory.java:324)
	at org.springframework.beans.factory.support.AbstractBeanFactory.getBean(AbstractBeanFactory.java:200)
	at org.springframework.beans.factory.config.DependencyDescriptor.resolveCandidate(DependencyDescriptor.java:254)
	at org.springframework.beans.factory.support.DefaultListableBeanFactory.doResolveDependency(DefaultListableBeanFactory.java:1443)
	at org.springframework.beans.factory.support.DefaultListableBeanFactory.resolveDependency(DefaultListableBeanFactory.java:1353)
	at org.springframework.beans.factory.support.ConstructorResolver.resolveAutowiredArgument(ConstructorResolver.java:904)
	at org.springframework.beans.factory.support.ConstructorResolver.createArgumentArray(ConstructorResolver.java:782)
	at org.springframework.beans.factory.support.ConstructorResolver.autowireConstructor(ConstructorResolver.java:237)
	at org.springframework.beans.factory.support.AbstractAutowireCapableBeanFactory.autowireConstructor(AbstractAutowireCapableBeanFactory.java:1355)
	at org.springframework.beans.factory.support.AbstractAutowireCapableBeanFactory.createBeanInstance(AbstractAutowireCapableBeanFactory.java:1192)
	at org.springframework.beans.factory.support.AbstractAutowireCapableBeanFactory.doCreateBean(AbstractAutowireCapableBeanFactory.java:562)
	at org.springframework.beans.factory.support.AbstractAutowireCapableBeanFactory.createBean(AbstractAutowireCapableBeanFactory.java:522)
	at org.springframework.beans.factory.support.AbstractBeanFactory.lambda$doGetBean$0(AbstractBeanFactory.java:326)
	at org.springframework.beans.factory.support.DefaultSingletonBeanRegistry.getSingleton(DefaultSingletonBeanRegistry.java:234)
	at org.springframework.beans.factory.support.AbstractBeanFactory.doGetBean(AbstractBeanFactory.java:324)
	at org.springframework.beans.factory.support.AbstractBeanFactory.getBean(AbstractBeanFactory.java:200)
	at org.springframework.beans.factory.config.DependencyDescriptor.resolveCandidate(DependencyDescriptor.java:254)
	at org.springframework.beans.factory.support.DefaultListableBeanFactory.doResolveDependency(DefaultListableBeanFactory.java:1443)
	at org.springframework.beans.factory.support.DefaultListableBeanFactory.resolveDependency(DefaultListableBeanFactory.java:1353)
	at org.springframework.beans.factory.support.ConstructorResolver.resolveAutowiredArgument(ConstructorResolver.java:904)
	at org.springframework.beans.factory.support.ConstructorResolver.createArgumentArray(ConstructorResolver.java:782)
	at org.springframework.beans.factory.support.ConstructorResolver.autowireConstructor(ConstructorResolver.java:237)
	at org.springframework.beans.factory.support.AbstractAutowireCapableBeanFactory.autowireConstructor(AbstractAutowireCapableBeanFactory.java:1355)
	at org.springframework.beans.factory.support.AbstractAutowireCapableBeanFactory.createBeanInstance(AbstractAutowireCapableBeanFactory.java:1192)
	at org.springframework.beans.factory.support.AbstractAutowireCapableBeanFactory.doCreateBean(AbstractAutowireCapableBeanFactory.java:562)
	at org.springframework.beans.factory.support.AbstractAutowireCapableBeanFactory.createBean(AbstractAutowireCapableBeanFactory.java:522)
	at org.springframework.beans.factory.support.AbstractBeanFactory.lambda$doGetBean$0(AbstractBeanFactory.java:326)
	at org.springframework.beans.factory.support.DefaultSingletonBeanRegistry.getSingleton(DefaultSingletonBeanRegistry.java:234)
	at org.springframework.beans.factory.support.AbstractBeanFactory.doGetBean(AbstractBeanFactory.java:324)
	at org.springframework.beans.factory.support.AbstractBeanFactory.getBean(AbstractBeanFactory.java:200)
	at org.springframework.beans.factory.support.DefaultListableBeanFactory.preInstantiateSingletons(DefaultListableBeanFactory.java:975)
	at org.springframework.context.support.AbstractApplicationContext.finishBeanFactoryInitialization(AbstractApplicationContext.java:962)
	at org.springframework.context.support.AbstractApplicationContext.refresh(AbstractApplicationContext.java:624)
	at org.springframework.boot.web.servlet.context.ServletWebServerApplicationContext.refresh(ServletWebServerApplicationContext.java:146)
	at org.springframework.boot.SpringApplication.refresh(SpringApplication.java:754)
	at org.springframework.boot.SpringApplication.refreshContext(SpringApplication.java:456)
	at org.springframework.boot.SpringApplication.run(SpringApplication.java:334)
	at org.springframework.boot.SpringApplication.run(SpringApplication.java:1354)
	at org.springframework.boot.SpringApplication.run(SpringApplication.java:1343)
	at com.taskmanagement.TaskManagementServiceApplication.main(TaskManagementServiceApplication.java:12)
2026-02-25 13:50:02 [main] DEBUG o.s.d.j.repository.query.NamedQuery - Did not find named query Goal.countByUserIdAndStatus.count
2026-02-25 13:50:02 [main] DEBUG o.s.o.j.SharedEntityManagerCreator$SharedEntityManagerInvocationHandler - Creating new EntityManager for shared EntityManager invocation
2026-02-25 13:50:02 [main] DEBUG org.hibernate.orm.query.hql - HQL : SELECT COUNT(g) FROM Goal g WHERE g.userId = :userId AND g.status = :status
2026-02-25 13:50:02 [main] DEBUG o.h.o.q.hql.reservedWordAsIdentifier - Encountered use of reserved word as identifier : (
2026-02-25 13:50:02 [main] DEBUG o.hibernate.orm.query.sqm.creation - Applying inferable type to SqmExpression [SqmNamedParameter(userId)] : null -> SqmBasicValuedSimplePath(com.taskmanagement.entity.Goal(g).userId)
2026-02-25 13:50:02 [main] DEBUG o.hibernate.orm.query.sqm.creation - Applying inferable type to SqmExpression [SqmNamedParameter(status)] : null -> SqmBasicValuedSimplePath(com.taskmanagement.entity.Goal(g).status)
2026-02-25 13:50:02 [main] DEBUG org.hibernate.orm.query.sqm.ast - SqmStatement Tree :
    -> [select]
      -> [query-spec]
        -> [select]
          -> [selection]
          <- [selection]
        <- [select]
        -> [from]
          -> [root] - `com.taskmanagement.entity.Goal(g)`
          <- [root] - `com.taskmanagement.entity.Goal(g)`
        <- [from]
        -> [where]
          -> [and]
            -> [EQUAL]
                -> [basic-path] - `com.taskmanagement.entity.Goal(g).userId`
                :userId
            <- [EQUAL]
            -> [EQUAL]
                -> [basic-path] - `com.taskmanagement.entity.Goal(g).status`
                :status
            <- [EQUAL]
          <- [and]
        <- [where]
      <- [query-spec]
    <- [select]

2026-02-25 13:50:02 [main] DEBUG o.s.d.j.repository.query.NamedQuery - Looking up named query Goal.findByUserId
2026-02-25 13:50:02 [main] DEBUG o.h.r.t.b.j.i.JdbcResourceLocalTransactionCoordinatorImpl - JDBC transaction marked for rollback-only (exception provided for stack trace)
java.lang.Exception: exception just for purpose of providing stack trace
	at org.hibernate.resource.transaction.backend.jdbc.internal.JdbcResourceLocalTransactionCoordinatorImpl$TransactionDriverControlImpl.markRollbackOnly(JdbcResourceLocalTransactionCoordinatorImpl.java:310)
	at org.hibernate.internal.AbstractSharedSessionContract.buildNamedQuery(AbstractSharedSessionContract.java:1097)
	at org.hibernate.internal.AbstractSharedSessionContract.createNamedQuery(AbstractSharedSessionContract.java:975)
	at org.hibernate.internal.AbstractSharedSessionContract.createNamedQuery(AbstractSharedSessionContract.java:136)
	at java.base/jdk.internal.reflect.NativeMethodAccessorImpl.invoke0(Native Method)
	at java.base/jdk.internal.reflect.NativeMethodAccessorImpl.invoke(NativeMethodAccessorImpl.java:77)
	at java.base/jdk.internal.reflect.DelegatingMethodAccessorImpl.invoke(DelegatingMethodAccessorImpl.java:43)
	at java.base/java.lang.reflect.Method.invoke(Method.java:569)
	at org.springframework.orm.jpa.ExtendedEntityManagerCreator$ExtendedEntityManagerInvocationHandler.invoke(ExtendedEntityManagerCreator.java:364)
	at jdk.proxy2/jdk.proxy2.$Proxy152.createNamedQuery(Unknown Source)
	at org.springframework.data.jpa.repository.query.NamedQuery.hasNamedQuery(NamedQuery.java:113)
	at org.springframework.data.jpa.repository.query.NamedQuery.lookupFrom(NamedQuery.java:141)
	at org.springframework.data.jpa.repository.query.JpaQueryLookupStrategy$DeclaredQueryLookupStrategy.resolveQuery(JpaQueryLookupStrategy.java:180)
	at org.springframework.data.jpa.repository.query.JpaQueryLookupStrategy$CreateIfNotFoundQueryLookupStrategy.resolveQuery(JpaQueryLookupStrategy.java:252)
	at org.springframework.data.jpa.repository.query.JpaQueryLookupStrategy$AbstractQueryLookupStrategy.resolveQuery(JpaQueryLookupStrategy.java:95)
	at org.springframework.data.repository.core.support.QueryExecutorMethodInterceptor.lookupQuery(QueryExecutorMethodInterceptor.java:111)
	at org.springframework.data.repository.core.support.QueryExecutorMethodInterceptor.mapMethodsToQuery(QueryExecutorMethodInterceptor.java:99)
	at org.springframework.data.repository.core.support.QueryExecutorMethodInterceptor.lambda$new$0(QueryExecutorMethodInterceptor.java:88)
	at java.base/java.util.Optional.map(Optional.java:260)
	at org.springframework.data.repository.core.support.QueryExecutorMethodInterceptor.<init>(QueryExecutorMethodInterceptor.java:88)
	at org.springframework.data.repository.core.support.RepositoryFactorySupport.getRepository(RepositoryFactorySupport.java:357)
	at org.springframework.data.repository.core.support.RepositoryFactoryBeanSupport.lambda$afterPropertiesSet$5(RepositoryFactoryBeanSupport.java:279)
	at org.springframework.data.util.Lazy.getNullable(Lazy.java:135)
	at org.springframework.data.util.Lazy.get(Lazy.java:113)
	at org.springframework.data.repository.core.support.RepositoryFactoryBeanSupport.afterPropertiesSet(RepositoryFactoryBeanSupport.java:285)
	at org.springframework.data.jpa.repository.support.JpaRepositoryFactoryBean.afterPropertiesSet(JpaRepositoryFactoryBean.java:132)
	at org.springframework.beans.factory.support.AbstractAutowireCapableBeanFactory.invokeInitMethods(AbstractAutowireCapableBeanFactory.java:1833)
	at org.springframework.beans.factory.support.AbstractAutowireCapableBeanFactory.initializeBean(AbstractAutowireCapableBeanFactory.java:1782)
	at org.springframework.beans.factory.support.AbstractAutowireCapableBeanFactory.doCreateBean(AbstractAutowireCapableBeanFactory.java:600)
	at org.springframework.beans.factory.support.AbstractAutowireCapableBeanFactory.createBean(AbstractAutowireCapableBeanFactory.java:522)
	at org.springframework.beans.factory.support.AbstractBeanFactory.lambda$doGetBean$0(AbstractBeanFactory.java:326)
	at org.springframework.beans.factory.support.DefaultSingletonBeanRegistry.getSingleton(DefaultSingletonBeanRegistry.java:234)
	at org.springframework.beans.factory.support.AbstractBeanFactory.doGetBean(AbstractBeanFactory.java:324)
	at org.springframework.beans.factory.support.AbstractBeanFactory.getBean(AbstractBeanFactory.java:200)
	at org.springframework.beans.factory.config.DependencyDescriptor.resolveCandidate(DependencyDescriptor.java:254)
	at org.springframework.beans.factory.support.DefaultListableBeanFactory.doResolveDependency(DefaultListableBeanFactory.java:1443)
	at org.springframework.beans.factory.support.DefaultListableBeanFactory.resolveDependency(DefaultListableBeanFactory.java:1353)
	at org.springframework.beans.factory.support.ConstructorResolver.resolveAutowiredArgument(ConstructorResolver.java:904)
	at org.springframework.beans.factory.support.ConstructorResolver.createArgumentArray(ConstructorResolver.java:782)
	at org.springframework.beans.factory.support.ConstructorResolver.autowireConstructor(ConstructorResolver.java:237)
	at org.springframework.beans.factory.support.AbstractAutowireCapableBeanFactory.autowireConstructor(AbstractAutowireCapableBeanFactory.java:1355)
	at org.springframework.beans.factory.support.AbstractAutowireCapableBeanFactory.createBeanInstance(AbstractAutowireCapableBeanFactory.java:1192)
	at org.springframework.beans.factory.support.AbstractAutowireCapableBeanFactory.doCreateBean(AbstractAutowireCapableBeanFactory.java:562)
	at org.springframework.beans.factory.support.AbstractAutowireCapableBeanFactory.createBean(AbstractAutowireCapableBeanFactory.java:522)
	at org.springframework.beans.factory.support.AbstractBeanFactory.lambda$doGetBean$0(AbstractBeanFactory.java:326)
	at org.springframework.beans.factory.support.DefaultSingletonBeanRegistry.getSingleton(DefaultSingletonBeanRegistry.java:234)
	at org.springframework.beans.factory.support.AbstractBeanFactory.doGetBean(AbstractBeanFactory.java:324)
	at org.springframework.beans.factory.support.AbstractBeanFactory.getBean(AbstractBeanFactory.java:200)
	at org.springframework.beans.factory.config.DependencyDescriptor.resolveCandidate(DependencyDescriptor.java:254)
	at org.springframework.beans.factory.support.DefaultListableBeanFactory.doResolveDependency(DefaultListableBeanFactory.java:1443)
	at org.springframework.beans.factory.support.DefaultListableBeanFactory.resolveDependency(DefaultListableBeanFactory.java:1353)
	at org.springframework.beans.factory.support.ConstructorResolver.resolveAutowiredArgument(ConstructorResolver.java:904)
	at org.springframework.beans.factory.support.ConstructorResolver.createArgumentArray(ConstructorResolver.java:782)
	at org.springframework.beans.factory.support.ConstructorResolver.autowireConstructor(ConstructorResolver.java:237)
	at org.springframework.beans.factory.support.AbstractAutowireCapableBeanFactory.autowireConstructor(AbstractAutowireCapableBeanFactory.java:1355)
	at org.springframework.beans.factory.support.AbstractAutowireCapableBeanFactory.createBeanInstance(AbstractAutowireCapableBeanFactory.java:1192)
	at org.springframework.beans.factory.support.AbstractAutowireCapableBeanFactory.doCreateBean(AbstractAutowireCapableBeanFactory.java:562)
	at org.springframework.beans.factory.support.AbstractAutowireCapableBeanFactory.createBean(AbstractAutowireCapableBeanFactory.java:522)
	at org.springframework.beans.factory.support.AbstractBeanFactory.lambda$doGetBean$0(AbstractBeanFactory.java:326)
	at org.springframework.beans.factory.support.DefaultSingletonBeanRegistry.getSingleton(DefaultSingletonBeanRegistry.java:234)
	at org.springframework.beans.factory.support.AbstractBeanFactory.doGetBean(AbstractBeanFactory.java:324)
	at org.springframework.beans.factory.support.AbstractBeanFactory.getBean(AbstractBeanFactory.java:200)
	at org.springframework.beans.factory.support.DefaultListableBeanFactory.preInstantiateSingletons(DefaultListableBeanFactory.java:975)
	at org.springframework.context.support.AbstractApplicationContext.finishBeanFactoryInitialization(AbstractApplicationContext.java:962)
	at org.springframework.context.support.AbstractApplicationContext.refresh(AbstractApplicationContext.java:624)
	at org.springframework.boot.web.servlet.context.ServletWebServerApplicationContext.refresh(ServletWebServerApplicationContext.java:146)
	at org.springframework.boot.SpringApplication.refresh(SpringApplication.java:754)
	at org.springframework.boot.SpringApplication.refreshContext(SpringApplication.java:456)
	at org.springframework.boot.SpringApplication.run(SpringApplication.java:334)
	at org.springframework.boot.SpringApplication.run(SpringApplication.java:1354)
	at org.springframework.boot.SpringApplication.run(SpringApplication.java:1343)
	at com.taskmanagement.TaskManagementServiceApplication.main(TaskManagementServiceApplication.java:12)
2026-02-25 13:50:02 [main] DEBUG o.s.d.j.repository.query.NamedQuery - Did not find named query Goal.findByUserId
2026-02-25 13:50:02 [main] DEBUG o.s.o.j.SharedEntityManagerCreator$SharedEntityManagerInvocationHandler - Creating new EntityManager for shared EntityManager invocation
2026-02-25 13:50:02 [main] DEBUG o.s.d.j.repository.query.NamedQuery - Looking up named query Goal.findByUserId
2026-02-25 13:50:02 [main] DEBUG o.h.r.t.b.j.i.JdbcResourceLocalTransactionCoordinatorImpl - JDBC transaction marked for rollback-only (exception provided for stack trace)
java.lang.Exception: exception just for purpose of providing stack trace
	at org.hibernate.resource.transaction.backend.jdbc.internal.JdbcResourceLocalTransactionCoordinatorImpl$TransactionDriverControlImpl.markRollbackOnly(JdbcResourceLocalTransactionCoordinatorImpl.java:310)
	at org.hibernate.internal.AbstractSharedSessionContract.buildNamedQuery(AbstractSharedSessionContract.java:1097)
	at org.hibernate.internal.AbstractSharedSessionContract.createNamedQuery(AbstractSharedSessionContract.java:975)
	at org.hibernate.internal.AbstractSharedSessionContract.createNamedQuery(AbstractSharedSessionContract.java:136)
	at java.base/jdk.internal.reflect.NativeMethodAccessorImpl.invoke0(Native Method)
	at java.base/jdk.internal.reflect.NativeMethodAccessorImpl.invoke(NativeMethodAccessorImpl.java:77)
	at java.base/jdk.internal.reflect.DelegatingMethodAccessorImpl.invoke(DelegatingMethodAccessorImpl.java:43)
	at java.base/java.lang.reflect.Method.invoke(Method.java:569)
	at org.springframework.orm.jpa.ExtendedEntityManagerCreator$ExtendedEntityManagerInvocationHandler.invoke(ExtendedEntityManagerCreator.java:364)
	at jdk.proxy2/jdk.proxy2.$Proxy152.createNamedQuery(Unknown Source)
	at org.springframework.data.jpa.repository.query.NamedQuery.hasNamedQuery(NamedQuery.java:113)
	at org.springframework.data.jpa.repository.query.NamedQuery.lookupFrom(NamedQuery.java:141)
	at org.springframework.data.jpa.repository.query.JpaQueryLookupStrategy$DeclaredQueryLookupStrategy.resolveQuery(JpaQueryLookupStrategy.java:180)
	at org.springframework.data.jpa.repository.query.JpaQueryLookupStrategy$CreateIfNotFoundQueryLookupStrategy.resolveQuery(JpaQueryLookupStrategy.java:252)
	at org.springframework.data.jpa.repository.query.JpaQueryLookupStrategy$AbstractQueryLookupStrategy.resolveQuery(JpaQueryLookupStrategy.java:95)
	at org.springframework.data.repository.core.support.QueryExecutorMethodInterceptor.lookupQuery(QueryExecutorMethodInterceptor.java:111)
	at org.springframework.data.repository.core.support.QueryExecutorMethodInterceptor.mapMethodsToQuery(QueryExecutorMethodInterceptor.java:99)
	at org.springframework.data.repository.core.support.QueryExecutorMethodInterceptor.lambda$new$0(QueryExecutorMethodInterceptor.java:88)
	at java.base/java.util.Optional.map(Optional.java:260)
	at org.springframework.data.repository.core.support.QueryExecutorMethodInterceptor.<init>(QueryExecutorMethodInterceptor.java:88)
	at org.springframework.data.repository.core.support.RepositoryFactorySupport.getRepository(RepositoryFactorySupport.java:357)
	at org.springframework.data.repository.core.support.RepositoryFactoryBeanSupport.lambda$afterPropertiesSet$5(RepositoryFactoryBeanSupport.java:279)
	at org.springframework.data.util.Lazy.getNullable(Lazy.java:135)
	at org.springframework.data.util.Lazy.get(Lazy.java:113)
	at org.springframework.data.repository.core.support.RepositoryFactoryBeanSupport.afterPropertiesSet(RepositoryFactoryBeanSupport.java:285)
	at org.springframework.data.jpa.repository.support.JpaRepositoryFactoryBean.afterPropertiesSet(JpaRepositoryFactoryBean.java:132)
	at org.springframework.beans.factory.support.AbstractAutowireCapableBeanFactory.invokeInitMethods(AbstractAutowireCapableBeanFactory.java:1833)
	at org.springframework.beans.factory.support.AbstractAutowireCapableBeanFactory.initializeBean(AbstractAutowireCapableBeanFactory.java:1782)
	at org.springframework.beans.factory.support.AbstractAutowireCapableBeanFactory.doCreateBean(AbstractAutowireCapableBeanFactory.java:600)
	at org.springframework.beans.factory.support.AbstractAutowireCapableBeanFactory.createBean(AbstractAutowireCapableBeanFactory.java:522)
	at org.springframework.beans.factory.support.AbstractBeanFactory.lambda$doGetBean$0(AbstractBeanFactory.java:326)
	at org.springframework.beans.factory.support.DefaultSingletonBeanRegistry.getSingleton(DefaultSingletonBeanRegistry.java:234)
	at org.springframework.beans.factory.support.AbstractBeanFactory.doGetBean(AbstractBeanFactory.java:324)
	at org.springframework.beans.factory.support.AbstractBeanFactory.getBean(AbstractBeanFactory.java:200)
	at org.springframework.beans.factory.config.DependencyDescriptor.resolveCandidate(DependencyDescriptor.java:254)
	at org.springframework.beans.factory.support.DefaultListableBeanFactory.doResolveDependency(DefaultListableBeanFactory.java:1443)
	at org.springframework.beans.factory.support.DefaultListableBeanFactory.resolveDependency(DefaultListableBeanFactory.java:1353)
	at org.springframework.beans.factory.support.ConstructorResolver.resolveAutowiredArgument(ConstructorResolver.java:904)
	at org.springframework.beans.factory.support.ConstructorResolver.createArgumentArray(ConstructorResolver.java:782)
	at org.springframework.beans.factory.support.ConstructorResolver.autowireConstructor(ConstructorResolver.java:237)
	at org.springframework.beans.factory.support.AbstractAutowireCapableBeanFactory.autowireConstructor(AbstractAutowireCapableBeanFactory.java:1355)
	at org.springframework.beans.factory.support.AbstractAutowireCapableBeanFactory.createBeanInstance(AbstractAutowireCapableBeanFactory.java:1192)
	at org.springframework.beans.factory.support.AbstractAutowireCapableBeanFactory.doCreateBean(AbstractAutowireCapableBeanFactory.java:562)
	at org.springframework.beans.factory.support.AbstractAutowireCapableBeanFactory.createBean(AbstractAutowireCapableBeanFactory.java:522)
	at org.springframework.beans.factory.support.AbstractBeanFactory.lambda$doGetBean$0(AbstractBeanFactory.java:326)
	at org.springframework.beans.factory.support.DefaultSingletonBeanRegistry.getSingleton(DefaultSingletonBeanRegistry.java:234)
	at org.springframework.beans.factory.support.AbstractBeanFactory.doGetBean(AbstractBeanFactory.java:324)
	at org.springframework.beans.factory.support.AbstractBeanFactory.getBean(AbstractBeanFactory.java:200)
	at org.springframework.beans.factory.config.DependencyDescriptor.resolveCandidate(DependencyDescriptor.java:254)
	at org.springframework.beans.factory.support.DefaultListableBeanFactory.doResolveDependency(DefaultListableBeanFactory.java:1443)
	at org.springframework.beans.factory.support.DefaultListableBeanFactory.resolveDependency(DefaultListableBeanFactory.java:1353)
	at org.springframework.beans.factory.support.ConstructorResolver.resolveAutowiredArgument(ConstructorResolver.java:904)
	at org.springframework.beans.factory.support.ConstructorResolver.createArgumentArray(ConstructorResolver.java:782)
	at org.springframework.beans.factory.support.ConstructorResolver.autowireConstructor(ConstructorResolver.java:237)
	at org.springframework.beans.factory.support.AbstractAutowireCapableBeanFactory.autowireConstructor(AbstractAutowireCapableBeanFactory.java:1355)
	at org.springframework.beans.factory.support.AbstractAutowireCapableBeanFactory.createBeanInstance(AbstractAutowireCapableBeanFactory.java:1192)
	at org.springframework.beans.factory.support.AbstractAutowireCapableBeanFactory.doCreateBean(AbstractAutowireCapableBeanFactory.java:562)
	at org.springframework.beans.factory.support.AbstractAutowireCapableBeanFactory.createBean(AbstractAutowireCapableBeanFactory.java:522)
	at org.springframework.beans.factory.support.AbstractBeanFactory.lambda$doGetBean$0(AbstractBeanFactory.java:326)
	at org.springframework.beans.factory.support.DefaultSingletonBeanRegistry.getSingleton(DefaultSingletonBeanRegistry.java:234)
	at org.springframework.beans.factory.support.AbstractBeanFactory.doGetBean(AbstractBeanFactory.java:324)
	at org.springframework.beans.factory.support.AbstractBeanFactory.getBean(AbstractBeanFactory.java:200)
	at org.springframework.beans.factory.support.DefaultListableBeanFactory.preInstantiateSingletons(DefaultListableBeanFactory.java:975)
	at org.springframework.context.support.AbstractApplicationContext.finishBeanFactoryInitialization(AbstractApplicationContext.java:962)
	at org.springframework.context.support.AbstractApplicationContext.refresh(AbstractApplicationContext.java:624)
	at org.springframework.boot.web.servlet.context.ServletWebServerApplicationContext.refresh(ServletWebServerApplicationContext.java:146)
	at org.springframework.boot.SpringApplication.refresh(SpringApplication.java:754)
	at org.springframework.boot.SpringApplication.refreshContext(SpringApplication.java:456)
	at org.springframework.boot.SpringApplication.run(SpringApplication.java:334)
	at org.springframework.boot.SpringApplication.run(SpringApplication.java:1354)
	at org.springframework.boot.SpringApplication.run(SpringApplication.java:1343)
	at com.taskmanagement.TaskManagementServiceApplication.main(TaskManagementServiceApplication.java:12)
2026-02-25 13:50:02 [main] DEBUG o.s.d.j.repository.query.NamedQuery - Did not find named query Goal.findByUserId
2026-02-25 13:50:02 [main] DEBUG o.s.o.j.SharedEntityManagerCreator$SharedEntityManagerInvocationHandler - Creating new EntityManager for shared EntityManager invocation
2026-02-25 13:50:02 [main] DEBUG o.h.r.t.b.j.i.JdbcResourceLocalTransactionCoordinatorImpl - JDBC transaction marked for rollback-only (exception provided for stack trace)
java.lang.Exception: exception just for purpose of providing stack trace
	at org.hibernate.resource.transaction.backend.jdbc.internal.JdbcResourceLocalTransactionCoordinatorImpl$TransactionDriverControlImpl.markRollbackOnly(JdbcResourceLocalTransactionCoordinatorImpl.java:310)
	at org.hibernate.internal.AbstractSharedSessionContract.buildNamedQuery(AbstractSharedSessionContract.java:1097)
	at org.hibernate.internal.AbstractSharedSessionContract.createNamedQuery(AbstractSharedSessionContract.java:975)
	at org.hibernate.internal.AbstractSharedSessionContract.createNamedQuery(AbstractSharedSessionContract.java:136)
	at java.base/jdk.internal.reflect.NativeMethodAccessorImpl.invoke0(Native Method)
	at java.base/jdk.internal.reflect.NativeMethodAccessorImpl.invoke(NativeMethodAccessorImpl.java:77)
	at java.base/jdk.internal.reflect.DelegatingMethodAccessorImpl.invoke(DelegatingMethodAccessorImpl.java:43)
	at java.base/java.lang.reflect.Method.invoke(Method.java:569)
	at org.springframework.orm.jpa.ExtendedEntityManagerCreator$ExtendedEntityManagerInvocationHandler.invoke(ExtendedEntityManagerCreator.java:364)
	at jdk.proxy2/jdk.proxy2.$Proxy152.createNamedQuery(Unknown Source)
	at org.springframework.data.jpa.repository.query.NamedQuery.hasNamedQuery(NamedQuery.java:113)
	at org.springframework.data.jpa.repository.query.JpaQueryLookupStrategy$DeclaredQueryLookupStrategy.getCountQuery(JpaQueryLookupStrategy.java:204)
	at org.springframework.data.jpa.repository.query.JpaQueryLookupStrategy$DeclaredQueryLookupStrategy.resolveQuery(JpaQueryLookupStrategy.java:171)
	at org.springframework.data.jpa.repository.query.JpaQueryLookupStrategy$CreateIfNotFoundQueryLookupStrategy.resolveQuery(JpaQueryLookupStrategy.java:252)
	at org.springframework.data.jpa.repository.query.JpaQueryLookupStrategy$AbstractQueryLookupStrategy.resolveQuery(JpaQueryLookupStrategy.java:95)
	at org.springframework.data.repository.core.support.QueryExecutorMethodInterceptor.lookupQuery(QueryExecutorMethodInterceptor.java:111)
	at org.springframework.data.repository.core.support.QueryExecutorMethodInterceptor.mapMethodsToQuery(QueryExecutorMethodInterceptor.java:99)
	at org.springframework.data.repository.core.support.QueryExecutorMethodInterceptor.lambda$new$0(QueryExecutorMethodInterceptor.java:88)
	at java.base/java.util.Optional.map(Optional.java:260)
	at org.springframework.data.repository.core.support.QueryExecutorMethodInterceptor.<init>(QueryExecutorMethodInterceptor.java:88)
	at org.springframework.data.repository.core.support.RepositoryFactorySupport.getRepository(RepositoryFactorySupport.java:357)
	at org.springframework.data.repository.core.support.RepositoryFactoryBeanSupport.lambda$afterPropertiesSet$5(RepositoryFactoryBeanSupport.java:279)
	at org.springframework.data.util.Lazy.getNullable(Lazy.java:135)
	at org.springframework.data.util.Lazy.get(Lazy.java:113)
	at org.springframework.data.repository.core.support.RepositoryFactoryBeanSupport.afterPropertiesSet(RepositoryFactoryBeanSupport.java:285)
	at org.springframework.data.jpa.repository.support.JpaRepositoryFactoryBean.afterPropertiesSet(JpaRepositoryFactoryBean.java:132)
	at org.springframework.beans.factory.support.AbstractAutowireCapableBeanFactory.invokeInitMethods(AbstractAutowireCapableBeanFactory.java:1833)
	at org.springframework.beans.factory.support.AbstractAutowireCapableBeanFactory.initializeBean(AbstractAutowireCapableBeanFactory.java:1782)
	at org.springframework.beans.factory.support.AbstractAutowireCapableBeanFactory.doCreateBean(AbstractAutowireCapableBeanFactory.java:600)
	at org.springframework.beans.factory.support.AbstractAutowireCapableBeanFactory.createBean(AbstractAutowireCapableBeanFactory.java:522)
	at org.springframework.beans.factory.support.AbstractBeanFactory.lambda$doGetBean$0(AbstractBeanFactory.java:326)
	at org.springframework.beans.factory.support.DefaultSingletonBeanRegistry.getSingleton(DefaultSingletonBeanRegistry.java:234)
	at org.springframework.beans.factory.support.AbstractBeanFactory.doGetBean(AbstractBeanFactory.java:324)
	at org.springframework.beans.factory.support.AbstractBeanFactory.getBean(AbstractBeanFactory.java:200)
	at org.springframework.beans.factory.config.DependencyDescriptor.resolveCandidate(DependencyDescriptor.java:254)
	at org.springframework.beans.factory.support.DefaultListableBeanFactory.doResolveDependency(DefaultListableBeanFactory.java:1443)
	at org.springframework.beans.factory.support.DefaultListableBeanFactory.resolveDependency(DefaultListableBeanFactory.java:1353)
	at org.springframework.beans.factory.support.ConstructorResolver.resolveAutowiredArgument(ConstructorResolver.java:904)
	at org.springframework.beans.factory.support.ConstructorResolver.createArgumentArray(ConstructorResolver.java:782)
	at org.springframework.beans.factory.support.ConstructorResolver.autowireConstructor(ConstructorResolver.java:237)
	at org.springframework.beans.factory.support.AbstractAutowireCapableBeanFactory.autowireConstructor(AbstractAutowireCapableBeanFactory.java:1355)
	at org.springframework.beans.factory.support.AbstractAutowireCapableBeanFactory.createBeanInstance(AbstractAutowireCapableBeanFactory.java:1192)
	at org.springframework.beans.factory.support.AbstractAutowireCapableBeanFactory.doCreateBean(AbstractAutowireCapableBeanFactory.java:562)
	at org.springframework.beans.factory.support.AbstractAutowireCapableBeanFactory.createBean(AbstractAutowireCapableBeanFactory.java:522)
	at org.springframework.beans.factory.support.AbstractBeanFactory.lambda$doGetBean$0(AbstractBeanFactory.java:326)
	at org.springframework.beans.factory.support.DefaultSingletonBeanRegistry.getSingleton(DefaultSingletonBeanRegistry.java:234)
	at org.springframework.beans.factory.support.AbstractBeanFactory.doGetBean(AbstractBeanFactory.java:324)
	at org.springframework.beans.factory.support.AbstractBeanFactory.getBean(AbstractBeanFactory.java:200)
	at org.springframework.beans.factory.config.DependencyDescriptor.resolveCandidate(DependencyDescriptor.java:254)
	at org.springframework.beans.factory.support.DefaultListableBeanFactory.doResolveDependency(DefaultListableBeanFactory.java:1443)
	at org.springframework.beans.factory.support.DefaultListableBeanFactory.resolveDependency(DefaultListableBeanFactory.java:1353)
	at org.springframework.beans.factory.support.ConstructorResolver.resolveAutowiredArgument(ConstructorResolver.java:904)
	at org.springframework.beans.factory.support.ConstructorResolver.createArgumentArray(ConstructorResolver.java:782)
	at org.springframework.beans.factory.support.ConstructorResolver.autowireConstructor(ConstructorResolver.java:237)
	at org.springframework.beans.factory.support.AbstractAutowireCapableBeanFactory.autowireConstructor(AbstractAutowireCapableBeanFactory.java:1355)
	at org.springframework.beans.factory.support.AbstractAutowireCapableBeanFactory.createBeanInstance(AbstractAutowireCapableBeanFactory.java:1192)
	at org.springframework.beans.factory.support.AbstractAutowireCapableBeanFactory.doCreateBean(AbstractAutowireCapableBeanFactory.java:562)
	at org.springframework.beans.factory.support.AbstractAutowireCapableBeanFactory.createBean(AbstractAutowireCapableBeanFactory.java:522)
	at org.springframework.beans.factory.support.AbstractBeanFactory.lambda$doGetBean$0(AbstractBeanFactory.java:326)
	at org.springframework.beans.factory.support.DefaultSingletonBeanRegistry.getSingleton(DefaultSingletonBeanRegistry.java:234)
	at org.springframework.beans.factory.support.AbstractBeanFactory.doGetBean(AbstractBeanFactory.java:324)
	at org.springframework.beans.factory.support.AbstractBeanFactory.getBean(AbstractBeanFactory.java:200)
	at org.springframework.beans.factory.support.DefaultListableBeanFactory.preInstantiateSingletons(DefaultListableBeanFactory.java:975)
	at org.springframework.context.support.AbstractApplicationContext.finishBeanFactoryInitialization(AbstractApplicationContext.java:962)
	at org.springframework.context.support.AbstractApplicationContext.refresh(AbstractApplicationContext.java:624)
	at org.springframework.boot.web.servlet.context.ServletWebServerApplicationContext.refresh(ServletWebServerApplicationContext.java:146)
	at org.springframework.boot.SpringApplication.refresh(SpringApplication.java:754)
	at org.springframework.boot.SpringApplication.refreshContext(SpringApplication.java:456)
	at org.springframework.boot.SpringApplication.run(SpringApplication.java:334)
	at org.springframework.boot.SpringApplication.run(SpringApplication.java:1354)
	at org.springframework.boot.SpringApplication.run(SpringApplication.java:1343)
	at com.taskmanagement.TaskManagementServiceApplication.main(TaskManagementServiceApplication.java:12)
2026-02-25 13:50:02 [main] DEBUG o.s.d.j.repository.query.NamedQuery - Did not find named query Goal.findByIdWithTasks.count
2026-02-25 13:50:02 [main] DEBUG o.s.o.j.SharedEntityManagerCreator$SharedEntityManagerInvocationHandler - Creating new EntityManager for shared EntityManager invocation
2026-02-25 13:50:02 [main] DEBUG org.hibernate.orm.query.hql - HQL : SELECT g FROM Goal g LEFT JOIN FETCH g.tasks WHERE g.id = :id
2026-02-25 13:50:02 [main] DEBUG o.h.o.q.hql.reservedWordAsIdentifier - Encountered use of reserved word as identifier : =
2026-02-25 13:50:02 [main] DEBUG o.h.o.q.hql.reservedWordAsIdentifier - Encountered use of reserved word as identifier : <EOF>
2026-02-25 13:50:02 [main] DEBUG o.hibernate.orm.query.sqm.creation - Applying inferable type to SqmExpression [SqmNamedParameter(id)] : null -> SqmBasicValuedSimplePath(com.taskmanagement.entity.Goal(g).id)
2026-02-25 13:50:02 [main] DEBUG org.hibernate.orm.query.sqm.ast - SqmStatement Tree :
    -> [select]
      -> [query-spec]
        -> [select]
          -> [selection]
            -> [root] - `com.taskmanagement.entity.Goal(g)`
              -> [joins]
                -> [attribute] - `com.taskmanagement.entity.Goal(g).tasks(104270904119500)`
                    [fetched = true]
                <- [attribute] - `com.taskmanagement.entity.Goal(g).tasks(104270904119500)`
              <- [joins]
            <- [root] - `com.taskmanagement.entity.Goal(g)`
          <- [selection]
        <- [select]
        -> [from]
          -> [root] - `com.taskmanagement.entity.Goal(g)`
            -> [joins]
              -> [attribute] - `com.taskmanagement.entity.Goal(g).tasks(104270904119500)`
                  [fetched = true]
              <- [attribute] - `com.taskmanagement.entity.Goal(g).tasks(104270904119500)`
            <- [joins]
          <- [root] - `com.taskmanagement.entity.Goal(g)`
        <- [from]
        -> [where]
          -> [EQUAL]
              -> [basic-path] - `com.taskmanagement.entity.Goal(g).id`
              :id
          <- [EQUAL]
        <- [where]
      <- [query-spec]
    <- [select]

2026-02-25 13:50:02 [main] DEBUG o.h.r.t.b.j.i.JdbcResourceLocalTransactionCoordinatorImpl - JDBC transaction marked for rollback-only (exception provided for stack trace)
java.lang.Exception: exception just for purpose of providing stack trace
	at org.hibernate.resource.transaction.backend.jdbc.internal.JdbcResourceLocalTransactionCoordinatorImpl$TransactionDriverControlImpl.markRollbackOnly(JdbcResourceLocalTransactionCoordinatorImpl.java:310)
	at org.hibernate.internal.AbstractSharedSessionContract.buildNamedQuery(AbstractSharedSessionContract.java:1097)
	at org.hibernate.internal.AbstractSharedSessionContract.createNamedQuery(AbstractSharedSessionContract.java:975)
	at org.hibernate.internal.AbstractSharedSessionContract.createNamedQuery(AbstractSharedSessionContract.java:136)
	at java.base/jdk.internal.reflect.NativeMethodAccessorImpl.invoke0(Native Method)
	at java.base/jdk.internal.reflect.NativeMethodAccessorImpl.invoke(NativeMethodAccessorImpl.java:77)
	at java.base/jdk.internal.reflect.DelegatingMethodAccessorImpl.invoke(DelegatingMethodAccessorImpl.java:43)
	at java.base/java.lang.reflect.Method.invoke(Method.java:569)
	at org.springframework.orm.jpa.ExtendedEntityManagerCreator$ExtendedEntityManagerInvocationHandler.invoke(ExtendedEntityManagerCreator.java:364)
	at jdk.proxy2/jdk.proxy2.$Proxy152.createNamedQuery(Unknown Source)
	at org.springframework.data.jpa.repository.query.NamedQuery.hasNamedQuery(NamedQuery.java:113)
	at org.springframework.data.jpa.repository.query.JpaQueryLookupStrategy$DeclaredQueryLookupStrategy.getCountQuery(JpaQueryLookupStrategy.java:204)
	at org.springframework.data.jpa.repository.query.JpaQueryLookupStrategy$DeclaredQueryLookupStrategy.resolveQuery(JpaQueryLookupStrategy.java:171)
	at org.springframework.data.jpa.repository.query.JpaQueryLookupStrategy$CreateIfNotFoundQueryLookupStrategy.resolveQuery(JpaQueryLookupStrategy.java:252)
	at org.springframework.data.jpa.repository.query.JpaQueryLookupStrategy$AbstractQueryLookupStrategy.resolveQuery(JpaQueryLookupStrategy.java:95)
	at org.springframework.data.repository.core.support.QueryExecutorMethodInterceptor.lookupQuery(QueryExecutorMethodInterceptor.java:111)
	at org.springframework.data.repository.core.support.QueryExecutorMethodInterceptor.mapMethodsToQuery(QueryExecutorMethodInterceptor.java:99)
	at org.springframework.data.repository.core.support.QueryExecutorMethodInterceptor.lambda$new$0(QueryExecutorMethodInterceptor.java:88)
	at java.base/java.util.Optional.map(Optional.java:260)
	at org.springframework.data.repository.core.support.QueryExecutorMethodInterceptor.<init>(QueryExecutorMethodInterceptor.java:88)
	at org.springframework.data.repository.core.support.RepositoryFactorySupport.getRepository(RepositoryFactorySupport.java:357)
	at org.springframework.data.repository.core.support.RepositoryFactoryBeanSupport.lambda$afterPropertiesSet$5(RepositoryFactoryBeanSupport.java:279)
	at org.springframework.data.util.Lazy.getNullable(Lazy.java:135)
	at org.springframework.data.util.Lazy.get(Lazy.java:113)
	at org.springframework.data.repository.core.support.RepositoryFactoryBeanSupport.afterPropertiesSet(RepositoryFactoryBeanSupport.java:285)
	at org.springframework.data.jpa.repository.support.JpaRepositoryFactoryBean.afterPropertiesSet(JpaRepositoryFactoryBean.java:132)
	at org.springframework.beans.factory.support.AbstractAutowireCapableBeanFactory.invokeInitMethods(AbstractAutowireCapableBeanFactory.java:1833)
	at org.springframework.beans.factory.support.AbstractAutowireCapableBeanFactory.initializeBean(AbstractAutowireCapableBeanFactory.java:1782)
	at org.springframework.beans.factory.support.AbstractAutowireCapableBeanFactory.doCreateBean(AbstractAutowireCapableBeanFactory.java:600)
	at org.springframework.beans.factory.support.AbstractAutowireCapableBeanFactory.createBean(AbstractAutowireCapableBeanFactory.java:522)
	at org.springframework.beans.factory.support.AbstractBeanFactory.lambda$doGetBean$0(AbstractBeanFactory.java:326)
	at org.springframework.beans.factory.support.DefaultSingletonBeanRegistry.getSingleton(DefaultSingletonBeanRegistry.java:234)
	at org.springframework.beans.factory.support.AbstractBeanFactory.doGetBean(AbstractBeanFactory.java:324)
	at org.springframework.beans.factory.support.AbstractBeanFactory.getBean(AbstractBeanFactory.java:200)
	at org.springframework.beans.factory.config.DependencyDescriptor.resolveCandidate(DependencyDescriptor.java:254)
	at org.springframework.beans.factory.support.DefaultListableBeanFactory.doResolveDependency(DefaultListableBeanFactory.java:1443)
	at org.springframework.beans.factory.support.DefaultListableBeanFactory.resolveDependency(DefaultListableBeanFactory.java:1353)
	at org.springframework.beans.factory.support.ConstructorResolver.resolveAutowiredArgument(ConstructorResolver.java:904)
	at org.springframework.beans.factory.support.ConstructorResolver.createArgumentArray(ConstructorResolver.java:782)
	at org.springframework.beans.factory.support.ConstructorResolver.autowireConstructor(ConstructorResolver.java:237)
	at org.springframework.beans.factory.support.AbstractAutowireCapableBeanFactory.autowireConstructor(AbstractAutowireCapableBeanFactory.java:1355)
	at org.springframework.beans.factory.support.AbstractAutowireCapableBeanFactory.createBeanInstance(AbstractAutowireCapableBeanFactory.java:1192)
	at org.springframework.beans.factory.support.AbstractAutowireCapableBeanFactory.doCreateBean(AbstractAutowireCapableBeanFactory.java:562)
	at org.springframework.beans.factory.support.AbstractAutowireCapableBeanFactory.createBean(AbstractAutowireCapableBeanFactory.java:522)
	at org.springframework.beans.factory.support.AbstractBeanFactory.lambda$doGetBean$0(AbstractBeanFactory.java:326)
	at org.springframework.beans.factory.support.DefaultSingletonBeanRegistry.getSingleton(DefaultSingletonBeanRegistry.java:234)
	at org.springframework.beans.factory.support.AbstractBeanFactory.doGetBean(AbstractBeanFactory.java:324)
	at org.springframework.beans.factory.support.AbstractBeanFactory.getBean(AbstractBeanFactory.java:200)
	at org.springframework.beans.factory.config.DependencyDescriptor.resolveCandidate(DependencyDescriptor.java:254)
	at org.springframework.beans.factory.support.DefaultListableBeanFactory.doResolveDependency(DefaultListableBeanFactory.java:1443)
	at org.springframework.beans.factory.support.DefaultListableBeanFactory.resolveDependency(DefaultListableBeanFactory.java:1353)
	at org.springframework.beans.factory.support.ConstructorResolver.resolveAutowiredArgument(ConstructorResolver.java:904)
	at org.springframework.beans.factory.support.ConstructorResolver.createArgumentArray(ConstructorResolver.java:782)
	at org.springframework.beans.factory.support.ConstructorResolver.autowireConstructor(ConstructorResolver.java:237)
	at org.springframework.beans.factory.support.AbstractAutowireCapableBeanFactory.autowireConstructor(AbstractAutowireCapableBeanFactory.java:1355)
	at org.springframework.beans.factory.support.AbstractAutowireCapableBeanFactory.createBeanInstance(AbstractAutowireCapableBeanFactory.java:1192)
	at org.springframework.beans.factory.support.AbstractAutowireCapableBeanFactory.doCreateBean(AbstractAutowireCapableBeanFactory.java:562)
	at org.springframework.beans.factory.support.AbstractAutowireCapableBeanFactory.createBean(AbstractAutowireCapableBeanFactory.java:522)
	at org.springframework.beans.factory.support.AbstractBeanFactory.lambda$doGetBean$0(AbstractBeanFactory.java:326)
	at org.springframework.beans.factory.support.DefaultSingletonBeanRegistry.getSingleton(DefaultSingletonBeanRegistry.java:234)
	at org.springframework.beans.factory.support.AbstractBeanFactory.doGetBean(AbstractBeanFactory.java:324)
	at org.springframework.beans.factory.support.AbstractBeanFactory.getBean(AbstractBeanFactory.java:200)
	at org.springframework.beans.factory.support.DefaultListableBeanFactory.preInstantiateSingletons(DefaultListableBeanFactory.java:975)
	at org.springframework.context.support.AbstractApplicationContext.finishBeanFactoryInitialization(AbstractApplicationContext.java:962)
	at org.springframework.context.support.AbstractApplicationContext.refresh(AbstractApplicationContext.java:624)
	at org.springframework.boot.web.servlet.context.ServletWebServerApplicationContext.refresh(ServletWebServerApplicationContext.java:146)
	at org.springframework.boot.SpringApplication.refresh(SpringApplication.java:754)
	at org.springframework.boot.SpringApplication.refreshContext(SpringApplication.java:456)
	at org.springframework.boot.SpringApplication.run(SpringApplication.java:334)
	at org.springframework.boot.SpringApplication.run(SpringApplication.java:1354)
	at org.springframework.boot.SpringApplication.run(SpringApplication.java:1343)
	at com.taskmanagement.TaskManagementServiceApplication.main(TaskManagementServiceApplication.java:12)
2026-02-25 13:50:02 [main] DEBUG o.s.d.j.repository.query.NamedQuery - Did not find named query Goal.findByFilters.count
2026-02-25 13:50:02 [main] DEBUG o.s.o.j.SharedEntityManagerCreator$SharedEntityManagerInvocationHandler - Creating new EntityManager for shared EntityManager invocation
2026-02-25 13:50:02 [main] DEBUG org.hibernate.orm.query.hql - HQL : SELECT g FROM Goal g WHERE g.userId = :userId AND (:status IS NULL OR g.status = :status) AND (:priority IS NULL OR g.priority = :priority)
2026-02-25 13:50:02 [main] DEBUG o.hibernate.orm.query.sqm.creation - Applying inferable type to SqmExpression [SqmNamedParameter(userId)] : null -> SqmBasicValuedSimplePath(com.taskmanagement.entity.Goal(g).userId)
2026-02-25 13:50:02 [main] DEBUG o.hibernate.orm.query.sqm.creation - Applying inferable type to SqmExpression [SqmNamedParameter(status)] : null -> SqmBasicValuedSimplePath(com.taskmanagement.entity.Goal(g).status)
2026-02-25 13:50:02 [main] DEBUG o.hibernate.orm.query.sqm.creation - Applying inferable type to SqmExpression [SqmNamedParameter(priority)] : null -> SqmBasicValuedSimplePath(com.taskmanagement.entity.Goal(g).priority)
2026-02-25 13:50:02 [main] DEBUG org.hibernate.orm.query.sqm.ast - SqmStatement Tree :
    -> [select]
      -> [query-spec]
        -> [select]
          -> [selection]
            -> [root] - `com.taskmanagement.entity.Goal(g)`
            <- [root] - `com.taskmanagement.entity.Goal(g)`
          <- [selection]
        <- [select]
        -> [from]
          -> [root] - `com.taskmanagement.entity.Goal(g)`
          <- [root] - `com.taskmanagement.entity.Goal(g)`
        <- [from]
        -> [where]
          -> [and]
            -> [EQUAL]
                -> [basic-path] - `com.taskmanagement.entity.Goal(g).userId`
                :userId
            <- [EQUAL]
            -> [grouped]
                -> [or]
                  -> [is-null]
                      :status
                  <- [is-null]
                  -> [EQUAL]
                      -> [basic-path] - `com.taskmanagement.entity.Goal(g).status`
                      :status
                  <- [EQUAL]
                <- [or]
            <- [grouped]
            -> [grouped]
                -> [or]
                  -> [is-null]
                      :priority
                  <- [is-null]
                  -> [EQUAL]
                      -> [basic-path] - `com.taskmanagement.entity.Goal(g).priority`
                      :priority
                  <- [EQUAL]
                <- [or]
            <- [grouped]
          <- [and]
        <- [where]
      <- [query-spec]
    <- [select]

2026-02-25 13:50:02 [main] DEBUG org.hibernate.orm.query.hql - HQL : SELECT count(g) FROM Goal g WHERE g.userId = :userId AND (:status IS NULL OR g.status = :status) AND (:priority IS NULL OR g.priority = :priority)
2026-02-25 13:50:02 [main] DEBUG o.h.o.q.hql.reservedWordAsIdentifier - Encountered use of reserved word as identifier : (
2026-02-25 13:50:02 [main] DEBUG o.hibernate.orm.query.sqm.creation - Applying inferable type to SqmExpression [SqmNamedParameter(userId)] : null -> SqmBasicValuedSimplePath(com.taskmanagement.entity.Goal(g).userId)
2026-02-25 13:50:02 [main] DEBUG o.hibernate.orm.query.sqm.creation - Applying inferable type to SqmExpression [SqmNamedParameter(status)] : null -> SqmBasicValuedSimplePath(com.taskmanagement.entity.Goal(g).status)
2026-02-25 13:50:02 [main] DEBUG o.hibernate.orm.query.sqm.creation - Applying inferable type to SqmExpression [SqmNamedParameter(priority)] : null -> SqmBasicValuedSimplePath(com.taskmanagement.entity.Goal(g).priority)
2026-02-25 13:50:02 [main] DEBUG org.hibernate.orm.query.sqm.ast - SqmStatement Tree :
    -> [select]
      -> [query-spec]
        -> [select]
          -> [selection]
          <- [selection]
        <- [select]
        -> [from]
          -> [root] - `com.taskmanagement.entity.Goal(g)`
          <- [root] - `com.taskmanagement.entity.Goal(g)`
        <- [from]
        -> [where]
          -> [and]
            -> [EQUAL]
                -> [basic-path] - `com.taskmanagement.entity.Goal(g).userId`
                :userId
            <- [EQUAL]
            -> [grouped]
                -> [or]
                  -> [is-null]
                      :status
                  <- [is-null]
                  -> [EQUAL]
                      -> [basic-path] - `com.taskmanagement.entity.Goal(g).status`
                      :status
                  <- [EQUAL]
                <- [or]
            <- [grouped]
            -> [grouped]
                -> [or]
                  -> [is-null]
                      :priority
                  <- [is-null]
                  -> [EQUAL]
                      -> [basic-path] - `com.taskmanagement.entity.Goal(g).priority`
                      :priority
                  <- [EQUAL]
                <- [or]
            <- [grouped]
          <- [and]
        <- [where]
      <- [query-spec]
    <- [select]

2026-02-25 13:50:02 [main] DEBUG o.h.r.t.b.j.i.JdbcResourceLocalTransactionCoordinatorImpl - JDBC transaction marked for rollback-only (exception provided for stack trace)
java.lang.Exception: exception just for purpose of providing stack trace
	at org.hibernate.resource.transaction.backend.jdbc.internal.JdbcResourceLocalTransactionCoordinatorImpl$TransactionDriverControlImpl.markRollbackOnly(JdbcResourceLocalTransactionCoordinatorImpl.java:310)
	at org.hibernate.internal.AbstractSharedSessionContract.buildNamedQuery(AbstractSharedSessionContract.java:1097)
	at org.hibernate.internal.AbstractSharedSessionContract.createNamedQuery(AbstractSharedSessionContract.java:975)
	at org.hibernate.internal.AbstractSharedSessionContract.createNamedQuery(AbstractSharedSessionContract.java:136)
	at java.base/jdk.internal.reflect.NativeMethodAccessorImpl.invoke0(Native Method)
	at java.base/jdk.internal.reflect.NativeMethodAccessorImpl.invoke(NativeMethodAccessorImpl.java:77)
	at java.base/jdk.internal.reflect.DelegatingMethodAccessorImpl.invoke(DelegatingMethodAccessorImpl.java:43)
	at java.base/java.lang.reflect.Method.invoke(Method.java:569)
	at org.springframework.orm.jpa.ExtendedEntityManagerCreator$ExtendedEntityManagerInvocationHandler.invoke(ExtendedEntityManagerCreator.java:364)
	at jdk.proxy2/jdk.proxy2.$Proxy152.createNamedQuery(Unknown Source)
	at org.springframework.data.jpa.repository.query.NamedQuery.hasNamedQuery(NamedQuery.java:113)
	at org.springframework.data.jpa.repository.query.JpaQueryLookupStrategy$DeclaredQueryLookupStrategy.getCountQuery(JpaQueryLookupStrategy.java:204)
	at org.springframework.data.jpa.repository.query.JpaQueryLookupStrategy$DeclaredQueryLookupStrategy.resolveQuery(JpaQueryLookupStrategy.java:171)
	at org.springframework.data.jpa.repository.query.JpaQueryLookupStrategy$CreateIfNotFoundQueryLookupStrategy.resolveQuery(JpaQueryLookupStrategy.java:252)
	at org.springframework.data.jpa.repository.query.JpaQueryLookupStrategy$AbstractQueryLookupStrategy.resolveQuery(JpaQueryLookupStrategy.java:95)
	at org.springframework.data.repository.core.support.QueryExecutorMethodInterceptor.lookupQuery(QueryExecutorMethodInterceptor.java:111)
	at org.springframework.data.repository.core.support.QueryExecutorMethodInterceptor.mapMethodsToQuery(QueryExecutorMethodInterceptor.java:99)
	at org.springframework.data.repository.core.support.QueryExecutorMethodInterceptor.lambda$new$0(QueryExecutorMethodInterceptor.java:88)
	at java.base/java.util.Optional.map(Optional.java:260)
	at org.springframework.data.repository.core.support.QueryExecutorMethodInterceptor.<init>(QueryExecutorMethodInterceptor.java:88)
	at org.springframework.data.repository.core.support.RepositoryFactorySupport.getRepository(RepositoryFactorySupport.java:357)
	at org.springframework.data.repository.core.support.RepositoryFactoryBeanSupport.lambda$afterPropertiesSet$5(RepositoryFactoryBeanSupport.java:279)
	at org.springframework.data.util.Lazy.getNullable(Lazy.java:135)
	at org.springframework.data.util.Lazy.get(Lazy.java:113)
	at org.springframework.data.repository.core.support.RepositoryFactoryBeanSupport.afterPropertiesSet(RepositoryFactoryBeanSupport.java:285)
	at org.springframework.data.jpa.repository.support.JpaRepositoryFactoryBean.afterPropertiesSet(JpaRepositoryFactoryBean.java:132)
	at org.springframework.beans.factory.support.AbstractAutowireCapableBeanFactory.invokeInitMethods(AbstractAutowireCapableBeanFactory.java:1833)
	at org.springframework.beans.factory.support.AbstractAutowireCapableBeanFactory.initializeBean(AbstractAutowireCapableBeanFactory.java:1782)
	at org.springframework.beans.factory.support.AbstractAutowireCapableBeanFactory.doCreateBean(AbstractAutowireCapableBeanFactory.java:600)
	at org.springframework.beans.factory.support.AbstractAutowireCapableBeanFactory.createBean(AbstractAutowireCapableBeanFactory.java:522)
	at org.springframework.beans.factory.support.AbstractBeanFactory.lambda$doGetBean$0(AbstractBeanFactory.java:326)
	at org.springframework.beans.factory.support.DefaultSingletonBeanRegistry.getSingleton(DefaultSingletonBeanRegistry.java:234)
	at org.springframework.beans.factory.support.AbstractBeanFactory.doGetBean(AbstractBeanFactory.java:324)
	at org.springframework.beans.factory.support.AbstractBeanFactory.getBean(AbstractBeanFactory.java:200)
	at org.springframework.beans.factory.config.DependencyDescriptor.resolveCandidate(DependencyDescriptor.java:254)
	at org.springframework.beans.factory.support.DefaultListableBeanFactory.doResolveDependency(DefaultListableBeanFactory.java:1443)
	at org.springframework.beans.factory.support.DefaultListableBeanFactory.resolveDependency(DefaultListableBeanFactory.java:1353)
	at org.springframework.beans.factory.support.ConstructorResolver.resolveAutowiredArgument(ConstructorResolver.java:904)
	at org.springframework.beans.factory.support.ConstructorResolver.createArgumentArray(ConstructorResolver.java:782)
	at org.springframework.beans.factory.support.ConstructorResolver.autowireConstructor(ConstructorResolver.java:237)
	at org.springframework.beans.factory.support.AbstractAutowireCapableBeanFactory.autowireConstructor(AbstractAutowireCapableBeanFactory.java:1355)
	at org.springframework.beans.factory.support.AbstractAutowireCapableBeanFactory.createBeanInstance(AbstractAutowireCapableBeanFactory.java:1192)
	at org.springframework.beans.factory.support.AbstractAutowireCapableBeanFactory.doCreateBean(AbstractAutowireCapableBeanFactory.java:562)
	at org.springframework.beans.factory.support.AbstractAutowireCapableBeanFactory.createBean(AbstractAutowireCapableBeanFactory.java:522)
	at org.springframework.beans.factory.support.AbstractBeanFactory.lambda$doGetBean$0(AbstractBeanFactory.java:326)
	at org.springframework.beans.factory.support.DefaultSingletonBeanRegistry.getSingleton(DefaultSingletonBeanRegistry.java:234)
	at org.springframework.beans.factory.support.AbstractBeanFactory.doGetBean(AbstractBeanFactory.java:324)
	at org.springframework.beans.factory.support.AbstractBeanFactory.getBean(AbstractBeanFactory.java:200)
	at org.springframework.beans.factory.config.DependencyDescriptor.resolveCandidate(DependencyDescriptor.java:254)
	at org.springframework.beans.factory.support.DefaultListableBeanFactory.doResolveDependency(DefaultListableBeanFactory.java:1443)
	at org.springframework.beans.factory.support.DefaultListableBeanFactory.resolveDependency(DefaultListableBeanFactory.java:1353)
	at org.springframework.beans.factory.support.ConstructorResolver.resolveAutowiredArgument(ConstructorResolver.java:904)
	at org.springframework.beans.factory.support.ConstructorResolver.createArgumentArray(ConstructorResolver.java:782)
	at org.springframework.beans.factory.support.ConstructorResolver.autowireConstructor(ConstructorResolver.java:237)
	at org.springframework.beans.factory.support.AbstractAutowireCapableBeanFactory.autowireConstructor(AbstractAutowireCapableBeanFactory.java:1355)
	at org.springframework.beans.factory.support.AbstractAutowireCapableBeanFactory.createBeanInstance(AbstractAutowireCapableBeanFactory.java:1192)
	at org.springframework.beans.factory.support.AbstractAutowireCapableBeanFactory.doCreateBean(AbstractAutowireCapableBeanFactory.java:562)
	at org.springframework.beans.factory.support.AbstractAutowireCapableBeanFactory.createBean(AbstractAutowireCapableBeanFactory.java:522)
	at org.springframework.beans.factory.support.AbstractBeanFactory.lambda$doGetBean$0(AbstractBeanFactory.java:326)
	at org.springframework.beans.factory.support.DefaultSingletonBeanRegistry.getSingleton(DefaultSingletonBeanRegistry.java:234)
	at org.springframework.beans.factory.support.AbstractBeanFactory.doGetBean(AbstractBeanFactory.java:324)
	at org.springframework.beans.factory.support.AbstractBeanFactory.getBean(AbstractBeanFactory.java:200)
	at org.springframework.beans.factory.support.DefaultListableBeanFactory.preInstantiateSingletons(DefaultListableBeanFactory.java:975)
	at org.springframework.context.support.AbstractApplicationContext.finishBeanFactoryInitialization(AbstractApplicationContext.java:962)
	at org.springframework.context.support.AbstractApplicationContext.refresh(AbstractApplicationContext.java:624)
	at org.springframework.boot.web.servlet.context.ServletWebServerApplicationContext.refresh(ServletWebServerApplicationContext.java:146)
	at org.springframework.boot.SpringApplication.refresh(SpringApplication.java:754)
	at org.springframework.boot.SpringApplication.refreshContext(SpringApplication.java:456)
	at org.springframework.boot.SpringApplication.run(SpringApplication.java:334)
	at org.springframework.boot.SpringApplication.run(SpringApplication.java:1354)
	at org.springframework.boot.SpringApplication.run(SpringApplication.java:1343)
	at com.taskmanagement.TaskManagementServiceApplication.main(TaskManagementServiceApplication.java:12)
2026-02-25 13:50:02 [main] DEBUG o.s.d.j.repository.query.NamedQuery - Did not find named query Goal.getAverageProgressByUserId.count
2026-02-25 13:50:02 [main] DEBUG o.s.o.j.SharedEntityManagerCreator$SharedEntityManagerInvocationHandler - Creating new EntityManager for shared EntityManager invocation
2026-02-25 13:50:02 [main] DEBUG org.hibernate.orm.query.hql - HQL : SELECT AVG(g.progressPercentage) FROM Goal g WHERE g.userId = :userId
2026-02-25 13:50:02 [main] DEBUG o.h.o.q.hql.reservedWordAsIdentifier - Encountered use of reserved word as identifier : (
2026-02-25 13:50:02 [main] DEBUG o.hibernate.orm.query.sqm.creation - Applying inferable type to SqmExpression [SqmNamedParameter(userId)] : null -> SqmBasicValuedSimplePath(com.taskmanagement.entity.Goal(g).userId)
2026-02-25 13:50:02 [main] DEBUG org.hibernate.orm.query.sqm.ast - SqmStatement Tree :
    -> [select]
      -> [query-spec]
        -> [select]
          -> [selection]
          <- [selection]
        <- [select]
        -> [from]
          -> [root] - `com.taskmanagement.entity.Goal(g)`
          <- [root] - `com.taskmanagement.entity.Goal(g)`
        <- [from]
        -> [where]
          -> [EQUAL]
              -> [basic-path] - `com.taskmanagement.entity.Goal(g).userId`
              :userId
          <- [EQUAL]
        <- [where]
      <- [query-spec]
    <- [select]

2026-02-25 13:50:02 [main] DEBUG o.s.d.j.repository.query.NamedQuery - Looking up named query Goal.findByUserIdAndStatus
2026-02-25 13:50:02 [main] DEBUG o.h.r.t.b.j.i.JdbcResourceLocalTransactionCoordinatorImpl - JDBC transaction marked for rollback-only (exception provided for stack trace)
java.lang.Exception: exception just for purpose of providing stack trace
	at org.hibernate.resource.transaction.backend.jdbc.internal.JdbcResourceLocalTransactionCoordinatorImpl$TransactionDriverControlImpl.markRollbackOnly(JdbcResourceLocalTransactionCoordinatorImpl.java:310)
	at org.hibernate.internal.AbstractSharedSessionContract.buildNamedQuery(AbstractSharedSessionContract.java:1097)
	at org.hibernate.internal.AbstractSharedSessionContract.createNamedQuery(AbstractSharedSessionContract.java:975)
	at org.hibernate.internal.AbstractSharedSessionContract.createNamedQuery(AbstractSharedSessionContract.java:136)
	at java.base/jdk.internal.reflect.NativeMethodAccessorImpl.invoke0(Native Method)
	at java.base/jdk.internal.reflect.NativeMethodAccessorImpl.invoke(NativeMethodAccessorImpl.java:77)
	at java.base/jdk.internal.reflect.DelegatingMethodAccessorImpl.invoke(DelegatingMethodAccessorImpl.java:43)
	at java.base/java.lang.reflect.Method.invoke(Method.java:569)
	at org.springframework.orm.jpa.ExtendedEntityManagerCreator$ExtendedEntityManagerInvocationHandler.invoke(ExtendedEntityManagerCreator.java:364)
	at jdk.proxy2/jdk.proxy2.$Proxy152.createNamedQuery(Unknown Source)
	at org.springframework.data.jpa.repository.query.NamedQuery.hasNamedQuery(NamedQuery.java:113)
	at org.springframework.data.jpa.repository.query.NamedQuery.lookupFrom(NamedQuery.java:141)
	at org.springframework.data.jpa.repository.query.JpaQueryLookupStrategy$DeclaredQueryLookupStrategy.resolveQuery(JpaQueryLookupStrategy.java:180)
	at org.springframework.data.jpa.repository.query.JpaQueryLookupStrategy$CreateIfNotFoundQueryLookupStrategy.resolveQuery(JpaQueryLookupStrategy.java:252)
	at org.springframework.data.jpa.repository.query.JpaQueryLookupStrategy$AbstractQueryLookupStrategy.resolveQuery(JpaQueryLookupStrategy.java:95)
	at org.springframework.data.repository.core.support.QueryExecutorMethodInterceptor.lookupQuery(QueryExecutorMethodInterceptor.java:111)
	at org.springframework.data.repository.core.support.QueryExecutorMethodInterceptor.mapMethodsToQuery(QueryExecutorMethodInterceptor.java:99)
	at org.springframework.data.repository.core.support.QueryExecutorMethodInterceptor.lambda$new$0(QueryExecutorMethodInterceptor.java:88)
	at java.base/java.util.Optional.map(Optional.java:260)
	at org.springframework.data.repository.core.support.QueryExecutorMethodInterceptor.<init>(QueryExecutorMethodInterceptor.java:88)
	at org.springframework.data.repository.core.support.RepositoryFactorySupport.getRepository(RepositoryFactorySupport.java:357)
	at org.springframework.data.repository.core.support.RepositoryFactoryBeanSupport.lambda$afterPropertiesSet$5(RepositoryFactoryBeanSupport.java:279)
	at org.springframework.data.util.Lazy.getNullable(Lazy.java:135)
	at org.springframework.data.util.Lazy.get(Lazy.java:113)
	at org.springframework.data.repository.core.support.RepositoryFactoryBeanSupport.afterPropertiesSet(RepositoryFactoryBeanSupport.java:285)
	at org.springframework.data.jpa.repository.support.JpaRepositoryFactoryBean.afterPropertiesSet(JpaRepositoryFactoryBean.java:132)
	at org.springframework.beans.factory.support.AbstractAutowireCapableBeanFactory.invokeInitMethods(AbstractAutowireCapableBeanFactory.java:1833)
	at org.springframework.beans.factory.support.AbstractAutowireCapableBeanFactory.initializeBean(AbstractAutowireCapableBeanFactory.java:1782)
	at org.springframework.beans.factory.support.AbstractAutowireCapableBeanFactory.doCreateBean(AbstractAutowireCapableBeanFactory.java:600)
	at org.springframework.beans.factory.support.AbstractAutowireCapableBeanFactory.createBean(AbstractAutowireCapableBeanFactory.java:522)
	at org.springframework.beans.factory.support.AbstractBeanFactory.lambda$doGetBean$0(AbstractBeanFactory.java:326)
	at org.springframework.beans.factory.support.DefaultSingletonBeanRegistry.getSingleton(DefaultSingletonBeanRegistry.java:234)
	at org.springframework.beans.factory.support.AbstractBeanFactory.doGetBean(AbstractBeanFactory.java:324)
	at org.springframework.beans.factory.support.AbstractBeanFactory.getBean(AbstractBeanFactory.java:200)
	at org.springframework.beans.factory.config.DependencyDescriptor.resolveCandidate(DependencyDescriptor.java:254)
	at org.springframework.beans.factory.support.DefaultListableBeanFactory.doResolveDependency(DefaultListableBeanFactory.java:1443)
	at org.springframework.beans.factory.support.DefaultListableBeanFactory.resolveDependency(DefaultListableBeanFactory.java:1353)
	at org.springframework.beans.factory.support.ConstructorResolver.resolveAutowiredArgument(ConstructorResolver.java:904)
	at org.springframework.beans.factory.support.ConstructorResolver.createArgumentArray(ConstructorResolver.java:782)
	at org.springframework.beans.factory.support.ConstructorResolver.autowireConstructor(ConstructorResolver.java:237)
	at org.springframework.beans.factory.support.AbstractAutowireCapableBeanFactory.autowireConstructor(AbstractAutowireCapableBeanFactory.java:1355)
	at org.springframework.beans.factory.support.AbstractAutowireCapableBeanFactory.createBeanInstance(AbstractAutowireCapableBeanFactory.java:1192)
	at org.springframework.beans.factory.support.AbstractAutowireCapableBeanFactory.doCreateBean(AbstractAutowireCapableBeanFactory.java:562)
	at org.springframework.beans.factory.support.AbstractAutowireCapableBeanFactory.createBean(AbstractAutowireCapableBeanFactory.java:522)
	at org.springframework.beans.factory.support.AbstractBeanFactory.lambda$doGetBean$0(AbstractBeanFactory.java:326)
	at org.springframework.beans.factory.support.DefaultSingletonBeanRegistry.getSingleton(DefaultSingletonBeanRegistry.java:234)
	at org.springframework.beans.factory.support.AbstractBeanFactory.doGetBean(AbstractBeanFactory.java:324)
	at org.springframework.beans.factory.support.AbstractBeanFactory.getBean(AbstractBeanFactory.java:200)
	at org.springframework.beans.factory.config.DependencyDescriptor.resolveCandidate(DependencyDescriptor.java:254)
	at org.springframework.beans.factory.support.DefaultListableBeanFactory.doResolveDependency(DefaultListableBeanFactory.java:1443)
	at org.springframework.beans.factory.support.DefaultListableBeanFactory.resolveDependency(DefaultListableBeanFactory.java:1353)
	at org.springframework.beans.factory.support.ConstructorResolver.resolveAutowiredArgument(ConstructorResolver.java:904)
	at org.springframework.beans.factory.support.ConstructorResolver.createArgumentArray(ConstructorResolver.java:782)
	at org.springframework.beans.factory.support.ConstructorResolver.autowireConstructor(ConstructorResolver.java:237)
	at org.springframework.beans.factory.support.AbstractAutowireCapableBeanFactory.autowireConstructor(AbstractAutowireCapableBeanFactory.java:1355)
	at org.springframework.beans.factory.support.AbstractAutowireCapableBeanFactory.createBeanInstance(AbstractAutowireCapableBeanFactory.java:1192)
	at org.springframework.beans.factory.support.AbstractAutowireCapableBeanFactory.doCreateBean(AbstractAutowireCapableBeanFactory.java:562)
	at org.springframework.beans.factory.support.AbstractAutowireCapableBeanFactory.createBean(AbstractAutowireCapableBeanFactory.java:522)
	at org.springframework.beans.factory.support.AbstractBeanFactory.lambda$doGetBean$0(AbstractBeanFactory.java:326)
	at org.springframework.beans.factory.support.DefaultSingletonBeanRegistry.getSingleton(DefaultSingletonBeanRegistry.java:234)
	at org.springframework.beans.factory.support.AbstractBeanFactory.doGetBean(AbstractBeanFactory.java:324)
	at org.springframework.beans.factory.support.AbstractBeanFactory.getBean(AbstractBeanFactory.java:200)
	at org.springframework.beans.factory.support.DefaultListableBeanFactory.preInstantiateSingletons(DefaultListableBeanFactory.java:975)
	at org.springframework.context.support.AbstractApplicationContext.finishBeanFactoryInitialization(AbstractApplicationContext.java:962)
	at org.springframework.context.support.AbstractApplicationContext.refresh(AbstractApplicationContext.java:624)
	at org.springframework.boot.web.servlet.context.ServletWebServerApplicationContext.refresh(ServletWebServerApplicationContext.java:146)
	at org.springframework.boot.SpringApplication.refresh(SpringApplication.java:754)
	at org.springframework.boot.SpringApplication.refreshContext(SpringApplication.java:456)
	at org.springframework.boot.SpringApplication.run(SpringApplication.java:334)
	at org.springframework.boot.SpringApplication.run(SpringApplication.java:1354)
	at org.springframework.boot.SpringApplication.run(SpringApplication.java:1343)
	at com.taskmanagement.TaskManagementServiceApplication.main(TaskManagementServiceApplication.java:12)
2026-02-25 13:50:02 [main] DEBUG o.s.d.j.repository.query.NamedQuery - Did not find named query Goal.findByUserIdAndStatus
2026-02-25 13:50:02 [main] DEBUG o.s.o.j.SharedEntityManagerCreator$SharedEntityManagerInvocationHandler - Creating new EntityManager for shared EntityManager invocation
2026-02-25 13:50:02 [main] DEBUG o.s.d.r.c.s.RepositoryFactorySupport - Finished creation of repository instance for com.taskmanagement.repository.GoalRepository.
2026-02-25 13:50:02 [main] DEBUG o.s.b.f.s.DefaultListableBeanFactory - Creating shared instance of singleton bean 'taskRepository'
2026-02-25 13:50:02 [main] DEBUG o.s.b.f.s.DefaultListableBeanFactory - Creating shared instance of singleton bean 'jpa.named-queries#0'
2026-02-25 13:50:02 [main] DEBUG o.s.b.f.s.DefaultListableBeanFactory - Creating shared instance of singleton bean 'jpa.TaskRepository.fragments#0'
2026-02-25 13:50:02 [main] DEBUG o.s.o.j.SharedEntityManagerCreator$SharedEntityManagerInvocationHandler - Creating new EntityManager for shared EntityManager invocation
2026-02-25 13:50:02 [main] DEBUG o.s.d.r.c.s.RepositoryFactorySupport - Initializing repository instance for com.taskmanagement.repository.TaskRepository…
2026-02-25 13:50:02 [main] DEBUG o.s.o.j.SharedEntityManagerCreator$SharedEntityManagerInvocationHandler - Creating new EntityManager for shared EntityManager invocation
2026-02-25 13:50:02 [main] DEBUG o.s.d.j.repository.query.NamedQuery - Looking up named query Task.findByGoalIdAndStatus
2026-02-25 13:50:02 [main] DEBUG o.h.r.t.b.j.i.JdbcResourceLocalTransactionCoordinatorImpl - JDBC transaction marked for rollback-only (exception provided for stack trace)
java.lang.Exception: exception just for purpose of providing stack trace
	at org.hibernate.resource.transaction.backend.jdbc.internal.JdbcResourceLocalTransactionCoordinatorImpl$TransactionDriverControlImpl.markRollbackOnly(JdbcResourceLocalTransactionCoordinatorImpl.java:310)
	at org.hibernate.internal.AbstractSharedSessionContract.buildNamedQuery(AbstractSharedSessionContract.java:1097)
	at org.hibernate.internal.AbstractSharedSessionContract.createNamedQuery(AbstractSharedSessionContract.java:975)
	at org.hibernate.internal.AbstractSharedSessionContract.createNamedQuery(AbstractSharedSessionContract.java:136)
	at java.base/jdk.internal.reflect.NativeMethodAccessorImpl.invoke0(Native Method)
	at java.base/jdk.internal.reflect.NativeMethodAccessorImpl.invoke(NativeMethodAccessorImpl.java:77)
	at java.base/jdk.internal.reflect.DelegatingMethodAccessorImpl.invoke(DelegatingMethodAccessorImpl.java:43)
	at java.base/java.lang.reflect.Method.invoke(Method.java:569)
	at org.springframework.orm.jpa.ExtendedEntityManagerCreator$ExtendedEntityManagerInvocationHandler.invoke(ExtendedEntityManagerCreator.java:364)
	at jdk.proxy2/jdk.proxy2.$Proxy152.createNamedQuery(Unknown Source)
	at org.springframework.data.jpa.repository.query.NamedQuery.hasNamedQuery(NamedQuery.java:113)
	at org.springframework.data.jpa.repository.query.NamedQuery.lookupFrom(NamedQuery.java:141)
	at org.springframework.data.jpa.repository.query.JpaQueryLookupStrategy$DeclaredQueryLookupStrategy.resolveQuery(JpaQueryLookupStrategy.java:180)
	at org.springframework.data.jpa.repository.query.JpaQueryLookupStrategy$CreateIfNotFoundQueryLookupStrategy.resolveQuery(JpaQueryLookupStrategy.java:252)
	at org.springframework.data.jpa.repository.query.JpaQueryLookupStrategy$AbstractQueryLookupStrategy.resolveQuery(JpaQueryLookupStrategy.java:95)
	at org.springframework.data.repository.core.support.QueryExecutorMethodInterceptor.lookupQuery(QueryExecutorMethodInterceptor.java:111)
	at org.springframework.data.repository.core.support.QueryExecutorMethodInterceptor.mapMethodsToQuery(QueryExecutorMethodInterceptor.java:99)
	at org.springframework.data.repository.core.support.QueryExecutorMethodInterceptor.lambda$new$0(QueryExecutorMethodInterceptor.java:88)
	at java.base/java.util.Optional.map(Optional.java:260)
	at org.springframework.data.repository.core.support.QueryExecutorMethodInterceptor.<init>(QueryExecutorMethodInterceptor.java:88)
	at org.springframework.data.repository.core.support.RepositoryFactorySupport.getRepository(RepositoryFactorySupport.java:357)
	at org.springframework.data.repository.core.support.RepositoryFactoryBeanSupport.lambda$afterPropertiesSet$5(RepositoryFactoryBeanSupport.java:279)
	at org.springframework.data.util.Lazy.getNullable(Lazy.java:135)
	at org.springframework.data.util.Lazy.get(Lazy.java:113)
	at org.springframework.data.repository.core.support.RepositoryFactoryBeanSupport.afterPropertiesSet(RepositoryFactoryBeanSupport.java:285)
	at org.springframework.data.jpa.repository.support.JpaRepositoryFactoryBean.afterPropertiesSet(JpaRepositoryFactoryBean.java:132)
	at org.springframework.beans.factory.support.AbstractAutowireCapableBeanFactory.invokeInitMethods(AbstractAutowireCapableBeanFactory.java:1833)
	at org.springframework.beans.factory.support.AbstractAutowireCapableBeanFactory.initializeBean(AbstractAutowireCapableBeanFactory.java:1782)
	at org.springframework.beans.factory.support.AbstractAutowireCapableBeanFactory.doCreateBean(AbstractAutowireCapableBeanFactory.java:600)
	at org.springframework.beans.factory.support.AbstractAutowireCapableBeanFactory.createBean(AbstractAutowireCapableBeanFactory.java:522)
	at org.springframework.beans.factory.support.AbstractBeanFactory.lambda$doGetBean$0(AbstractBeanFactory.java:326)
	at org.springframework.beans.factory.support.DefaultSingletonBeanRegistry.getSingleton(DefaultSingletonBeanRegistry.java:234)
	at org.springframework.beans.factory.support.AbstractBeanFactory.doGetBean(AbstractBeanFactory.java:324)
	at org.springframework.beans.factory.support.AbstractBeanFactory.getBean(AbstractBeanFactory.java:200)
	at org.springframework.beans.factory.config.DependencyDescriptor.resolveCandidate(DependencyDescriptor.java:254)
	at org.springframework.beans.factory.support.DefaultListableBeanFactory.doResolveDependency(DefaultListableBeanFactory.java:1443)
	at org.springframework.beans.factory.support.DefaultListableBeanFactory.resolveDependency(DefaultListableBeanFactory.java:1353)
	at org.springframework.beans.factory.support.ConstructorResolver.resolveAutowiredArgument(ConstructorResolver.java:904)
	at org.springframework.beans.factory.support.ConstructorResolver.createArgumentArray(ConstructorResolver.java:782)
	at org.springframework.beans.factory.support.ConstructorResolver.autowireConstructor(ConstructorResolver.java:237)
	at org.springframework.beans.factory.support.AbstractAutowireCapableBeanFactory.autowireConstructor(AbstractAutowireCapableBeanFactory.java:1355)
	at org.springframework.beans.factory.support.AbstractAutowireCapableBeanFactory.createBeanInstance(AbstractAutowireCapableBeanFactory.java:1192)
	at org.springframework.beans.factory.support.AbstractAutowireCapableBeanFactory.doCreateBean(AbstractAutowireCapableBeanFactory.java:562)
	at org.springframework.beans.factory.support.AbstractAutowireCapableBeanFactory.createBean(AbstractAutowireCapableBeanFactory.java:522)
	at org.springframework.beans.factory.support.AbstractBeanFactory.lambda$doGetBean$0(AbstractBeanFactory.java:326)
	at org.springframework.beans.factory.support.DefaultSingletonBeanRegistry.getSingleton(DefaultSingletonBeanRegistry.java:234)
	at org.springframework.beans.factory.support.AbstractBeanFactory.doGetBean(AbstractBeanFactory.java:324)
	at org.springframework.beans.factory.support.AbstractBeanFactory.getBean(AbstractBeanFactory.java:200)
	at org.springframework.beans.factory.config.DependencyDescriptor.resolveCandidate(DependencyDescriptor.java:254)
	at org.springframework.beans.factory.support.DefaultListableBeanFactory.doResolveDependency(DefaultListableBeanFactory.java:1443)
	at org.springframework.beans.factory.support.DefaultListableBeanFactory.resolveDependency(DefaultListableBeanFactory.java:1353)
	at org.springframework.beans.factory.support.ConstructorResolver.resolveAutowiredArgument(ConstructorResolver.java:904)
	at org.springframework.beans.factory.support.ConstructorResolver.createArgumentArray(ConstructorResolver.java:782)
	at org.springframework.beans.factory.support.ConstructorResolver.autowireConstructor(ConstructorResolver.java:237)
	at org.springframework.beans.factory.support.AbstractAutowireCapableBeanFactory.autowireConstructor(AbstractAutowireCapableBeanFactory.java:1355)
	at org.springframework.beans.factory.support.AbstractAutowireCapableBeanFactory.createBeanInstance(AbstractAutowireCapableBeanFactory.java:1192)
	at org.springframework.beans.factory.support.AbstractAutowireCapableBeanFactory.doCreateBean(AbstractAutowireCapableBeanFactory.java:562)
	at org.springframework.beans.factory.support.AbstractAutowireCapableBeanFactory.createBean(AbstractAutowireCapableBeanFactory.java:522)
	at org.springframework.beans.factory.support.AbstractBeanFactory.lambda$doGetBean$0(AbstractBeanFactory.java:326)
	at org.springframework.beans.factory.support.DefaultSingletonBeanRegistry.getSingleton(DefaultSingletonBeanRegistry.java:234)
	at org.springframework.beans.factory.support.AbstractBeanFactory.doGetBean(AbstractBeanFactory.java:324)
	at org.springframework.beans.factory.support.AbstractBeanFactory.getBean(AbstractBeanFactory.java:200)
	at org.springframework.beans.factory.support.DefaultListableBeanFactory.preInstantiateSingletons(DefaultListableBeanFactory.java:975)
	at org.springframework.context.support.AbstractApplicationContext.finishBeanFactoryInitialization(AbstractApplicationContext.java:962)
	at org.springframework.context.support.AbstractApplicationContext.refresh(AbstractApplicationContext.java:624)
	at org.springframework.boot.web.servlet.context.ServletWebServerApplicationContext.refresh(ServletWebServerApplicationContext.java:146)
	at org.springframework.boot.SpringApplication.refresh(SpringApplication.java:754)
	at org.springframework.boot.SpringApplication.refreshContext(SpringApplication.java:456)
	at org.springframework.boot.SpringApplication.run(SpringApplication.java:334)
	at org.springframework.boot.SpringApplication.run(SpringApplication.java:1354)
	at org.springframework.boot.SpringApplication.run(SpringApplication.java:1343)
	at com.taskmanagement.TaskManagementServiceApplication.main(TaskManagementServiceApplication.java:12)
2026-02-25 13:50:02 [main] DEBUG o.s.d.j.repository.query.NamedQuery - Did not find named query Task.findByGoalIdAndStatus
2026-02-25 13:50:02 [main] DEBUG o.s.o.j.SharedEntityManagerCreator$SharedEntityManagerInvocationHandler - Creating new EntityManager for shared EntityManager invocation
2026-02-25 13:50:02 [main] DEBUG o.s.d.j.repository.query.NamedQuery - Looking up named query Task.findByGoalIdAndCompleted
2026-02-25 13:50:02 [main] DEBUG o.h.r.t.b.j.i.JdbcResourceLocalTransactionCoordinatorImpl - JDBC transaction marked for rollback-only (exception provided for stack trace)
java.lang.Exception: exception just for purpose of providing stack trace
	at org.hibernate.resource.transaction.backend.jdbc.internal.JdbcResourceLocalTransactionCoordinatorImpl$TransactionDriverControlImpl.markRollbackOnly(JdbcResourceLocalTransactionCoordinatorImpl.java:310)
	at org.hibernate.internal.AbstractSharedSessionContract.buildNamedQuery(AbstractSharedSessionContract.java:1097)
	at org.hibernate.internal.AbstractSharedSessionContract.createNamedQuery(AbstractSharedSessionContract.java:975)
	at org.hibernate.internal.AbstractSharedSessionContract.createNamedQuery(AbstractSharedSessionContract.java:136)
	at java.base/jdk.internal.reflect.NativeMethodAccessorImpl.invoke0(Native Method)
	at java.base/jdk.internal.reflect.NativeMethodAccessorImpl.invoke(NativeMethodAccessorImpl.java:77)
	at java.base/jdk.internal.reflect.DelegatingMethodAccessorImpl.invoke(DelegatingMethodAccessorImpl.java:43)
	at java.base/java.lang.reflect.Method.invoke(Method.java:569)
	at org.springframework.orm.jpa.ExtendedEntityManagerCreator$ExtendedEntityManagerInvocationHandler.invoke(ExtendedEntityManagerCreator.java:364)
	at jdk.proxy2/jdk.proxy2.$Proxy152.createNamedQuery(Unknown Source)
	at org.springframework.data.jpa.repository.query.NamedQuery.hasNamedQuery(NamedQuery.java:113)
	at org.springframework.data.jpa.repository.query.NamedQuery.lookupFrom(NamedQuery.java:141)
	at org.springframework.data.jpa.repository.query.JpaQueryLookupStrategy$DeclaredQueryLookupStrategy.resolveQuery(JpaQueryLookupStrategy.java:180)
	at org.springframework.data.jpa.repository.query.JpaQueryLookupStrategy$CreateIfNotFoundQueryLookupStrategy.resolveQuery(JpaQueryLookupStrategy.java:252)
	at org.springframework.data.jpa.repository.query.JpaQueryLookupStrategy$AbstractQueryLookupStrategy.resolveQuery(JpaQueryLookupStrategy.java:95)
	at org.springframework.data.repository.core.support.QueryExecutorMethodInterceptor.lookupQuery(QueryExecutorMethodInterceptor.java:111)
	at org.springframework.data.repository.core.support.QueryExecutorMethodInterceptor.mapMethodsToQuery(QueryExecutorMethodInterceptor.java:99)
	at org.springframework.data.repository.core.support.QueryExecutorMethodInterceptor.lambda$new$0(QueryExecutorMethodInterceptor.java:88)
	at java.base/java.util.Optional.map(Optional.java:260)
	at org.springframework.data.repository.core.support.QueryExecutorMethodInterceptor.<init>(QueryExecutorMethodInterceptor.java:88)
	at org.springframework.data.repository.core.support.RepositoryFactorySupport.getRepository(RepositoryFactorySupport.java:357)
	at org.springframework.data.repository.core.support.RepositoryFactoryBeanSupport.lambda$afterPropertiesSet$5(RepositoryFactoryBeanSupport.java:279)
	at org.springframework.data.util.Lazy.getNullable(Lazy.java:135)
	at org.springframework.data.util.Lazy.get(Lazy.java:113)
	at org.springframework.data.repository.core.support.RepositoryFactoryBeanSupport.afterPropertiesSet(RepositoryFactoryBeanSupport.java:285)
	at org.springframework.data.jpa.repository.support.JpaRepositoryFactoryBean.afterPropertiesSet(JpaRepositoryFactoryBean.java:132)
	at org.springframework.beans.factory.support.AbstractAutowireCapableBeanFactory.invokeInitMethods(AbstractAutowireCapableBeanFactory.java:1833)
	at org.springframework.beans.factory.support.AbstractAutowireCapableBeanFactory.initializeBean(AbstractAutowireCapableBeanFactory.java:1782)
	at org.springframework.beans.factory.support.AbstractAutowireCapableBeanFactory.doCreateBean(AbstractAutowireCapableBeanFactory.java:600)
	at org.springframework.beans.factory.support.AbstractAutowireCapableBeanFactory.createBean(AbstractAutowireCapableBeanFactory.java:522)
	at org.springframework.beans.factory.support.AbstractBeanFactory.lambda$doGetBean$0(AbstractBeanFactory.java:326)
	at org.springframework.beans.factory.support.DefaultSingletonBeanRegistry.getSingleton(DefaultSingletonBeanRegistry.java:234)
	at org.springframework.beans.factory.support.AbstractBeanFactory.doGetBean(AbstractBeanFactory.java:324)
	at org.springframework.beans.factory.support.AbstractBeanFactory.getBean(AbstractBeanFactory.java:200)
	at org.springframework.beans.factory.config.DependencyDescriptor.resolveCandidate(DependencyDescriptor.java:254)
	at org.springframework.beans.factory.support.DefaultListableBeanFactory.doResolveDependency(DefaultListableBeanFactory.java:1443)
	at org.springframework.beans.factory.support.DefaultListableBeanFactory.resolveDependency(DefaultListableBeanFactory.java:1353)
	at org.springframework.beans.factory.support.ConstructorResolver.resolveAutowiredArgument(ConstructorResolver.java:904)
	at org.springframework.beans.factory.support.ConstructorResolver.createArgumentArray(ConstructorResolver.java:782)
	at org.springframework.beans.factory.support.ConstructorResolver.autowireConstructor(ConstructorResolver.java:237)
	at org.springframework.beans.factory.support.AbstractAutowireCapableBeanFactory.autowireConstructor(AbstractAutowireCapableBeanFactory.java:1355)
	at org.springframework.beans.factory.support.AbstractAutowireCapableBeanFactory.createBeanInstance(AbstractAutowireCapableBeanFactory.java:1192)
	at org.springframework.beans.factory.support.AbstractAutowireCapableBeanFactory.doCreateBean(AbstractAutowireCapableBeanFactory.java:562)
	at org.springframework.beans.factory.support.AbstractAutowireCapableBeanFactory.createBean(AbstractAutowireCapableBeanFactory.java:522)
	at org.springframework.beans.factory.support.AbstractBeanFactory.lambda$doGetBean$0(AbstractBeanFactory.java:326)
	at org.springframework.beans.factory.support.DefaultSingletonBeanRegistry.getSingleton(DefaultSingletonBeanRegistry.java:234)
	at org.springframework.beans.factory.support.AbstractBeanFactory.doGetBean(AbstractBeanFactory.java:324)
	at org.springframework.beans.factory.support.AbstractBeanFactory.getBean(AbstractBeanFactory.java:200)
	at org.springframework.beans.factory.config.DependencyDescriptor.resolveCandidate(DependencyDescriptor.java:254)
	at org.springframework.beans.factory.support.DefaultListableBeanFactory.doResolveDependency(DefaultListableBeanFactory.java:1443)
	at org.springframework.beans.factory.support.DefaultListableBeanFactory.resolveDependency(DefaultListableBeanFactory.java:1353)
	at org.springframework.beans.factory.support.ConstructorResolver.resolveAutowiredArgument(ConstructorResolver.java:904)
	at org.springframework.beans.factory.support.ConstructorResolver.createArgumentArray(ConstructorResolver.java:782)
	at org.springframework.beans.factory.support.ConstructorResolver.autowireConstructor(ConstructorResolver.java:237)
	at org.springframework.beans.factory.support.AbstractAutowireCapableBeanFactory.autowireConstructor(AbstractAutowireCapableBeanFactory.java:1355)
	at org.springframework.beans.factory.support.AbstractAutowireCapableBeanFactory.createBeanInstance(AbstractAutowireCapableBeanFactory.java:1192)
	at org.springframework.beans.factory.support.AbstractAutowireCapableBeanFactory.doCreateBean(AbstractAutowireCapableBeanFactory.java:562)
	at org.springframework.beans.factory.support.AbstractAutowireCapableBeanFactory.createBean(AbstractAutowireCapableBeanFactory.java:522)
	at org.springframework.beans.factory.support.AbstractBeanFactory.lambda$doGetBean$0(AbstractBeanFactory.java:326)
	at org.springframework.beans.factory.support.DefaultSingletonBeanRegistry.getSingleton(DefaultSingletonBeanRegistry.java:234)
	at org.springframework.beans.factory.support.AbstractBeanFactory.doGetBean(AbstractBeanFactory.java:324)
	at org.springframework.beans.factory.support.AbstractBeanFactory.getBean(AbstractBeanFactory.java:200)
	at org.springframework.beans.factory.support.DefaultListableBeanFactory.preInstantiateSingletons(DefaultListableBeanFactory.java:975)
	at org.springframework.context.support.AbstractApplicationContext.finishBeanFactoryInitialization(AbstractApplicationContext.java:962)
	at org.springframework.context.support.AbstractApplicationContext.refresh(AbstractApplicationContext.java:624)
	at org.springframework.boot.web.servlet.context.ServletWebServerApplicationContext.refresh(ServletWebServerApplicationContext.java:146)
	at org.springframework.boot.SpringApplication.refresh(SpringApplication.java:754)
	at org.springframework.boot.SpringApplication.refreshContext(SpringApplication.java:456)
	at org.springframework.boot.SpringApplication.run(SpringApplication.java:334)
	at org.springframework.boot.SpringApplication.run(SpringApplication.java:1354)
	at org.springframework.boot.SpringApplication.run(SpringApplication.java:1343)
	at com.taskmanagement.TaskManagementServiceApplication.main(TaskManagementServiceApplication.java:12)
2026-02-25 13:50:02 [main] DEBUG o.s.d.j.repository.query.NamedQuery - Did not find named query Task.findByGoalIdAndCompleted
2026-02-25 13:50:02 [main] DEBUG o.s.o.j.SharedEntityManagerCreator$SharedEntityManagerInvocationHandler - Creating new EntityManager for shared EntityManager invocation
2026-02-25 13:50:02 [main] DEBUG o.h.r.t.b.j.i.JdbcResourceLocalTransactionCoordinatorImpl - JDBC transaction marked for rollback-only (exception provided for stack trace)
java.lang.Exception: exception just for purpose of providing stack trace
	at org.hibernate.resource.transaction.backend.jdbc.internal.JdbcResourceLocalTransactionCoordinatorImpl$TransactionDriverControlImpl.markRollbackOnly(JdbcResourceLocalTransactionCoordinatorImpl.java:310)
	at org.hibernate.internal.AbstractSharedSessionContract.buildNamedQuery(AbstractSharedSessionContract.java:1097)
	at org.hibernate.internal.AbstractSharedSessionContract.createNamedQuery(AbstractSharedSessionContract.java:975)
	at org.hibernate.internal.AbstractSharedSessionContract.createNamedQuery(AbstractSharedSessionContract.java:136)
	at java.base/jdk.internal.reflect.NativeMethodAccessorImpl.invoke0(Native Method)
	at java.base/jdk.internal.reflect.NativeMethodAccessorImpl.invoke(NativeMethodAccessorImpl.java:77)
	at java.base/jdk.internal.reflect.DelegatingMethodAccessorImpl.invoke(DelegatingMethodAccessorImpl.java:43)
	at java.base/java.lang.reflect.Method.invoke(Method.java:569)
	at org.springframework.orm.jpa.ExtendedEntityManagerCreator$ExtendedEntityManagerInvocationHandler.invoke(ExtendedEntityManagerCreator.java:364)
	at jdk.proxy2/jdk.proxy2.$Proxy152.createNamedQuery(Unknown Source)
	at org.springframework.data.jpa.repository.query.NamedQuery.hasNamedQuery(NamedQuery.java:113)
	at org.springframework.data.jpa.repository.query.JpaQueryLookupStrategy$DeclaredQueryLookupStrategy.getCountQuery(JpaQueryLookupStrategy.java:204)
	at org.springframework.data.jpa.repository.query.JpaQueryLookupStrategy$DeclaredQueryLookupStrategy.resolveQuery(JpaQueryLookupStrategy.java:171)
	at org.springframework.data.jpa.repository.query.JpaQueryLookupStrategy$CreateIfNotFoundQueryLookupStrategy.resolveQuery(JpaQueryLookupStrategy.java:252)
	at org.springframework.data.jpa.repository.query.JpaQueryLookupStrategy$AbstractQueryLookupStrategy.resolveQuery(JpaQueryLookupStrategy.java:95)
	at org.springframework.data.repository.core.support.QueryExecutorMethodInterceptor.lookupQuery(QueryExecutorMethodInterceptor.java:111)
	at org.springframework.data.repository.core.support.QueryExecutorMethodInterceptor.mapMethodsToQuery(QueryExecutorMethodInterceptor.java:99)
	at org.springframework.data.repository.core.support.QueryExecutorMethodInterceptor.lambda$new$0(QueryExecutorMethodInterceptor.java:88)
	at java.base/java.util.Optional.map(Optional.java:260)
	at org.springframework.data.repository.core.support.QueryExecutorMethodInterceptor.<init>(QueryExecutorMethodInterceptor.java:88)
	at org.springframework.data.repository.core.support.RepositoryFactorySupport.getRepository(RepositoryFactorySupport.java:357)
	at org.springframework.data.repository.core.support.RepositoryFactoryBeanSupport.lambda$afterPropertiesSet$5(RepositoryFactoryBeanSupport.java:279)
	at org.springframework.data.util.Lazy.getNullable(Lazy.java:135)
	at org.springframework.data.util.Lazy.get(Lazy.java:113)
	at org.springframework.data.repository.core.support.RepositoryFactoryBeanSupport.afterPropertiesSet(RepositoryFactoryBeanSupport.java:285)
	at org.springframework.data.jpa.repository.support.JpaRepositoryFactoryBean.afterPropertiesSet(JpaRepositoryFactoryBean.java:132)
	at org.springframework.beans.factory.support.AbstractAutowireCapableBeanFactory.invokeInitMethods(AbstractAutowireCapableBeanFactory.java:1833)
	at org.springframework.beans.factory.support.AbstractAutowireCapableBeanFactory.initializeBean(AbstractAutowireCapableBeanFactory.java:1782)
	at org.springframework.beans.factory.support.AbstractAutowireCapableBeanFactory.doCreateBean(AbstractAutowireCapableBeanFactory.java:600)
	at org.springframework.beans.factory.support.AbstractAutowireCapableBeanFactory.createBean(AbstractAutowireCapableBeanFactory.java:522)
	at org.springframework.beans.factory.support.AbstractBeanFactory.lambda$doGetBean$0(AbstractBeanFactory.java:326)
	at org.springframework.beans.factory.support.DefaultSingletonBeanRegistry.getSingleton(DefaultSingletonBeanRegistry.java:234)
	at org.springframework.beans.factory.support.AbstractBeanFactory.doGetBean(AbstractBeanFactory.java:324)
	at org.springframework.beans.factory.support.AbstractBeanFactory.getBean(AbstractBeanFactory.java:200)
	at org.springframework.beans.factory.config.DependencyDescriptor.resolveCandidate(DependencyDescriptor.java:254)
	at org.springframework.beans.factory.support.DefaultListableBeanFactory.doResolveDependency(DefaultListableBeanFactory.java:1443)
	at org.springframework.beans.factory.support.DefaultListableBeanFactory.resolveDependency(DefaultListableBeanFactory.java:1353)
	at org.springframework.beans.factory.support.ConstructorResolver.resolveAutowiredArgument(ConstructorResolver.java:904)
	at org.springframework.beans.factory.support.ConstructorResolver.createArgumentArray(ConstructorResolver.java:782)
	at org.springframework.beans.factory.support.ConstructorResolver.autowireConstructor(ConstructorResolver.java:237)
	at org.springframework.beans.factory.support.AbstractAutowireCapableBeanFactory.autowireConstructor(AbstractAutowireCapableBeanFactory.java:1355)
	at org.springframework.beans.factory.support.AbstractAutowireCapableBeanFactory.createBeanInstance(AbstractAutowireCapableBeanFactory.java:1192)
	at org.springframework.beans.factory.support.AbstractAutowireCapableBeanFactory.doCreateBean(AbstractAutowireCapableBeanFactory.java:562)
	at org.springframework.beans.factory.support.AbstractAutowireCapableBeanFactory.createBean(AbstractAutowireCapableBeanFactory.java:522)
	at org.springframework.beans.factory.support.AbstractBeanFactory.lambda$doGetBean$0(AbstractBeanFactory.java:326)
	at org.springframework.beans.factory.support.DefaultSingletonBeanRegistry.getSingleton(DefaultSingletonBeanRegistry.java:234)
	at org.springframework.beans.factory.support.AbstractBeanFactory.doGetBean(AbstractBeanFactory.java:324)
	at org.springframework.beans.factory.support.AbstractBeanFactory.getBean(AbstractBeanFactory.java:200)
	at org.springframework.beans.factory.config.DependencyDescriptor.resolveCandidate(DependencyDescriptor.java:254)
	at org.springframework.beans.factory.support.DefaultListableBeanFactory.doResolveDependency(DefaultListableBeanFactory.java:1443)
	at org.springframework.beans.factory.support.DefaultListableBeanFactory.resolveDependency(DefaultListableBeanFactory.java:1353)
	at org.springframework.beans.factory.support.ConstructorResolver.resolveAutowiredArgument(ConstructorResolver.java:904)
	at org.springframework.beans.factory.support.ConstructorResolver.createArgumentArray(ConstructorResolver.java:782)
	at org.springframework.beans.factory.support.ConstructorResolver.autowireConstructor(ConstructorResolver.java:237)
	at org.springframework.beans.factory.support.AbstractAutowireCapableBeanFactory.autowireConstructor(AbstractAutowireCapableBeanFactory.java:1355)
	at org.springframework.beans.factory.support.AbstractAutowireCapableBeanFactory.createBeanInstance(AbstractAutowireCapableBeanFactory.java:1192)
	at org.springframework.beans.factory.support.AbstractAutowireCapableBeanFactory.doCreateBean(AbstractAutowireCapableBeanFactory.java:562)
	at org.springframework.beans.factory.support.AbstractAutowireCapableBeanFactory.createBean(AbstractAutowireCapableBeanFactory.java:522)
	at org.springframework.beans.factory.support.AbstractBeanFactory.lambda$doGetBean$0(AbstractBeanFactory.java:326)
	at org.springframework.beans.factory.support.DefaultSingletonBeanRegistry.getSingleton(DefaultSingletonBeanRegistry.java:234)
	at org.springframework.beans.factory.support.AbstractBeanFactory.doGetBean(AbstractBeanFactory.java:324)
	at org.springframework.beans.factory.support.AbstractBeanFactory.getBean(AbstractBeanFactory.java:200)
	at org.springframework.beans.factory.support.DefaultListableBeanFactory.preInstantiateSingletons(DefaultListableBeanFactory.java:975)
	at org.springframework.context.support.AbstractApplicationContext.finishBeanFactoryInitialization(AbstractApplicationContext.java:962)
	at org.springframework.context.support.AbstractApplicationContext.refresh(AbstractApplicationContext.java:624)
	at org.springframework.boot.web.servlet.context.ServletWebServerApplicationContext.refresh(ServletWebServerApplicationContext.java:146)
	at org.springframework.boot.SpringApplication.refresh(SpringApplication.java:754)
	at org.springframework.boot.SpringApplication.refreshContext(SpringApplication.java:456)
	at org.springframework.boot.SpringApplication.run(SpringApplication.java:334)
	at org.springframework.boot.SpringApplication.run(SpringApplication.java:1354)
	at org.springframework.boot.SpringApplication.run(SpringApplication.java:1343)
	at com.taskmanagement.TaskManagementServiceApplication.main(TaskManagementServiceApplication.java:12)
2026-02-25 13:50:02 [main] DEBUG o.s.d.j.repository.query.NamedQuery - Did not find named query Task.countCompletedByGoalId.count
2026-02-25 13:50:02 [main] DEBUG o.s.o.j.SharedEntityManagerCreator$SharedEntityManagerInvocationHandler - Creating new EntityManager for shared EntityManager invocation
2026-02-25 13:50:02 [main] DEBUG org.hibernate.orm.query.hql - HQL : SELECT COUNT(t) FROM Task t WHERE t.goal.id = :goalId AND t.completed = true
2026-02-25 13:50:02 [main] DEBUG o.h.o.q.hql.reservedWordAsIdentifier - Encountered use of reserved word as identifier : (
2026-02-25 13:50:02 [main] DEBUG o.h.o.q.hql.reservedWordAsIdentifier - Encountered use of reserved word as identifier : =
2026-02-25 13:50:02 [main] DEBUG o.hibernate.orm.query.sqm.creation - Applying inferable type to SqmExpression [SqmNamedParameter(goalId)] : null -> SqmBasicValuedSimplePath(com.taskmanagement.entity.Task(t).goal.id)
2026-02-25 13:50:02 [main] DEBUG org.hibernate.orm.query.sqm.ast - SqmStatement Tree :
    -> [select]
      -> [query-spec]
        -> [select]
          -> [selection]
          <- [selection]
        <- [select]
        -> [from]
          -> [root] - `com.taskmanagement.entity.Task(t)`
          <- [root] - `com.taskmanagement.entity.Task(t)`
        <- [from]
        -> [where]
          -> [and]
            -> [EQUAL]
                -> [basic-path] - `com.taskmanagement.entity.Task(t).goal.id`
                :goalId
            <- [EQUAL]
            -> [EQUAL]
                -> [basic-path] - `com.taskmanagement.entity.Task(t).completed`
            <- [EQUAL]
          <- [and]
        <- [where]
      <- [query-spec]
    <- [select]

2026-02-25 13:50:02 [main] DEBUG o.s.d.j.repository.query.NamedQuery - Looking up named query Task.findByGoalIdOrderByDisplayOrderAsc
2026-02-25 13:50:02 [main] DEBUG o.h.r.t.b.j.i.JdbcResourceLocalTransactionCoordinatorImpl - JDBC transaction marked for rollback-only (exception provided for stack trace)
java.lang.Exception: exception just for purpose of providing stack trace
	at org.hibernate.resource.transaction.backend.jdbc.internal.JdbcResourceLocalTransactionCoordinatorImpl$TransactionDriverControlImpl.markRollbackOnly(JdbcResourceLocalTransactionCoordinatorImpl.java:310)
	at org.hibernate.internal.AbstractSharedSessionContract.buildNamedQuery(AbstractSharedSessionContract.java:1097)
	at org.hibernate.internal.AbstractSharedSessionContract.createNamedQuery(AbstractSharedSessionContract.java:975)
	at org.hibernate.internal.AbstractSharedSessionContract.createNamedQuery(AbstractSharedSessionContract.java:136)
	at java.base/jdk.internal.reflect.NativeMethodAccessorImpl.invoke0(Native Method)
	at java.base/jdk.internal.reflect.NativeMethodAccessorImpl.invoke(NativeMethodAccessorImpl.java:77)
	at java.base/jdk.internal.reflect.DelegatingMethodAccessorImpl.invoke(DelegatingMethodAccessorImpl.java:43)
	at java.base/java.lang.reflect.Method.invoke(Method.java:569)
	at org.springframework.orm.jpa.ExtendedEntityManagerCreator$ExtendedEntityManagerInvocationHandler.invoke(ExtendedEntityManagerCreator.java:364)
	at jdk.proxy2/jdk.proxy2.$Proxy152.createNamedQuery(Unknown Source)
	at org.springframework.data.jpa.repository.query.NamedQuery.hasNamedQuery(NamedQuery.java:113)
	at org.springframework.data.jpa.repository.query.NamedQuery.lookupFrom(NamedQuery.java:141)
	at org.springframework.data.jpa.repository.query.JpaQueryLookupStrategy$DeclaredQueryLookupStrategy.resolveQuery(JpaQueryLookupStrategy.java:180)
	at org.springframework.data.jpa.repository.query.JpaQueryLookupStrategy$CreateIfNotFoundQueryLookupStrategy.resolveQuery(JpaQueryLookupStrategy.java:252)
	at org.springframework.data.jpa.repository.query.JpaQueryLookupStrategy$AbstractQueryLookupStrategy.resolveQuery(JpaQueryLookupStrategy.java:95)
	at org.springframework.data.repository.core.support.QueryExecutorMethodInterceptor.lookupQuery(QueryExecutorMethodInterceptor.java:111)
	at org.springframework.data.repository.core.support.QueryExecutorMethodInterceptor.mapMethodsToQuery(QueryExecutorMethodInterceptor.java:99)
	at org.springframework.data.repository.core.support.QueryExecutorMethodInterceptor.lambda$new$0(QueryExecutorMethodInterceptor.java:88)
	at java.base/java.util.Optional.map(Optional.java:260)
	at org.springframework.data.repository.core.support.QueryExecutorMethodInterceptor.<init>(QueryExecutorMethodInterceptor.java:88)
	at org.springframework.data.repository.core.support.RepositoryFactorySupport.getRepository(RepositoryFactorySupport.java:357)
	at org.springframework.data.repository.core.support.RepositoryFactoryBeanSupport.lambda$afterPropertiesSet$5(RepositoryFactoryBeanSupport.java:279)
	at org.springframework.data.util.Lazy.getNullable(Lazy.java:135)
	at org.springframework.data.util.Lazy.get(Lazy.java:113)
	at org.springframework.data.repository.core.support.RepositoryFactoryBeanSupport.afterPropertiesSet(RepositoryFactoryBeanSupport.java:285)
	at org.springframework.data.jpa.repository.support.JpaRepositoryFactoryBean.afterPropertiesSet(JpaRepositoryFactoryBean.java:132)
	at org.springframework.beans.factory.support.AbstractAutowireCapableBeanFactory.invokeInitMethods(AbstractAutowireCapableBeanFactory.java:1833)
	at org.springframework.beans.factory.support.AbstractAutowireCapableBeanFactory.initializeBean(AbstractAutowireCapableBeanFactory.java:1782)
	at org.springframework.beans.factory.support.AbstractAutowireCapableBeanFactory.doCreateBean(AbstractAutowireCapableBeanFactory.java:600)
	at org.springframework.beans.factory.support.AbstractAutowireCapableBeanFactory.createBean(AbstractAutowireCapableBeanFactory.java:522)
	at org.springframework.beans.factory.support.AbstractBeanFactory.lambda$doGetBean$0(AbstractBeanFactory.java:326)
	at org.springframework.beans.factory.support.DefaultSingletonBeanRegistry.getSingleton(DefaultSingletonBeanRegistry.java:234)
	at org.springframework.beans.factory.support.AbstractBeanFactory.doGetBean(AbstractBeanFactory.java:324)
	at org.springframework.beans.factory.support.AbstractBeanFactory.getBean(AbstractBeanFactory.java:200)
	at org.springframework.beans.factory.config.DependencyDescriptor.resolveCandidate(DependencyDescriptor.java:254)
	at org.springframework.beans.factory.support.DefaultListableBeanFactory.doResolveDependency(DefaultListableBeanFactory.java:1443)
	at org.springframework.beans.factory.support.DefaultListableBeanFactory.resolveDependency(DefaultListableBeanFactory.java:1353)
	at org.springframework.beans.factory.support.ConstructorResolver.resolveAutowiredArgument(ConstructorResolver.java:904)
	at org.springframework.beans.factory.support.ConstructorResolver.createArgumentArray(ConstructorResolver.java:782)
	at org.springframework.beans.factory.support.ConstructorResolver.autowireConstructor(ConstructorResolver.java:237)
	at org.springframework.beans.factory.support.AbstractAutowireCapableBeanFactory.autowireConstructor(AbstractAutowireCapableBeanFactory.java:1355)
	at org.springframework.beans.factory.support.AbstractAutowireCapableBeanFactory.createBeanInstance(AbstractAutowireCapableBeanFactory.java:1192)
	at org.springframework.beans.factory.support.AbstractAutowireCapableBeanFactory.doCreateBean(AbstractAutowireCapableBeanFactory.java:562)
	at org.springframework.beans.factory.support.AbstractAutowireCapableBeanFactory.createBean(AbstractAutowireCapableBeanFactory.java:522)
	at org.springframework.beans.factory.support.AbstractBeanFactory.lambda$doGetBean$0(AbstractBeanFactory.java:326)
	at org.springframework.beans.factory.support.DefaultSingletonBeanRegistry.getSingleton(DefaultSingletonBeanRegistry.java:234)
	at org.springframework.beans.factory.support.AbstractBeanFactory.doGetBean(AbstractBeanFactory.java:324)
	at org.springframework.beans.factory.support.AbstractBeanFactory.getBean(AbstractBeanFactory.java:200)
	at org.springframework.beans.factory.config.DependencyDescriptor.resolveCandidate(DependencyDescriptor.java:254)
	at org.springframework.beans.factory.support.DefaultListableBeanFactory.doResolveDependency(DefaultListableBeanFactory.java:1443)
	at org.springframework.beans.factory.support.DefaultListableBeanFactory.resolveDependency(DefaultListableBeanFactory.java:1353)
	at org.springframework.beans.factory.support.ConstructorResolver.resolveAutowiredArgument(ConstructorResolver.java:904)
	at org.springframework.beans.factory.support.ConstructorResolver.createArgumentArray(ConstructorResolver.java:782)
	at org.springframework.beans.factory.support.ConstructorResolver.autowireConstructor(ConstructorResolver.java:237)
	at org.springframework.beans.factory.support.AbstractAutowireCapableBeanFactory.autowireConstructor(AbstractAutowireCapableBeanFactory.java:1355)
	at org.springframework.beans.factory.support.AbstractAutowireCapableBeanFactory.createBeanInstance(AbstractAutowireCapableBeanFactory.java:1192)
	at org.springframework.beans.factory.support.AbstractAutowireCapableBeanFactory.doCreateBean(AbstractAutowireCapableBeanFactory.java:562)
	at org.springframework.beans.factory.support.AbstractAutowireCapableBeanFactory.createBean(AbstractAutowireCapableBeanFactory.java:522)
	at org.springframework.beans.factory.support.AbstractBeanFactory.lambda$doGetBean$0(AbstractBeanFactory.java:326)
	at org.springframework.beans.factory.support.DefaultSingletonBeanRegistry.getSingleton(DefaultSingletonBeanRegistry.java:234)
	at org.springframework.beans.factory.support.AbstractBeanFactory.doGetBean(AbstractBeanFactory.java:324)
	at org.springframework.beans.factory.support.AbstractBeanFactory.getBean(AbstractBeanFactory.java:200)
	at org.springframework.beans.factory.support.DefaultListableBeanFactory.preInstantiateSingletons(DefaultListableBeanFactory.java:975)
	at org.springframework.context.support.AbstractApplicationContext.finishBeanFactoryInitialization(AbstractApplicationContext.java:962)
	at org.springframework.context.support.AbstractApplicationContext.refresh(AbstractApplicationContext.java:624)
	at org.springframework.boot.web.servlet.context.ServletWebServerApplicationContext.refresh(ServletWebServerApplicationContext.java:146)
	at org.springframework.boot.SpringApplication.refresh(SpringApplication.java:754)
	at org.springframework.boot.SpringApplication.refreshContext(SpringApplication.java:456)
	at org.springframework.boot.SpringApplication.run(SpringApplication.java:334)
	at org.springframework.boot.SpringApplication.run(SpringApplication.java:1354)
	at org.springframework.boot.SpringApplication.run(SpringApplication.java:1343)
	at com.taskmanagement.TaskManagementServiceApplication.main(TaskManagementServiceApplication.java:12)
2026-02-25 13:50:02 [main] DEBUG o.s.d.j.repository.query.NamedQuery - Did not find named query Task.findByGoalIdOrderByDisplayOrderAsc
2026-02-25 13:50:02 [main] DEBUG o.s.o.j.SharedEntityManagerCreator$SharedEntityManagerInvocationHandler - Creating new EntityManager for shared EntityManager invocation
2026-02-25 13:50:02 [main] DEBUG o.h.r.t.b.j.i.JdbcResourceLocalTransactionCoordinatorImpl - JDBC transaction marked for rollback-only (exception provided for stack trace)
java.lang.Exception: exception just for purpose of providing stack trace
	at org.hibernate.resource.transaction.backend.jdbc.internal.JdbcResourceLocalTransactionCoordinatorImpl$TransactionDriverControlImpl.markRollbackOnly(JdbcResourceLocalTransactionCoordinatorImpl.java:310)
	at org.hibernate.internal.AbstractSharedSessionContract.buildNamedQuery(AbstractSharedSessionContract.java:1097)
	at org.hibernate.internal.AbstractSharedSessionContract.createNamedQuery(AbstractSharedSessionContract.java:975)
	at org.hibernate.internal.AbstractSharedSessionContract.createNamedQuery(AbstractSharedSessionContract.java:136)
	at java.base/jdk.internal.reflect.NativeMethodAccessorImpl.invoke0(Native Method)
	at java.base/jdk.internal.reflect.NativeMethodAccessorImpl.invoke(NativeMethodAccessorImpl.java:77)
	at java.base/jdk.internal.reflect.DelegatingMethodAccessorImpl.invoke(DelegatingMethodAccessorImpl.java:43)
	at java.base/java.lang.reflect.Method.invoke(Method.java:569)
	at org.springframework.orm.jpa.ExtendedEntityManagerCreator$ExtendedEntityManagerInvocationHandler.invoke(ExtendedEntityManagerCreator.java:364)
	at jdk.proxy2/jdk.proxy2.$Proxy152.createNamedQuery(Unknown Source)
	at org.springframework.data.jpa.repository.query.NamedQuery.hasNamedQuery(NamedQuery.java:113)
	at org.springframework.data.jpa.repository.query.JpaQueryLookupStrategy$DeclaredQueryLookupStrategy.getCountQuery(JpaQueryLookupStrategy.java:204)
	at org.springframework.data.jpa.repository.query.JpaQueryLookupStrategy$DeclaredQueryLookupStrategy.resolveQuery(JpaQueryLookupStrategy.java:171)
	at org.springframework.data.jpa.repository.query.JpaQueryLookupStrategy$CreateIfNotFoundQueryLookupStrategy.resolveQuery(JpaQueryLookupStrategy.java:252)
	at org.springframework.data.jpa.repository.query.JpaQueryLookupStrategy$AbstractQueryLookupStrategy.resolveQuery(JpaQueryLookupStrategy.java:95)
	at org.springframework.data.repository.core.support.QueryExecutorMethodInterceptor.lookupQuery(QueryExecutorMethodInterceptor.java:111)
	at org.springframework.data.repository.core.support.QueryExecutorMethodInterceptor.mapMethodsToQuery(QueryExecutorMethodInterceptor.java:99)
	at org.springframework.data.repository.core.support.QueryExecutorMethodInterceptor.lambda$new$0(QueryExecutorMethodInterceptor.java:88)
	at java.base/java.util.Optional.map(Optional.java:260)
	at org.springframework.data.repository.core.support.QueryExecutorMethodInterceptor.<init>(QueryExecutorMethodInterceptor.java:88)
	at org.springframework.data.repository.core.support.RepositoryFactorySupport.getRepository(RepositoryFactorySupport.java:357)
	at org.springframework.data.repository.core.support.RepositoryFactoryBeanSupport.lambda$afterPropertiesSet$5(RepositoryFactoryBeanSupport.java:279)
	at org.springframework.data.util.Lazy.getNullable(Lazy.java:135)
	at org.springframework.data.util.Lazy.get(Lazy.java:113)
	at org.springframework.data.repository.core.support.RepositoryFactoryBeanSupport.afterPropertiesSet(RepositoryFactoryBeanSupport.java:285)
	at org.springframework.data.jpa.repository.support.JpaRepositoryFactoryBean.afterPropertiesSet(JpaRepositoryFactoryBean.java:132)
	at org.springframework.beans.factory.support.AbstractAutowireCapableBeanFactory.invokeInitMethods(AbstractAutowireCapableBeanFactory.java:1833)
	at org.springframework.beans.factory.support.AbstractAutowireCapableBeanFactory.initializeBean(AbstractAutowireCapableBeanFactory.java:1782)
	at org.springframework.beans.factory.support.AbstractAutowireCapableBeanFactory.doCreateBean(AbstractAutowireCapableBeanFactory.java:600)
	at org.springframework.beans.factory.support.AbstractAutowireCapableBeanFactory.createBean(AbstractAutowireCapableBeanFactory.java:522)
	at org.springframework.beans.factory.support.AbstractBeanFactory.lambda$doGetBean$0(AbstractBeanFactory.java:326)
	at org.springframework.beans.factory.support.DefaultSingletonBeanRegistry.getSingleton(DefaultSingletonBeanRegistry.java:234)
	at org.springframework.beans.factory.support.AbstractBeanFactory.doGetBean(AbstractBeanFactory.java:324)
	at org.springframework.beans.factory.support.AbstractBeanFactory.getBean(AbstractBeanFactory.java:200)
	at org.springframework.beans.factory.config.DependencyDescriptor.resolveCandidate(DependencyDescriptor.java:254)
	at org.springframework.beans.factory.support.DefaultListableBeanFactory.doResolveDependency(DefaultListableBeanFactory.java:1443)
	at org.springframework.beans.factory.support.DefaultListableBeanFactory.resolveDependency(DefaultListableBeanFactory.java:1353)
	at org.springframework.beans.factory.support.ConstructorResolver.resolveAutowiredArgument(ConstructorResolver.java:904)
	at org.springframework.beans.factory.support.ConstructorResolver.createArgumentArray(ConstructorResolver.java:782)
	at org.springframework.beans.factory.support.ConstructorResolver.autowireConstructor(ConstructorResolver.java:237)
	at org.springframework.beans.factory.support.AbstractAutowireCapableBeanFactory.autowireConstructor(AbstractAutowireCapableBeanFactory.java:1355)
	at org.springframework.beans.factory.support.AbstractAutowireCapableBeanFactory.createBeanInstance(AbstractAutowireCapableBeanFactory.java:1192)
	at org.springframework.beans.factory.support.AbstractAutowireCapableBeanFactory.doCreateBean(AbstractAutowireCapableBeanFactory.java:562)
	at org.springframework.beans.factory.support.AbstractAutowireCapableBeanFactory.createBean(AbstractAutowireCapableBeanFactory.java:522)
	at org.springframework.beans.factory.support.AbstractBeanFactory.lambda$doGetBean$0(AbstractBeanFactory.java:326)
	at org.springframework.beans.factory.support.DefaultSingletonBeanRegistry.getSingleton(DefaultSingletonBeanRegistry.java:234)
	at org.springframework.beans.factory.support.AbstractBeanFactory.doGetBean(AbstractBeanFactory.java:324)
	at org.springframework.beans.factory.support.AbstractBeanFactory.getBean(AbstractBeanFactory.java:200)
	at org.springframework.beans.factory.config.DependencyDescriptor.resolveCandidate(DependencyDescriptor.java:254)
	at org.springframework.beans.factory.support.DefaultListableBeanFactory.doResolveDependency(DefaultListableBeanFactory.java:1443)
	at org.springframework.beans.factory.support.DefaultListableBeanFactory.resolveDependency(DefaultListableBeanFactory.java:1353)
	at org.springframework.beans.factory.support.ConstructorResolver.resolveAutowiredArgument(ConstructorResolver.java:904)
	at org.springframework.beans.factory.support.ConstructorResolver.createArgumentArray(ConstructorResolver.java:782)
	at org.springframework.beans.factory.support.ConstructorResolver.autowireConstructor(ConstructorResolver.java:237)
	at org.springframework.beans.factory.support.AbstractAutowireCapableBeanFactory.autowireConstructor(AbstractAutowireCapableBeanFactory.java:1355)
	at org.springframework.beans.factory.support.AbstractAutowireCapableBeanFactory.createBeanInstance(AbstractAutowireCapableBeanFactory.java:1192)
	at org.springframework.beans.factory.support.AbstractAutowireCapableBeanFactory.doCreateBean(AbstractAutowireCapableBeanFactory.java:562)
	at org.springframework.beans.factory.support.AbstractAutowireCapableBeanFactory.createBean(AbstractAutowireCapableBeanFactory.java:522)
	at org.springframework.beans.factory.support.AbstractBeanFactory.lambda$doGetBean$0(AbstractBeanFactory.java:326)
	at org.springframework.beans.factory.support.DefaultSingletonBeanRegistry.getSingleton(DefaultSingletonBeanRegistry.java:234)
	at org.springframework.beans.factory.support.AbstractBeanFactory.doGetBean(AbstractBeanFactory.java:324)
	at org.springframework.beans.factory.support.AbstractBeanFactory.getBean(AbstractBeanFactory.java:200)
	at org.springframework.beans.factory.support.DefaultListableBeanFactory.preInstantiateSingletons(DefaultListableBeanFactory.java:975)
	at org.springframework.context.support.AbstractApplicationContext.finishBeanFactoryInitialization(AbstractApplicationContext.java:962)
	at org.springframework.context.support.AbstractApplicationContext.refresh(AbstractApplicationContext.java:624)
	at org.springframework.boot.web.servlet.context.ServletWebServerApplicationContext.refresh(ServletWebServerApplicationContext.java:146)
	at org.springframework.boot.SpringApplication.refresh(SpringApplication.java:754)
	at org.springframework.boot.SpringApplication.refreshContext(SpringApplication.java:456)
	at org.springframework.boot.SpringApplication.run(SpringApplication.java:334)
	at org.springframework.boot.SpringApplication.run(SpringApplication.java:1354)
	at org.springframework.boot.SpringApplication.run(SpringApplication.java:1343)
	at com.taskmanagement.TaskManagementServiceApplication.main(TaskManagementServiceApplication.java:12)
2026-02-25 13:50:02 [main] DEBUG o.s.d.j.repository.query.NamedQuery - Did not find named query Task.findAllByUserId.count
2026-02-25 13:50:02 [main] DEBUG o.s.o.j.SharedEntityManagerCreator$SharedEntityManagerInvocationHandler - Creating new EntityManager for shared EntityManager invocation
2026-02-25 13:50:02 [main] DEBUG org.hibernate.orm.query.hql - HQL : SELECT t FROM Task t WHERE t.goal.userId = :userId
2026-02-25 13:50:02 [main] DEBUG o.hibernate.orm.query.sqm.creation - Applying inferable type to SqmExpression [SqmNamedParameter(userId)] : null -> SqmBasicValuedSimplePath(com.taskmanagement.entity.Task(t).goal.userId)
2026-02-25 13:50:02 [main] DEBUG org.hibernate.orm.query.sqm.ast - SqmStatement Tree :
    -> [select]
      -> [query-spec]
        -> [select]
          -> [selection]
            -> [root] - `com.taskmanagement.entity.Task(t)`
            <- [root] - `com.taskmanagement.entity.Task(t)`
          <- [selection]
        <- [select]
        -> [from]
          -> [root] - `com.taskmanagement.entity.Task(t)`
          <- [root] - `com.taskmanagement.entity.Task(t)`
        <- [from]
        -> [where]
          -> [EQUAL]
              -> [basic-path] - `com.taskmanagement.entity.Task(t).goal.userId`
              :userId
          <- [EQUAL]
        <- [where]
      <- [query-spec]
    <- [select]

2026-02-25 13:50:02 [main] DEBUG o.h.r.t.b.j.i.JdbcResourceLocalTransactionCoordinatorImpl - JDBC transaction marked for rollback-only (exception provided for stack trace)
java.lang.Exception: exception just for purpose of providing stack trace
	at org.hibernate.resource.transaction.backend.jdbc.internal.JdbcResourceLocalTransactionCoordinatorImpl$TransactionDriverControlImpl.markRollbackOnly(JdbcResourceLocalTransactionCoordinatorImpl.java:310)
	at org.hibernate.internal.AbstractSharedSessionContract.buildNamedQuery(AbstractSharedSessionContract.java:1097)
	at org.hibernate.internal.AbstractSharedSessionContract.createNamedQuery(AbstractSharedSessionContract.java:975)
	at org.hibernate.internal.AbstractSharedSessionContract.createNamedQuery(AbstractSharedSessionContract.java:136)
	at java.base/jdk.internal.reflect.NativeMethodAccessorImpl.invoke0(Native Method)
	at java.base/jdk.internal.reflect.NativeMethodAccessorImpl.invoke(NativeMethodAccessorImpl.java:77)
	at java.base/jdk.internal.reflect.DelegatingMethodAccessorImpl.invoke(DelegatingMethodAccessorImpl.java:43)
	at java.base/java.lang.reflect.Method.invoke(Method.java:569)
	at org.springframework.orm.jpa.ExtendedEntityManagerCreator$ExtendedEntityManagerInvocationHandler.invoke(ExtendedEntityManagerCreator.java:364)
	at jdk.proxy2/jdk.proxy2.$Proxy152.createNamedQuery(Unknown Source)
	at org.springframework.data.jpa.repository.query.NamedQuery.hasNamedQuery(NamedQuery.java:113)
	at org.springframework.data.jpa.repository.query.JpaQueryLookupStrategy$DeclaredQueryLookupStrategy.getCountQuery(JpaQueryLookupStrategy.java:204)
	at org.springframework.data.jpa.repository.query.JpaQueryLookupStrategy$DeclaredQueryLookupStrategy.resolveQuery(JpaQueryLookupStrategy.java:171)
	at org.springframework.data.jpa.repository.query.JpaQueryLookupStrategy$CreateIfNotFoundQueryLookupStrategy.resolveQuery(JpaQueryLookupStrategy.java:252)
	at org.springframework.data.jpa.repository.query.JpaQueryLookupStrategy$AbstractQueryLookupStrategy.resolveQuery(JpaQueryLookupStrategy.java:95)
	at org.springframework.data.repository.core.support.QueryExecutorMethodInterceptor.lookupQuery(QueryExecutorMethodInterceptor.java:111)
	at org.springframework.data.repository.core.support.QueryExecutorMethodInterceptor.mapMethodsToQuery(QueryExecutorMethodInterceptor.java:99)
	at org.springframework.data.repository.core.support.QueryExecutorMethodInterceptor.lambda$new$0(QueryExecutorMethodInterceptor.java:88)
	at java.base/java.util.Optional.map(Optional.java:260)
	at org.springframework.data.repository.core.support.QueryExecutorMethodInterceptor.<init>(QueryExecutorMethodInterceptor.java:88)
	at org.springframework.data.repository.core.support.RepositoryFactorySupport.getRepository(RepositoryFactorySupport.java:357)
	at org.springframework.data.repository.core.support.RepositoryFactoryBeanSupport.lambda$afterPropertiesSet$5(RepositoryFactoryBeanSupport.java:279)
	at org.springframework.data.util.Lazy.getNullable(Lazy.java:135)
	at org.springframework.data.util.Lazy.get(Lazy.java:113)
	at org.springframework.data.repository.core.support.RepositoryFactoryBeanSupport.afterPropertiesSet(RepositoryFactoryBeanSupport.java:285)
	at org.springframework.data.jpa.repository.support.JpaRepositoryFactoryBean.afterPropertiesSet(JpaRepositoryFactoryBean.java:132)
	at org.springframework.beans.factory.support.AbstractAutowireCapableBeanFactory.invokeInitMethods(AbstractAutowireCapableBeanFactory.java:1833)
	at org.springframework.beans.factory.support.AbstractAutowireCapableBeanFactory.initializeBean(AbstractAutowireCapableBeanFactory.java:1782)
	at org.springframework.beans.factory.support.AbstractAutowireCapableBeanFactory.doCreateBean(AbstractAutowireCapableBeanFactory.java:600)
	at org.springframework.beans.factory.support.AbstractAutowireCapableBeanFactory.createBean(AbstractAutowireCapableBeanFactory.java:522)
	at org.springframework.beans.factory.support.AbstractBeanFactory.lambda$doGetBean$0(AbstractBeanFactory.java:326)
	at org.springframework.beans.factory.support.DefaultSingletonBeanRegistry.getSingleton(DefaultSingletonBeanRegistry.java:234)
	at org.springframework.beans.factory.support.AbstractBeanFactory.doGetBean(AbstractBeanFactory.java:324)
	at org.springframework.beans.factory.support.AbstractBeanFactory.getBean(AbstractBeanFactory.java:200)
	at org.springframework.beans.factory.config.DependencyDescriptor.resolveCandidate(DependencyDescriptor.java:254)
	at org.springframework.beans.factory.support.DefaultListableBeanFactory.doResolveDependency(DefaultListableBeanFactory.java:1443)
	at org.springframework.beans.factory.support.DefaultListableBeanFactory.resolveDependency(DefaultListableBeanFactory.java:1353)
	at org.springframework.beans.factory.support.ConstructorResolver.resolveAutowiredArgument(ConstructorResolver.java:904)
	at org.springframework.beans.factory.support.ConstructorResolver.createArgumentArray(ConstructorResolver.java:782)
	at org.springframework.beans.factory.support.ConstructorResolver.autowireConstructor(ConstructorResolver.java:237)
	at org.springframework.beans.factory.support.AbstractAutowireCapableBeanFactory.autowireConstructor(AbstractAutowireCapableBeanFactory.java:1355)
	at org.springframework.beans.factory.support.AbstractAutowireCapableBeanFactory.createBeanInstance(AbstractAutowireCapableBeanFactory.java:1192)
	at org.springframework.beans.factory.support.AbstractAutowireCapableBeanFactory.doCreateBean(AbstractAutowireCapableBeanFactory.java:562)
	at org.springframework.beans.factory.support.AbstractAutowireCapableBeanFactory.createBean(AbstractAutowireCapableBeanFactory.java:522)
	at org.springframework.beans.factory.support.AbstractBeanFactory.lambda$doGetBean$0(AbstractBeanFactory.java:326)
	at org.springframework.beans.factory.support.DefaultSingletonBeanRegistry.getSingleton(DefaultSingletonBeanRegistry.java:234)
	at org.springframework.beans.factory.support.AbstractBeanFactory.doGetBean(AbstractBeanFactory.java:324)
	at org.springframework.beans.factory.support.AbstractBeanFactory.getBean(AbstractBeanFactory.java:200)
	at org.springframework.beans.factory.config.DependencyDescriptor.resolveCandidate(DependencyDescriptor.java:254)
	at org.springframework.beans.factory.support.DefaultListableBeanFactory.doResolveDependency(DefaultListableBeanFactory.java:1443)
	at org.springframework.beans.factory.support.DefaultListableBeanFactory.resolveDependency(DefaultListableBeanFactory.java:1353)
	at org.springframework.beans.factory.support.ConstructorResolver.resolveAutowiredArgument(ConstructorResolver.java:904)
	at org.springframework.beans.factory.support.ConstructorResolver.createArgumentArray(ConstructorResolver.java:782)
	at org.springframework.beans.factory.support.ConstructorResolver.autowireConstructor(ConstructorResolver.java:237)
	at org.springframework.beans.factory.support.AbstractAutowireCapableBeanFactory.autowireConstructor(AbstractAutowireCapableBeanFactory.java:1355)
	at org.springframework.beans.factory.support.AbstractAutowireCapableBeanFactory.createBeanInstance(AbstractAutowireCapableBeanFactory.java:1192)
	at org.springframework.beans.factory.support.AbstractAutowireCapableBeanFactory.doCreateBean(AbstractAutowireCapableBeanFactory.java:562)
	at org.springframework.beans.factory.support.AbstractAutowireCapableBeanFactory.createBean(AbstractAutowireCapableBeanFactory.java:522)
	at org.springframework.beans.factory.support.AbstractBeanFactory.lambda$doGetBean$0(AbstractBeanFactory.java:326)
	at org.springframework.beans.factory.support.DefaultSingletonBeanRegistry.getSingleton(DefaultSingletonBeanRegistry.java:234)
	at org.springframework.beans.factory.support.AbstractBeanFactory.doGetBean(AbstractBeanFactory.java:324)
	at org.springframework.beans.factory.support.AbstractBeanFactory.getBean(AbstractBeanFactory.java:200)
	at org.springframework.beans.factory.support.DefaultListableBeanFactory.preInstantiateSingletons(DefaultListableBeanFactory.java:975)
	at org.springframework.context.support.AbstractApplicationContext.finishBeanFactoryInitialization(AbstractApplicationContext.java:962)
	at org.springframework.context.support.AbstractApplicationContext.refresh(AbstractApplicationContext.java:624)
	at org.springframework.boot.web.servlet.context.ServletWebServerApplicationContext.refresh(ServletWebServerApplicationContext.java:146)
	at org.springframework.boot.SpringApplication.refresh(SpringApplication.java:754)
	at org.springframework.boot.SpringApplication.refreshContext(SpringApplication.java:456)
	at org.springframework.boot.SpringApplication.run(SpringApplication.java:334)
	at org.springframework.boot.SpringApplication.run(SpringApplication.java:1354)
	at org.springframework.boot.SpringApplication.run(SpringApplication.java:1343)
	at com.taskmanagement.TaskManagementServiceApplication.main(TaskManagementServiceApplication.java:12)
2026-02-25 13:50:02 [main] DEBUG o.s.d.j.repository.query.NamedQuery - Did not find named query Task.updateDisplayOrder.count
2026-02-25 13:50:02 [main] DEBUG o.s.o.j.SharedEntityManagerCreator$SharedEntityManagerInvocationHandler - Creating new EntityManager for shared EntityManager invocation
2026-02-25 13:50:02 [main] DEBUG org.hibernate.orm.query.hql - HQL : UPDATE Task t SET t.displayOrder = :order WHERE t.id = :id
2026-02-25 13:50:02 [main] DEBUG o.h.o.q.hql.reservedWordAsIdentifier - Encountered use of reserved word as identifier : WHERE
2026-02-25 13:50:02 [main] DEBUG o.h.o.q.hql.reservedWordAsIdentifier - Encountered use of reserved word as identifier : =
2026-02-25 13:50:02 [main] DEBUG o.h.o.q.hql.reservedWordAsIdentifier - Encountered use of reserved word as identifier : <EOF>
2026-02-25 13:50:02 [main] DEBUG o.hibernate.orm.query.sqm.creation - Applying inferable type to SqmExpression [SqmNamedParameter(order)] : null -> BasicSqmPathSource(displayOrder : Integer)
2026-02-25 13:50:02 [main] DEBUG o.hibernate.orm.query.sqm.creation - Applying inferable type to SqmExpression [SqmNamedParameter(id)] : null -> SqmBasicValuedSimplePath(com.taskmanagement.entity.Task(t).id)
2026-02-25 13:50:02 [main] DEBUG org.hibernate.orm.query.sqm.ast - SqmStatement Tree :
    -> [update]
      [target = com.taskmanagement.entity.Task(t)]
      -> [set]
        -> [assignment]
          =
            [com.taskmanagement.entity.Task(t).displayOrder]
            :order
        <- [assignment]
      <- [set]
      -> [where]
        -> [EQUAL]
            -> [basic-path] - `com.taskmanagement.entity.Task(t).id`
            :id
        <- [EQUAL]
      <- [where]
    <- [update]

2026-02-25 13:50:02 [main] DEBUG o.h.r.t.b.j.i.JdbcResourceLocalTransactionCoordinatorImpl - JDBC transaction marked for rollback-only (exception provided for stack trace)
java.lang.Exception: exception just for purpose of providing stack trace
	at org.hibernate.resource.transaction.backend.jdbc.internal.JdbcResourceLocalTransactionCoordinatorImpl$TransactionDriverControlImpl.markRollbackOnly(JdbcResourceLocalTransactionCoordinatorImpl.java:310)
	at org.hibernate.internal.AbstractSharedSessionContract.buildNamedQuery(AbstractSharedSessionContract.java:1097)
	at org.hibernate.internal.AbstractSharedSessionContract.createNamedQuery(AbstractSharedSessionContract.java:975)
	at org.hibernate.internal.AbstractSharedSessionContract.createNamedQuery(AbstractSharedSessionContract.java:136)
	at java.base/jdk.internal.reflect.NativeMethodAccessorImpl.invoke0(Native Method)
	at java.base/jdk.internal.reflect.NativeMethodAccessorImpl.invoke(NativeMethodAccessorImpl.java:77)
	at java.base/jdk.internal.reflect.DelegatingMethodAccessorImpl.invoke(DelegatingMethodAccessorImpl.java:43)
	at java.base/java.lang.reflect.Method.invoke(Method.java:569)
	at org.springframework.orm.jpa.ExtendedEntityManagerCreator$ExtendedEntityManagerInvocationHandler.invoke(ExtendedEntityManagerCreator.java:364)
	at jdk.proxy2/jdk.proxy2.$Proxy152.createNamedQuery(Unknown Source)
	at org.springframework.data.jpa.repository.query.NamedQuery.hasNamedQuery(NamedQuery.java:113)
	at org.springframework.data.jpa.repository.query.JpaQueryLookupStrategy$DeclaredQueryLookupStrategy.getCountQuery(JpaQueryLookupStrategy.java:204)
	at org.springframework.data.jpa.repository.query.JpaQueryLookupStrategy$DeclaredQueryLookupStrategy.resolveQuery(JpaQueryLookupStrategy.java:171)
	at org.springframework.data.jpa.repository.query.JpaQueryLookupStrategy$CreateIfNotFoundQueryLookupStrategy.resolveQuery(JpaQueryLookupStrategy.java:252)
	at org.springframework.data.jpa.repository.query.JpaQueryLookupStrategy$AbstractQueryLookupStrategy.resolveQuery(JpaQueryLookupStrategy.java:95)
	at org.springframework.data.repository.core.support.QueryExecutorMethodInterceptor.lookupQuery(QueryExecutorMethodInterceptor.java:111)
	at org.springframework.data.repository.core.support.QueryExecutorMethodInterceptor.mapMethodsToQuery(QueryExecutorMethodInterceptor.java:99)
	at org.springframework.data.repository.core.support.QueryExecutorMethodInterceptor.lambda$new$0(QueryExecutorMethodInterceptor.java:88)
	at java.base/java.util.Optional.map(Optional.java:260)
	at org.springframework.data.repository.core.support.QueryExecutorMethodInterceptor.<init>(QueryExecutorMethodInterceptor.java:88)
	at org.springframework.data.repository.core.support.RepositoryFactorySupport.getRepository(RepositoryFactorySupport.java:357)
	at org.springframework.data.repository.core.support.RepositoryFactoryBeanSupport.lambda$afterPropertiesSet$5(RepositoryFactoryBeanSupport.java:279)
	at org.springframework.data.util.Lazy.getNullable(Lazy.java:135)
	at org.springframework.data.util.Lazy.get(Lazy.java:113)
	at org.springframework.data.repository.core.support.RepositoryFactoryBeanSupport.afterPropertiesSet(RepositoryFactoryBeanSupport.java:285)
	at org.springframework.data.jpa.repository.support.JpaRepositoryFactoryBean.afterPropertiesSet(JpaRepositoryFactoryBean.java:132)
	at org.springframework.beans.factory.support.AbstractAutowireCapableBeanFactory.invokeInitMethods(AbstractAutowireCapableBeanFactory.java:1833)
	at org.springframework.beans.factory.support.AbstractAutowireCapableBeanFactory.initializeBean(AbstractAutowireCapableBeanFactory.java:1782)
	at org.springframework.beans.factory.support.AbstractAutowireCapableBeanFactory.doCreateBean(AbstractAutowireCapableBeanFactory.java:600)
	at org.springframework.beans.factory.support.AbstractAutowireCapableBeanFactory.createBean(AbstractAutowireCapableBeanFactory.java:522)
	at org.springframework.beans.factory.support.AbstractBeanFactory.lambda$doGetBean$0(AbstractBeanFactory.java:326)
	at org.springframework.beans.factory.support.DefaultSingletonBeanRegistry.getSingleton(DefaultSingletonBeanRegistry.java:234)
	at org.springframework.beans.factory.support.AbstractBeanFactory.doGetBean(AbstractBeanFactory.java:324)
	at org.springframework.beans.factory.support.AbstractBeanFactory.getBean(AbstractBeanFactory.java:200)
	at org.springframework.beans.factory.config.DependencyDescriptor.resolveCandidate(DependencyDescriptor.java:254)
	at org.springframework.beans.factory.support.DefaultListableBeanFactory.doResolveDependency(DefaultListableBeanFactory.java:1443)
	at org.springframework.beans.factory.support.DefaultListableBeanFactory.resolveDependency(DefaultListableBeanFactory.java:1353)
	at org.springframework.beans.factory.support.ConstructorResolver.resolveAutowiredArgument(ConstructorResolver.java:904)
	at org.springframework.beans.factory.support.ConstructorResolver.createArgumentArray(ConstructorResolver.java:782)
	at org.springframework.beans.factory.support.ConstructorResolver.autowireConstructor(ConstructorResolver.java:237)
	at org.springframework.beans.factory.support.AbstractAutowireCapableBeanFactory.autowireConstructor(AbstractAutowireCapableBeanFactory.java:1355)
	at org.springframework.beans.factory.support.AbstractAutowireCapableBeanFactory.createBeanInstance(AbstractAutowireCapableBeanFactory.java:1192)
	at org.springframework.beans.factory.support.AbstractAutowireCapableBeanFactory.doCreateBean(AbstractAutowireCapableBeanFactory.java:562)
	at org.springframework.beans.factory.support.AbstractAutowireCapableBeanFactory.createBean(AbstractAutowireCapableBeanFactory.java:522)
	at org.springframework.beans.factory.support.AbstractBeanFactory.lambda$doGetBean$0(AbstractBeanFactory.java:326)
	at org.springframework.beans.factory.support.DefaultSingletonBeanRegistry.getSingleton(DefaultSingletonBeanRegistry.java:234)
	at org.springframework.beans.factory.support.AbstractBeanFactory.doGetBean(AbstractBeanFactory.java:324)
	at org.springframework.beans.factory.support.AbstractBeanFactory.getBean(AbstractBeanFactory.java:200)
	at org.springframework.beans.factory.config.DependencyDescriptor.resolveCandidate(DependencyDescriptor.java:254)
	at org.springframework.beans.factory.support.DefaultListableBeanFactory.doResolveDependency(DefaultListableBeanFactory.java:1443)
	at org.springframework.beans.factory.support.DefaultListableBeanFactory.resolveDependency(DefaultListableBeanFactory.java:1353)
	at org.springframework.beans.factory.support.ConstructorResolver.resolveAutowiredArgument(ConstructorResolver.java:904)
	at org.springframework.beans.factory.support.ConstructorResolver.createArgumentArray(ConstructorResolver.java:782)
	at org.springframework.beans.factory.support.ConstructorResolver.autowireConstructor(ConstructorResolver.java:237)
	at org.springframework.beans.factory.support.AbstractAutowireCapableBeanFactory.autowireConstructor(AbstractAutowireCapableBeanFactory.java:1355)
	at org.springframework.beans.factory.support.AbstractAutowireCapableBeanFactory.createBeanInstance(AbstractAutowireCapableBeanFactory.java:1192)
	at org.springframework.beans.factory.support.AbstractAutowireCapableBeanFactory.doCreateBean(AbstractAutowireCapableBeanFactory.java:562)
	at org.springframework.beans.factory.support.AbstractAutowireCapableBeanFactory.createBean(AbstractAutowireCapableBeanFactory.java:522)
	at org.springframework.beans.factory.support.AbstractBeanFactory.lambda$doGetBean$0(AbstractBeanFactory.java:326)
	at org.springframework.beans.factory.support.DefaultSingletonBeanRegistry.getSingleton(DefaultSingletonBeanRegistry.java:234)
	at org.springframework.beans.factory.support.AbstractBeanFactory.doGetBean(AbstractBeanFactory.java:324)
	at org.springframework.beans.factory.support.AbstractBeanFactory.getBean(AbstractBeanFactory.java:200)
	at org.springframework.beans.factory.support.DefaultListableBeanFactory.preInstantiateSingletons(DefaultListableBeanFactory.java:975)
	at org.springframework.context.support.AbstractApplicationContext.finishBeanFactoryInitialization(AbstractApplicationContext.java:962)
	at org.springframework.context.support.AbstractApplicationContext.refresh(AbstractApplicationContext.java:624)
	at org.springframework.boot.web.servlet.context.ServletWebServerApplicationContext.refresh(ServletWebServerApplicationContext.java:146)
	at org.springframework.boot.SpringApplication.refresh(SpringApplication.java:754)
	at org.springframework.boot.SpringApplication.refreshContext(SpringApplication.java:456)
	at org.springframework.boot.SpringApplication.run(SpringApplication.java:334)
	at org.springframework.boot.SpringApplication.run(SpringApplication.java:1354)
	at org.springframework.boot.SpringApplication.run(SpringApplication.java:1343)
	at com.taskmanagement.TaskManagementServiceApplication.main(TaskManagementServiceApplication.java:12)
2026-02-25 13:50:02 [main] DEBUG o.s.d.j.repository.query.NamedQuery - Did not find named query Task.findOverdueTasks.count
2026-02-25 13:50:02 [main] DEBUG o.s.o.j.SharedEntityManagerCreator$SharedEntityManagerInvocationHandler - Creating new EntityManager for shared EntityManager invocation
2026-02-25 13:50:02 [main] DEBUG org.hibernate.orm.query.hql - HQL : SELECT t FROM Task t WHERE t.goal.userId = :userId AND t.completed = false AND t.dueDate < :date ORDER BY t.dueDate ASC
2026-02-25 13:50:02 [main] DEBUG o.h.o.q.hql.reservedWordAsIdentifier - Encountered use of reserved word as identifier : ORDER
2026-02-25 13:50:02 [main] DEBUG o.hibernate.orm.query.sqm.creation - Applying inferable type to SqmExpression [SqmNamedParameter(userId)] : null -> SqmBasicValuedSimplePath(com.taskmanagement.entity.Task(t).goal.userId)
2026-02-25 13:50:02 [main] DEBUG o.hibernate.orm.query.sqm.creation - Applying inferable type to SqmExpression [SqmNamedParameter(date)] : null -> SqmBasicValuedSimplePath(com.taskmanagement.entity.Task(t).dueDate)
2026-02-25 13:50:02 [main] DEBUG org.hibernate.orm.query.sqm.ast - SqmStatement Tree :
    -> [select]
      -> [query-spec]
        -> [select]
          -> [selection]
            -> [root] - `com.taskmanagement.entity.Task(t)`
            <- [root] - `com.taskmanagement.entity.Task(t)`
          <- [selection]
        <- [select]
        -> [from]
          -> [root] - `com.taskmanagement.entity.Task(t)`
          <- [root] - `com.taskmanagement.entity.Task(t)`
        <- [from]
        -> [where]
          -> [and]
            -> [EQUAL]
                -> [basic-path] - `com.taskmanagement.entity.Task(t).goal.userId`
                :userId
            <- [EQUAL]
            -> [EQUAL]
                -> [basic-path] - `com.taskmanagement.entity.Task(t).completed`
            <- [EQUAL]
            -> [LESS_THAN]
                -> [basic-path] - `com.taskmanagement.entity.Task(t).dueDate`
                :date
            <- [LESS_THAN]
          <- [and]
        <- [where]
      <- [query-spec]
    <- [select]

2026-02-25 13:50:02 [main] DEBUG o.h.r.t.b.j.i.JdbcResourceLocalTransactionCoordinatorImpl - JDBC transaction marked for rollback-only (exception provided for stack trace)
java.lang.Exception: exception just for purpose of providing stack trace
	at org.hibernate.resource.transaction.backend.jdbc.internal.JdbcResourceLocalTransactionCoordinatorImpl$TransactionDriverControlImpl.markRollbackOnly(JdbcResourceLocalTransactionCoordinatorImpl.java:310)
	at org.hibernate.internal.AbstractSharedSessionContract.buildNamedQuery(AbstractSharedSessionContract.java:1097)
	at org.hibernate.internal.AbstractSharedSessionContract.createNamedQuery(AbstractSharedSessionContract.java:975)
	at org.hibernate.internal.AbstractSharedSessionContract.createNamedQuery(AbstractSharedSessionContract.java:136)
	at java.base/jdk.internal.reflect.NativeMethodAccessorImpl.invoke0(Native Method)
	at java.base/jdk.internal.reflect.NativeMethodAccessorImpl.invoke(NativeMethodAccessorImpl.java:77)
	at java.base/jdk.internal.reflect.DelegatingMethodAccessorImpl.invoke(DelegatingMethodAccessorImpl.java:43)
	at java.base/java.lang.reflect.Method.invoke(Method.java:569)
	at org.springframework.orm.jpa.ExtendedEntityManagerCreator$ExtendedEntityManagerInvocationHandler.invoke(ExtendedEntityManagerCreator.java:364)
	at jdk.proxy2/jdk.proxy2.$Proxy152.createNamedQuery(Unknown Source)
	at org.springframework.data.jpa.repository.query.NamedQuery.hasNamedQuery(NamedQuery.java:113)
	at org.springframework.data.jpa.repository.query.JpaQueryLookupStrategy$DeclaredQueryLookupStrategy.getCountQuery(JpaQueryLookupStrategy.java:204)
	at org.springframework.data.jpa.repository.query.JpaQueryLookupStrategy$DeclaredQueryLookupStrategy.resolveQuery(JpaQueryLookupStrategy.java:171)
	at org.springframework.data.jpa.repository.query.JpaQueryLookupStrategy$CreateIfNotFoundQueryLookupStrategy.resolveQuery(JpaQueryLookupStrategy.java:252)
	at org.springframework.data.jpa.repository.query.JpaQueryLookupStrategy$AbstractQueryLookupStrategy.resolveQuery(JpaQueryLookupStrategy.java:95)
	at org.springframework.data.repository.core.support.QueryExecutorMethodInterceptor.lookupQuery(QueryExecutorMethodInterceptor.java:111)
	at org.springframework.data.repository.core.support.QueryExecutorMethodInterceptor.mapMethodsToQuery(QueryExecutorMethodInterceptor.java:99)
	at org.springframework.data.repository.core.support.QueryExecutorMethodInterceptor.lambda$new$0(QueryExecutorMethodInterceptor.java:88)
	at java.base/java.util.Optional.map(Optional.java:260)
	at org.springframework.data.repository.core.support.QueryExecutorMethodInterceptor.<init>(QueryExecutorMethodInterceptor.java:88)
	at org.springframework.data.repository.core.support.RepositoryFactorySupport.getRepository(RepositoryFactorySupport.java:357)
	at org.springframework.data.repository.core.support.RepositoryFactoryBeanSupport.lambda$afterPropertiesSet$5(RepositoryFactoryBeanSupport.java:279)
	at org.springframework.data.util.Lazy.getNullable(Lazy.java:135)
	at org.springframework.data.util.Lazy.get(Lazy.java:113)
	at org.springframework.data.repository.core.support.RepositoryFactoryBeanSupport.afterPropertiesSet(RepositoryFactoryBeanSupport.java:285)
	at org.springframework.data.jpa.repository.support.JpaRepositoryFactoryBean.afterPropertiesSet(JpaRepositoryFactoryBean.java:132)
	at org.springframework.beans.factory.support.AbstractAutowireCapableBeanFactory.invokeInitMethods(AbstractAutowireCapableBeanFactory.java:1833)
	at org.springframework.beans.factory.support.AbstractAutowireCapableBeanFactory.initializeBean(AbstractAutowireCapableBeanFactory.java:1782)
	at org.springframework.beans.factory.support.AbstractAutowireCapableBeanFactory.doCreateBean(AbstractAutowireCapableBeanFactory.java:600)
	at org.springframework.beans.factory.support.AbstractAutowireCapableBeanFactory.createBean(AbstractAutowireCapableBeanFactory.java:522)
	at org.springframework.beans.factory.support.AbstractBeanFactory.lambda$doGetBean$0(AbstractBeanFactory.java:326)
	at org.springframework.beans.factory.support.DefaultSingletonBeanRegistry.getSingleton(DefaultSingletonBeanRegistry.java:234)
	at org.springframework.beans.factory.support.AbstractBeanFactory.doGetBean(AbstractBeanFactory.java:324)
	at org.springframework.beans.factory.support.AbstractBeanFactory.getBean(AbstractBeanFactory.java:200)
	at org.springframework.beans.factory.config.DependencyDescriptor.resolveCandidate(DependencyDescriptor.java:254)
	at org.springframework.beans.factory.support.DefaultListableBeanFactory.doResolveDependency(DefaultListableBeanFactory.java:1443)
	at org.springframework.beans.factory.support.DefaultListableBeanFactory.resolveDependency(DefaultListableBeanFactory.java:1353)
	at org.springframework.beans.factory.support.ConstructorResolver.resolveAutowiredArgument(ConstructorResolver.java:904)
	at org.springframework.beans.factory.support.ConstructorResolver.createArgumentArray(ConstructorResolver.java:782)
	at org.springframework.beans.factory.support.ConstructorResolver.autowireConstructor(ConstructorResolver.java:237)
	at org.springframework.beans.factory.support.AbstractAutowireCapableBeanFactory.autowireConstructor(AbstractAutowireCapableBeanFactory.java:1355)
	at org.springframework.beans.factory.support.AbstractAutowireCapableBeanFactory.createBeanInstance(AbstractAutowireCapableBeanFactory.java:1192)
	at org.springframework.beans.factory.support.AbstractAutowireCapableBeanFactory.doCreateBean(AbstractAutowireCapableBeanFactory.java:562)
	at org.springframework.beans.factory.support.AbstractAutowireCapableBeanFactory.createBean(AbstractAutowireCapableBeanFactory.java:522)
	at org.springframework.beans.factory.support.AbstractBeanFactory.lambda$doGetBean$0(AbstractBeanFactory.java:326)
	at org.springframework.beans.factory.support.DefaultSingletonBeanRegistry.getSingleton(DefaultSingletonBeanRegistry.java:234)
	at org.springframework.beans.factory.support.AbstractBeanFactory.doGetBean(AbstractBeanFactory.java:324)
	at org.springframework.beans.factory.support.AbstractBeanFactory.getBean(AbstractBeanFactory.java:200)
	at org.springframework.beans.factory.config.DependencyDescriptor.resolveCandidate(DependencyDescriptor.java:254)
	at org.springframework.beans.factory.support.DefaultListableBeanFactory.doResolveDependency(DefaultListableBeanFactory.java:1443)
	at org.springframework.beans.factory.support.DefaultListableBeanFactory.resolveDependency(DefaultListableBeanFactory.java:1353)
	at org.springframework.beans.factory.support.ConstructorResolver.resolveAutowiredArgument(ConstructorResolver.java:904)
	at org.springframework.beans.factory.support.ConstructorResolver.createArgumentArray(ConstructorResolver.java:782)
	at org.springframework.beans.factory.support.ConstructorResolver.autowireConstructor(ConstructorResolver.java:237)
	at org.springframework.beans.factory.support.AbstractAutowireCapableBeanFactory.autowireConstructor(AbstractAutowireCapableBeanFactory.java:1355)
	at org.springframework.beans.factory.support.AbstractAutowireCapableBeanFactory.createBeanInstance(AbstractAutowireCapableBeanFactory.java:1192)
	at org.springframework.beans.factory.support.AbstractAutowireCapableBeanFactory.doCreateBean(AbstractAutowireCapableBeanFactory.java:562)
	at org.springframework.beans.factory.support.AbstractAutowireCapableBeanFactory.createBean(AbstractAutowireCapableBeanFactory.java:522)
	at org.springframework.beans.factory.support.AbstractBeanFactory.lambda$doGetBean$0(AbstractBeanFactory.java:326)
	at org.springframework.beans.factory.support.DefaultSingletonBeanRegistry.getSingleton(DefaultSingletonBeanRegistry.java:234)
	at org.springframework.beans.factory.support.AbstractBeanFactory.doGetBean(AbstractBeanFactory.java:324)
	at org.springframework.beans.factory.support.AbstractBeanFactory.getBean(AbstractBeanFactory.java:200)
	at org.springframework.beans.factory.support.DefaultListableBeanFactory.preInstantiateSingletons(DefaultListableBeanFactory.java:975)
	at org.springframework.context.support.AbstractApplicationContext.finishBeanFactoryInitialization(AbstractApplicationContext.java:962)
	at org.springframework.context.support.AbstractApplicationContext.refresh(AbstractApplicationContext.java:624)
	at org.springframework.boot.web.servlet.context.ServletWebServerApplicationContext.refresh(ServletWebServerApplicationContext.java:146)
	at org.springframework.boot.SpringApplication.refresh(SpringApplication.java:754)
	at org.springframework.boot.SpringApplication.refreshContext(SpringApplication.java:456)
	at org.springframework.boot.SpringApplication.run(SpringApplication.java:334)
	at org.springframework.boot.SpringApplication.run(SpringApplication.java:1354)
	at org.springframework.boot.SpringApplication.run(SpringApplication.java:1343)
	at com.taskmanagement.TaskManagementServiceApplication.main(TaskManagementServiceApplication.java:12)
2026-02-25 13:50:02 [main] DEBUG o.s.d.j.repository.query.NamedQuery - Did not find named query Task.findTasksDueOn.count
2026-02-25 13:50:02 [main] DEBUG o.s.o.j.SharedEntityManagerCreator$SharedEntityManagerInvocationHandler - Creating new EntityManager for shared EntityManager invocation
2026-02-25 13:50:02 [main] DEBUG org.hibernate.orm.query.hql - HQL : SELECT t FROM Task t WHERE t.goal.userId = :userId AND t.dueDate = :date
2026-02-25 13:50:02 [main] DEBUG o.h.o.q.hql.reservedWordAsIdentifier - Encountered use of reserved word as identifier : <EOF>
2026-02-25 13:50:02 [main] DEBUG o.hibernate.orm.query.sqm.creation - Applying inferable type to SqmExpression [SqmNamedParameter(userId)] : null -> SqmBasicValuedSimplePath(com.taskmanagement.entity.Task(t).goal.userId)
2026-02-25 13:50:02 [main] DEBUG o.hibernate.orm.query.sqm.creation - Applying inferable type to SqmExpression [SqmNamedParameter(date)] : null -> SqmBasicValuedSimplePath(com.taskmanagement.entity.Task(t).dueDate)
2026-02-25 13:50:02 [main] DEBUG org.hibernate.orm.query.sqm.ast - SqmStatement Tree :
    -> [select]
      -> [query-spec]
        -> [select]
          -> [selection]
            -> [root] - `com.taskmanagement.entity.Task(t)`
            <- [root] - `com.taskmanagement.entity.Task(t)`
          <- [selection]
        <- [select]
        -> [from]
          -> [root] - `com.taskmanagement.entity.Task(t)`
          <- [root] - `com.taskmanagement.entity.Task(t)`
        <- [from]
        -> [where]
          -> [and]
            -> [EQUAL]
                -> [basic-path] - `com.taskmanagement.entity.Task(t).goal.userId`
                :userId
            <- [EQUAL]
            -> [EQUAL]
                -> [basic-path] - `com.taskmanagement.entity.Task(t).dueDate`
                :date
            <- [EQUAL]
          <- [and]
        <- [where]
      <- [query-spec]
    <- [select]

2026-02-25 13:50:02 [main] DEBUG o.h.r.t.b.j.i.JdbcResourceLocalTransactionCoordinatorImpl - JDBC transaction marked for rollback-only (exception provided for stack trace)
java.lang.Exception: exception just for purpose of providing stack trace
	at org.hibernate.resource.transaction.backend.jdbc.internal.JdbcResourceLocalTransactionCoordinatorImpl$TransactionDriverControlImpl.markRollbackOnly(JdbcResourceLocalTransactionCoordinatorImpl.java:310)
	at org.hibernate.internal.AbstractSharedSessionContract.buildNamedQuery(AbstractSharedSessionContract.java:1097)
	at org.hibernate.internal.AbstractSharedSessionContract.createNamedQuery(AbstractSharedSessionContract.java:975)
	at org.hibernate.internal.AbstractSharedSessionContract.createNamedQuery(AbstractSharedSessionContract.java:136)
	at jdk.internal.reflect.GeneratedMethodAccessor20.invoke(Unknown Source)
	at java.base/jdk.internal.reflect.DelegatingMethodAccessorImpl.invoke(DelegatingMethodAccessorImpl.java:43)
	at java.base/java.lang.reflect.Method.invoke(Method.java:569)
	at org.springframework.orm.jpa.ExtendedEntityManagerCreator$ExtendedEntityManagerInvocationHandler.invoke(ExtendedEntityManagerCreator.java:364)
	at jdk.proxy2/jdk.proxy2.$Proxy152.createNamedQuery(Unknown Source)
	at org.springframework.data.jpa.repository.query.NamedQuery.hasNamedQuery(NamedQuery.java:113)
	at org.springframework.data.jpa.repository.query.JpaQueryLookupStrategy$DeclaredQueryLookupStrategy.getCountQuery(JpaQueryLookupStrategy.java:204)
	at org.springframework.data.jpa.repository.query.JpaQueryLookupStrategy$DeclaredQueryLookupStrategy.resolveQuery(JpaQueryLookupStrategy.java:171)
	at org.springframework.data.jpa.repository.query.JpaQueryLookupStrategy$CreateIfNotFoundQueryLookupStrategy.resolveQuery(JpaQueryLookupStrategy.java:252)
	at org.springframework.data.jpa.repository.query.JpaQueryLookupStrategy$AbstractQueryLookupStrategy.resolveQuery(JpaQueryLookupStrategy.java:95)
	at org.springframework.data.repository.core.support.QueryExecutorMethodInterceptor.lookupQuery(QueryExecutorMethodInterceptor.java:111)
	at org.springframework.data.repository.core.support.QueryExecutorMethodInterceptor.mapMethodsToQuery(QueryExecutorMethodInterceptor.java:99)
	at org.springframework.data.repository.core.support.QueryExecutorMethodInterceptor.lambda$new$0(QueryExecutorMethodInterceptor.java:88)
	at java.base/java.util.Optional.map(Optional.java:260)
	at org.springframework.data.repository.core.support.QueryExecutorMethodInterceptor.<init>(QueryExecutorMethodInterceptor.java:88)
	at org.springframework.data.repository.core.support.RepositoryFactorySupport.getRepository(RepositoryFactorySupport.java:357)
	at org.springframework.data.repository.core.support.RepositoryFactoryBeanSupport.lambda$afterPropertiesSet$5(RepositoryFactoryBeanSupport.java:279)
	at org.springframework.data.util.Lazy.getNullable(Lazy.java:135)
	at org.springframework.data.util.Lazy.get(Lazy.java:113)
	at org.springframework.data.repository.core.support.RepositoryFactoryBeanSupport.afterPropertiesSet(RepositoryFactoryBeanSupport.java:285)
	at org.springframework.data.jpa.repository.support.JpaRepositoryFactoryBean.afterPropertiesSet(JpaRepositoryFactoryBean.java:132)
	at org.springframework.beans.factory.support.AbstractAutowireCapableBeanFactory.invokeInitMethods(AbstractAutowireCapableBeanFactory.java:1833)
	at org.springframework.beans.factory.support.AbstractAutowireCapableBeanFactory.initializeBean(AbstractAutowireCapableBeanFactory.java:1782)
	at org.springframework.beans.factory.support.AbstractAutowireCapableBeanFactory.doCreateBean(AbstractAutowireCapableBeanFactory.java:600)
	at org.springframework.beans.factory.support.AbstractAutowireCapableBeanFactory.createBean(AbstractAutowireCapableBeanFactory.java:522)
	at org.springframework.beans.factory.support.AbstractBeanFactory.lambda$doGetBean$0(AbstractBeanFactory.java:326)
	at org.springframework.beans.factory.support.DefaultSingletonBeanRegistry.getSingleton(DefaultSingletonBeanRegistry.java:234)
	at org.springframework.beans.factory.support.AbstractBeanFactory.doGetBean(AbstractBeanFactory.java:324)
	at org.springframework.beans.factory.support.AbstractBeanFactory.getBean(AbstractBeanFactory.java:200)
	at org.springframework.beans.factory.config.DependencyDescriptor.resolveCandidate(DependencyDescriptor.java:254)
	at org.springframework.beans.factory.support.DefaultListableBeanFactory.doResolveDependency(DefaultListableBeanFactory.java:1443)
	at org.springframework.beans.factory.support.DefaultListableBeanFactory.resolveDependency(DefaultListableBeanFactory.java:1353)
	at org.springframework.beans.factory.support.ConstructorResolver.resolveAutowiredArgument(ConstructorResolver.java:904)
	at org.springframework.beans.factory.support.ConstructorResolver.createArgumentArray(ConstructorResolver.java:782)
	at org.springframework.beans.factory.support.ConstructorResolver.autowireConstructor(ConstructorResolver.java:237)
	at org.springframework.beans.factory.support.AbstractAutowireCapableBeanFactory.autowireConstructor(AbstractAutowireCapableBeanFactory.java:1355)
	at org.springframework.beans.factory.support.AbstractAutowireCapableBeanFactory.createBeanInstance(AbstractAutowireCapableBeanFactory.java:1192)
	at org.springframework.beans.factory.support.AbstractAutowireCapableBeanFactory.doCreateBean(AbstractAutowireCapableBeanFactory.java:562)
	at org.springframework.beans.factory.support.AbstractAutowireCapableBeanFactory.createBean(AbstractAutowireCapableBeanFactory.java:522)
	at org.springframework.beans.factory.support.AbstractBeanFactory.lambda$doGetBean$0(AbstractBeanFactory.java:326)
	at org.springframework.beans.factory.support.DefaultSingletonBeanRegistry.getSingleton(DefaultSingletonBeanRegistry.java:234)
	at org.springframework.beans.factory.support.AbstractBeanFactory.doGetBean(AbstractBeanFactory.java:324)
	at org.springframework.beans.factory.support.AbstractBeanFactory.getBean(AbstractBeanFactory.java:200)
	at org.springframework.beans.factory.config.DependencyDescriptor.resolveCandidate(DependencyDescriptor.java:254)
	at org.springframework.beans.factory.support.DefaultListableBeanFactory.doResolveDependency(DefaultListableBeanFactory.java:1443)
	at org.springframework.beans.factory.support.DefaultListableBeanFactory.resolveDependency(DefaultListableBeanFactory.java:1353)
	at org.springframework.beans.factory.support.ConstructorResolver.resolveAutowiredArgument(ConstructorResolver.java:904)
	at org.springframework.beans.factory.support.ConstructorResolver.createArgumentArray(ConstructorResolver.java:782)
	at org.springframework.beans.factory.support.ConstructorResolver.autowireConstructor(ConstructorResolver.java:237)
	at org.springframework.beans.factory.support.AbstractAutowireCapableBeanFactory.autowireConstructor(AbstractAutowireCapableBeanFactory.java:1355)
	at org.springframework.beans.factory.support.AbstractAutowireCapableBeanFactory.createBeanInstance(AbstractAutowireCapableBeanFactory.java:1192)
	at org.springframework.beans.factory.support.AbstractAutowireCapableBeanFactory.doCreateBean(AbstractAutowireCapableBeanFactory.java:562)
	at org.springframework.beans.factory.support.AbstractAutowireCapableBeanFactory.createBean(AbstractAutowireCapableBeanFactory.java:522)
	at org.springframework.beans.factory.support.AbstractBeanFactory.lambda$doGetBean$0(AbstractBeanFactory.java:326)
	at org.springframework.beans.factory.support.DefaultSingletonBeanRegistry.getSingleton(DefaultSingletonBeanRegistry.java:234)
	at org.springframework.beans.factory.support.AbstractBeanFactory.doGetBean(AbstractBeanFactory.java:324)
	at org.springframework.beans.factory.support.AbstractBeanFactory.getBean(AbstractBeanFactory.java:200)
	at org.springframework.beans.factory.support.DefaultListableBeanFactory.preInstantiateSingletons(DefaultListableBeanFactory.java:975)
	at org.springframework.context.support.AbstractApplicationContext.finishBeanFactoryInitialization(AbstractApplicationContext.java:962)
	at org.springframework.context.support.AbstractApplicationContext.refresh(AbstractApplicationContext.java:624)
	at org.springframework.boot.web.servlet.context.ServletWebServerApplicationContext.refresh(ServletWebServerApplicationContext.java:146)
	at org.springframework.boot.SpringApplication.refresh(SpringApplication.java:754)
	at org.springframework.boot.SpringApplication.refreshContext(SpringApplication.java:456)
	at org.springframework.boot.SpringApplication.run(SpringApplication.java:334)
	at org.springframework.boot.SpringApplication.run(SpringApplication.java:1354)
	at org.springframework.boot.SpringApplication.run(SpringApplication.java:1343)
	at com.taskmanagement.TaskManagementServiceApplication.main(TaskManagementServiceApplication.java:12)
2026-02-25 13:50:02 [main] DEBUG o.s.d.j.repository.query.NamedQuery - Did not find named query Task.countByGoalId.count
2026-02-25 13:50:02 [main] DEBUG o.s.o.j.SharedEntityManagerCreator$SharedEntityManagerInvocationHandler - Creating new EntityManager for shared EntityManager invocation
2026-02-25 13:50:02 [main] DEBUG org.hibernate.orm.query.hql - HQL : SELECT COUNT(t) FROM Task t WHERE t.goal.id = :goalId
2026-02-25 13:50:02 [main] DEBUG o.h.o.q.hql.reservedWordAsIdentifier - Encountered use of reserved word as identifier : (
2026-02-25 13:50:02 [main] DEBUG o.h.o.q.hql.reservedWordAsIdentifier - Encountered use of reserved word as identifier : =
2026-02-25 13:50:02 [main] DEBUG o.hibernate.orm.query.sqm.creation - Applying inferable type to SqmExpression [SqmNamedParameter(goalId)] : null -> SqmBasicValuedSimplePath(com.taskmanagement.entity.Task(t).goal.id)
2026-02-25 13:50:02 [main] DEBUG org.hibernate.orm.query.sqm.ast - SqmStatement Tree :
    -> [select]
      -> [query-spec]
        -> [select]
          -> [selection]
          <- [selection]
        <- [select]
        -> [from]
          -> [root] - `com.taskmanagement.entity.Task(t)`
          <- [root] - `com.taskmanagement.entity.Task(t)`
        <- [from]
        -> [where]
          -> [EQUAL]
              -> [basic-path] - `com.taskmanagement.entity.Task(t).goal.id`
              :goalId
          <- [EQUAL]
        <- [where]
      <- [query-spec]
    <- [select]

2026-02-25 13:50:02 [main] DEBUG o.h.r.t.b.j.i.JdbcResourceLocalTransactionCoordinatorImpl - JDBC transaction marked for rollback-only (exception provided for stack trace)
java.lang.Exception: exception just for purpose of providing stack trace
	at org.hibernate.resource.transaction.backend.jdbc.internal.JdbcResourceLocalTransactionCoordinatorImpl$TransactionDriverControlImpl.markRollbackOnly(JdbcResourceLocalTransactionCoordinatorImpl.java:310)
	at org.hibernate.internal.AbstractSharedSessionContract.buildNamedQuery(AbstractSharedSessionContract.java:1097)
	at org.hibernate.internal.AbstractSharedSessionContract.createNamedQuery(AbstractSharedSessionContract.java:975)
	at org.hibernate.internal.AbstractSharedSessionContract.createNamedQuery(AbstractSharedSessionContract.java:136)
	at jdk.internal.reflect.GeneratedMethodAccessor20.invoke(Unknown Source)
	at java.base/jdk.internal.reflect.DelegatingMethodAccessorImpl.invoke(DelegatingMethodAccessorImpl.java:43)
	at java.base/java.lang.reflect.Method.invoke(Method.java:569)
	at org.springframework.orm.jpa.ExtendedEntityManagerCreator$ExtendedEntityManagerInvocationHandler.invoke(ExtendedEntityManagerCreator.java:364)
	at jdk.proxy2/jdk.proxy2.$Proxy152.createNamedQuery(Unknown Source)
	at org.springframework.data.jpa.repository.query.NamedQuery.hasNamedQuery(NamedQuery.java:113)
	at org.springframework.data.jpa.repository.query.JpaQueryLookupStrategy$DeclaredQueryLookupStrategy.getCountQuery(JpaQueryLookupStrategy.java:204)
	at org.springframework.data.jpa.repository.query.JpaQueryLookupStrategy$DeclaredQueryLookupStrategy.resolveQuery(JpaQueryLookupStrategy.java:171)
	at org.springframework.data.jpa.repository.query.JpaQueryLookupStrategy$CreateIfNotFoundQueryLookupStrategy.resolveQuery(JpaQueryLookupStrategy.java:252)
	at org.springframework.data.jpa.repository.query.JpaQueryLookupStrategy$AbstractQueryLookupStrategy.resolveQuery(JpaQueryLookupStrategy.java:95)
	at org.springframework.data.repository.core.support.QueryExecutorMethodInterceptor.lookupQuery(QueryExecutorMethodInterceptor.java:111)
	at org.springframework.data.repository.core.support.QueryExecutorMethodInterceptor.mapMethodsToQuery(QueryExecutorMethodInterceptor.java:99)
	at org.springframework.data.repository.core.support.QueryExecutorMethodInterceptor.lambda$new$0(QueryExecutorMethodInterceptor.java:88)
	at java.base/java.util.Optional.map(Optional.java:260)
	at org.springframework.data.repository.core.support.QueryExecutorMethodInterceptor.<init>(QueryExecutorMethodInterceptor.java:88)
	at org.springframework.data.repository.core.support.RepositoryFactorySupport.getRepository(RepositoryFactorySupport.java:357)
	at org.springframework.data.repository.core.support.RepositoryFactoryBeanSupport.lambda$afterPropertiesSet$5(RepositoryFactoryBeanSupport.java:279)
	at org.springframework.data.util.Lazy.getNullable(Lazy.java:135)
	at org.springframework.data.util.Lazy.get(Lazy.java:113)
	at org.springframework.data.repository.core.support.RepositoryFactoryBeanSupport.afterPropertiesSet(RepositoryFactoryBeanSupport.java:285)
	at org.springframework.data.jpa.repository.support.JpaRepositoryFactoryBean.afterPropertiesSet(JpaRepositoryFactoryBean.java:132)
	at org.springframework.beans.factory.support.AbstractAutowireCapableBeanFactory.invokeInitMethods(AbstractAutowireCapableBeanFactory.java:1833)
	at org.springframework.beans.factory.support.AbstractAutowireCapableBeanFactory.initializeBean(AbstractAutowireCapableBeanFactory.java:1782)
	at org.springframework.beans.factory.support.AbstractAutowireCapableBeanFactory.doCreateBean(AbstractAutowireCapableBeanFactory.java:600)
	at org.springframework.beans.factory.support.AbstractAutowireCapableBeanFactory.createBean(AbstractAutowireCapableBeanFactory.java:522)
	at org.springframework.beans.factory.support.AbstractBeanFactory.lambda$doGetBean$0(AbstractBeanFactory.java:326)
	at org.springframework.beans.factory.support.DefaultSingletonBeanRegistry.getSingleton(DefaultSingletonBeanRegistry.java:234)
	at org.springframework.beans.factory.support.AbstractBeanFactory.doGetBean(AbstractBeanFactory.java:324)
	at org.springframework.beans.factory.support.AbstractBeanFactory.getBean(AbstractBeanFactory.java:200)
	at org.springframework.beans.factory.config.DependencyDescriptor.resolveCandidate(DependencyDescriptor.java:254)
	at org.springframework.beans.factory.support.DefaultListableBeanFactory.doResolveDependency(DefaultListableBeanFactory.java:1443)
	at org.springframework.beans.factory.support.DefaultListableBeanFactory.resolveDependency(DefaultListableBeanFactory.java:1353)
	at org.springframework.beans.factory.support.ConstructorResolver.resolveAutowiredArgument(ConstructorResolver.java:904)
	at org.springframework.beans.factory.support.ConstructorResolver.createArgumentArray(ConstructorResolver.java:782)
	at org.springframework.beans.factory.support.ConstructorResolver.autowireConstructor(ConstructorResolver.java:237)
	at org.springframework.beans.factory.support.AbstractAutowireCapableBeanFactory.autowireConstructor(AbstractAutowireCapableBeanFactory.java:1355)
	at org.springframework.beans.factory.support.AbstractAutowireCapableBeanFactory.createBeanInstance(AbstractAutowireCapableBeanFactory.java:1192)
	at org.springframework.beans.factory.support.AbstractAutowireCapableBeanFactory.doCreateBean(AbstractAutowireCapableBeanFactory.java:562)
	at org.springframework.beans.factory.support.AbstractAutowireCapableBeanFactory.createBean(AbstractAutowireCapableBeanFactory.java:522)
	at org.springframework.beans.factory.support.AbstractBeanFactory.lambda$doGetBean$0(AbstractBeanFactory.java:326)
	at org.springframework.beans.factory.support.DefaultSingletonBeanRegistry.getSingleton(DefaultSingletonBeanRegistry.java:234)
	at org.springframework.beans.factory.support.AbstractBeanFactory.doGetBean(AbstractBeanFactory.java:324)
	at org.springframework.beans.factory.support.AbstractBeanFactory.getBean(AbstractBeanFactory.java:200)
	at org.springframework.beans.factory.config.DependencyDescriptor.resolveCandidate(DependencyDescriptor.java:254)
	at org.springframework.beans.factory.support.DefaultListableBeanFactory.doResolveDependency(DefaultListableBeanFactory.java:1443)
	at org.springframework.beans.factory.support.DefaultListableBeanFactory.resolveDependency(DefaultListableBeanFactory.java:1353)
	at org.springframework.beans.factory.support.ConstructorResolver.resolveAutowiredArgument(ConstructorResolver.java:904)
	at org.springframework.beans.factory.support.ConstructorResolver.createArgumentArray(ConstructorResolver.java:782)
	at org.springframework.beans.factory.support.ConstructorResolver.autowireConstructor(ConstructorResolver.java:237)
	at org.springframework.beans.factory.support.AbstractAutowireCapableBeanFactory.autowireConstructor(AbstractAutowireCapableBeanFactory.java:1355)
	at org.springframework.beans.factory.support.AbstractAutowireCapableBeanFactory.createBeanInstance(AbstractAutowireCapableBeanFactory.java:1192)
	at org.springframework.beans.factory.support.AbstractAutowireCapableBeanFactory.doCreateBean(AbstractAutowireCapableBeanFactory.java:562)
	at org.springframework.beans.factory.support.AbstractAutowireCapableBeanFactory.createBean(AbstractAutowireCapableBeanFactory.java:522)
	at org.springframework.beans.factory.support.AbstractBeanFactory.lambda$doGetBean$0(AbstractBeanFactory.java:326)
	at org.springframework.beans.factory.support.DefaultSingletonBeanRegistry.getSingleton(DefaultSingletonBeanRegistry.java:234)
	at org.springframework.beans.factory.support.AbstractBeanFactory.doGetBean(AbstractBeanFactory.java:324)
	at org.springframework.beans.factory.support.AbstractBeanFactory.getBean(AbstractBeanFactory.java:200)
	at org.springframework.beans.factory.support.DefaultListableBeanFactory.preInstantiateSingletons(DefaultListableBeanFactory.java:975)
	at org.springframework.context.support.AbstractApplicationContext.finishBeanFactoryInitialization(AbstractApplicationContext.java:962)
	at org.springframework.context.support.AbstractApplicationContext.refresh(AbstractApplicationContext.java:624)
	at org.springframework.boot.web.servlet.context.ServletWebServerApplicationContext.refresh(ServletWebServerApplicationContext.java:146)
	at org.springframework.boot.SpringApplication.refresh(SpringApplication.java:754)
	at org.springframework.boot.SpringApplication.refreshContext(SpringApplication.java:456)
	at org.springframework.boot.SpringApplication.run(SpringApplication.java:334)
	at org.springframework.boot.SpringApplication.run(SpringApplication.java:1354)
	at org.springframework.boot.SpringApplication.run(SpringApplication.java:1343)
	at com.taskmanagement.TaskManagementServiceApplication.main(TaskManagementServiceApplication.java:12)
2026-02-25 13:50:02 [main] DEBUG o.s.d.j.repository.query.NamedQuery - Did not find named query Task.deleteAllByGoalId.count
2026-02-25 13:50:02 [main] DEBUG o.s.o.j.SharedEntityManagerCreator$SharedEntityManagerInvocationHandler - Creating new EntityManager for shared EntityManager invocation
2026-02-25 13:50:02 [main] DEBUG org.hibernate.orm.query.hql - HQL : DELETE FROM Task t WHERE t.goal.id = :goalId
2026-02-25 13:50:02 [main] DEBUG o.h.o.q.hql.reservedWordAsIdentifier - Encountered use of reserved word as identifier : =
2026-02-25 13:50:02 [main] DEBUG o.hibernate.orm.query.sqm.creation - Applying inferable type to SqmExpression [SqmNamedParameter(goalId)] : null -> SqmBasicValuedSimplePath(com.taskmanagement.entity.Task(t).goal.id)
2026-02-25 13:50:02 [main] DEBUG org.hibernate.orm.query.sqm.ast - SqmStatement Tree :
    -> [delete]
      [target = com.taskmanagement.entity.Task(t)]
      -> [where]
        -> [EQUAL]
            -> [basic-path] - `com.taskmanagement.entity.Task(t).goal.id`
            :goalId
        <- [EQUAL]
      <- [where]
    <- [delete]

2026-02-25 13:50:02 [main] DEBUG o.s.d.j.repository.query.NamedQuery - Looking up named query Task.findByGoalId
2026-02-25 13:50:02 [main] DEBUG o.h.r.t.b.j.i.JdbcResourceLocalTransactionCoordinatorImpl - JDBC transaction marked for rollback-only (exception provided for stack trace)
java.lang.Exception: exception just for purpose of providing stack trace
	at org.hibernate.resource.transaction.backend.jdbc.internal.JdbcResourceLocalTransactionCoordinatorImpl$TransactionDriverControlImpl.markRollbackOnly(JdbcResourceLocalTransactionCoordinatorImpl.java:310)
	at org.hibernate.internal.AbstractSharedSessionContract.buildNamedQuery(AbstractSharedSessionContract.java:1097)
	at org.hibernate.internal.AbstractSharedSessionContract.createNamedQuery(AbstractSharedSessionContract.java:975)
	at org.hibernate.internal.AbstractSharedSessionContract.createNamedQuery(AbstractSharedSessionContract.java:136)
	at jdk.internal.reflect.GeneratedMethodAccessor20.invoke(Unknown Source)
	at java.base/jdk.internal.reflect.DelegatingMethodAccessorImpl.invoke(DelegatingMethodAccessorImpl.java:43)
	at java.base/java.lang.reflect.Method.invoke(Method.java:569)
	at org.springframework.orm.jpa.ExtendedEntityManagerCreator$ExtendedEntityManagerInvocationHandler.invoke(ExtendedEntityManagerCreator.java:364)
	at jdk.proxy2/jdk.proxy2.$Proxy152.createNamedQuery(Unknown Source)
	at org.springframework.data.jpa.repository.query.NamedQuery.hasNamedQuery(NamedQuery.java:113)
	at org.springframework.data.jpa.repository.query.NamedQuery.lookupFrom(NamedQuery.java:141)
	at org.springframework.data.jpa.repository.query.JpaQueryLookupStrategy$DeclaredQueryLookupStrategy.resolveQuery(JpaQueryLookupStrategy.java:180)
	at org.springframework.data.jpa.repository.query.JpaQueryLookupStrategy$CreateIfNotFoundQueryLookupStrategy.resolveQuery(JpaQueryLookupStrategy.java:252)
	at org.springframework.data.jpa.repository.query.JpaQueryLookupStrategy$AbstractQueryLookupStrategy.resolveQuery(JpaQueryLookupStrategy.java:95)
	at org.springframework.data.repository.core.support.QueryExecutorMethodInterceptor.lookupQuery(QueryExecutorMethodInterceptor.java:111)
	at org.springframework.data.repository.core.support.QueryExecutorMethodInterceptor.mapMethodsToQuery(QueryExecutorMethodInterceptor.java:99)
	at org.springframework.data.repository.core.support.QueryExecutorMethodInterceptor.lambda$new$0(QueryExecutorMethodInterceptor.java:88)
	at java.base/java.util.Optional.map(Optional.java:260)
	at org.springframework.data.repository.core.support.QueryExecutorMethodInterceptor.<init>(QueryExecutorMethodInterceptor.java:88)
	at org.springframework.data.repository.core.support.RepositoryFactorySupport.getRepository(RepositoryFactorySupport.java:357)
	at org.springframework.data.repository.core.support.RepositoryFactoryBeanSupport.lambda$afterPropertiesSet$5(RepositoryFactoryBeanSupport.java:279)
	at org.springframework.data.util.Lazy.getNullable(Lazy.java:135)
	at org.springframework.data.util.Lazy.get(Lazy.java:113)
	at org.springframework.data.repository.core.support.RepositoryFactoryBeanSupport.afterPropertiesSet(RepositoryFactoryBeanSupport.java:285)
	at org.springframework.data.jpa.repository.support.JpaRepositoryFactoryBean.afterPropertiesSet(JpaRepositoryFactoryBean.java:132)
	at org.springframework.beans.factory.support.AbstractAutowireCapableBeanFactory.invokeInitMethods(AbstractAutowireCapableBeanFactory.java:1833)
	at org.springframework.beans.factory.support.AbstractAutowireCapableBeanFactory.initializeBean(AbstractAutowireCapableBeanFactory.java:1782)
	at org.springframework.beans.factory.support.AbstractAutowireCapableBeanFactory.doCreateBean(AbstractAutowireCapableBeanFactory.java:600)
	at org.springframework.beans.factory.support.AbstractAutowireCapableBeanFactory.createBean(AbstractAutowireCapableBeanFactory.java:522)
	at org.springframework.beans.factory.support.AbstractBeanFactory.lambda$doGetBean$0(AbstractBeanFactory.java:326)
	at org.springframework.beans.factory.support.DefaultSingletonBeanRegistry.getSingleton(DefaultSingletonBeanRegistry.java:234)
	at org.springframework.beans.factory.support.AbstractBeanFactory.doGetBean(AbstractBeanFactory.java:324)
	at org.springframework.beans.factory.support.AbstractBeanFactory.getBean(AbstractBeanFactory.java:200)
	at org.springframework.beans.factory.config.DependencyDescriptor.resolveCandidate(DependencyDescriptor.java:254)
	at org.springframework.beans.factory.support.DefaultListableBeanFactory.doResolveDependency(DefaultListableBeanFactory.java:1443)
	at org.springframework.beans.factory.support.DefaultListableBeanFactory.resolveDependency(DefaultListableBeanFactory.java:1353)
	at org.springframework.beans.factory.support.ConstructorResolver.resolveAutowiredArgument(ConstructorResolver.java:904)
	at org.springframework.beans.factory.support.ConstructorResolver.createArgumentArray(ConstructorResolver.java:782)
	at org.springframework.beans.factory.support.ConstructorResolver.autowireConstructor(ConstructorResolver.java:237)
	at org.springframework.beans.factory.support.AbstractAutowireCapableBeanFactory.autowireConstructor(AbstractAutowireCapableBeanFactory.java:1355)
	at org.springframework.beans.factory.support.AbstractAutowireCapableBeanFactory.createBeanInstance(AbstractAutowireCapableBeanFactory.java:1192)
	at org.springframework.beans.factory.support.AbstractAutowireCapableBeanFactory.doCreateBean(AbstractAutowireCapableBeanFactory.java:562)
	at org.springframework.beans.factory.support.AbstractAutowireCapableBeanFactory.createBean(AbstractAutowireCapableBeanFactory.java:522)
	at org.springframework.beans.factory.support.AbstractBeanFactory.lambda$doGetBean$0(AbstractBeanFactory.java:326)
	at org.springframework.beans.factory.support.DefaultSingletonBeanRegistry.getSingleton(DefaultSingletonBeanRegistry.java:234)
	at org.springframework.beans.factory.support.AbstractBeanFactory.doGetBean(AbstractBeanFactory.java:324)
	at org.springframework.beans.factory.support.AbstractBeanFactory.getBean(AbstractBeanFactory.java:200)
	at org.springframework.beans.factory.config.DependencyDescriptor.resolveCandidate(DependencyDescriptor.java:254)
	at org.springframework.beans.factory.support.DefaultListableBeanFactory.doResolveDependency(DefaultListableBeanFactory.java:1443)
	at org.springframework.beans.factory.support.DefaultListableBeanFactory.resolveDependency(DefaultListableBeanFactory.java:1353)
	at org.springframework.beans.factory.support.ConstructorResolver.resolveAutowiredArgument(ConstructorResolver.java:904)
	at org.springframework.beans.factory.support.ConstructorResolver.createArgumentArray(ConstructorResolver.java:782)
	at org.springframework.beans.factory.support.ConstructorResolver.autowireConstructor(ConstructorResolver.java:237)
	at org.springframework.beans.factory.support.AbstractAutowireCapableBeanFactory.autowireConstructor(AbstractAutowireCapableBeanFactory.java:1355)
	at org.springframework.beans.factory.support.AbstractAutowireCapableBeanFactory.createBeanInstance(AbstractAutowireCapableBeanFactory.java:1192)
	at org.springframework.beans.factory.support.AbstractAutowireCapableBeanFactory.doCreateBean(AbstractAutowireCapableBeanFactory.java:562)
	at org.springframework.beans.factory.support.AbstractAutowireCapableBeanFactory.createBean(AbstractAutowireCapableBeanFactory.java:522)
	at org.springframework.beans.factory.support.AbstractBeanFactory.lambda$doGetBean$0(AbstractBeanFactory.java:326)
	at org.springframework.beans.factory.support.DefaultSingletonBeanRegistry.getSingleton(DefaultSingletonBeanRegistry.java:234)
	at org.springframework.beans.factory.support.AbstractBeanFactory.doGetBean(AbstractBeanFactory.java:324)
	at org.springframework.beans.factory.support.AbstractBeanFactory.getBean(AbstractBeanFactory.java:200)
	at org.springframework.beans.factory.support.DefaultListableBeanFactory.preInstantiateSingletons(DefaultListableBeanFactory.java:975)
	at org.springframework.context.support.AbstractApplicationContext.finishBeanFactoryInitialization(AbstractApplicationContext.java:962)
	at org.springframework.context.support.AbstractApplicationContext.refresh(AbstractApplicationContext.java:624)
	at org.springframework.boot.web.servlet.context.ServletWebServerApplicationContext.refresh(ServletWebServerApplicationContext.java:146)
	at org.springframework.boot.SpringApplication.refresh(SpringApplication.java:754)
	at org.springframework.boot.SpringApplication.refreshContext(SpringApplication.java:456)
	at org.springframework.boot.SpringApplication.run(SpringApplication.java:334)
	at org.springframework.boot.SpringApplication.run(SpringApplication.java:1354)
	at org.springframework.boot.SpringApplication.run(SpringApplication.java:1343)
	at com.taskmanagement.TaskManagementServiceApplication.main(TaskManagementServiceApplication.java:12)
2026-02-25 13:50:02 [main] DEBUG o.s.d.j.repository.query.NamedQuery - Did not find named query Task.findByGoalId
2026-02-25 13:50:02 [main] DEBUG o.s.o.j.SharedEntityManagerCreator$SharedEntityManagerInvocationHandler - Creating new EntityManager for shared EntityManager invocation
2026-02-25 13:50:02 [main] DEBUG o.s.d.j.repository.query.NamedQuery - Looking up named query Task.findByGoalId
2026-02-25 13:50:02 [main] DEBUG o.h.r.t.b.j.i.JdbcResourceLocalTransactionCoordinatorImpl - JDBC transaction marked for rollback-only (exception provided for stack trace)
java.lang.Exception: exception just for purpose of providing stack trace
	at org.hibernate.resource.transaction.backend.jdbc.internal.JdbcResourceLocalTransactionCoordinatorImpl$TransactionDriverControlImpl.markRollbackOnly(JdbcResourceLocalTransactionCoordinatorImpl.java:310)
	at org.hibernate.internal.AbstractSharedSessionContract.buildNamedQuery(AbstractSharedSessionContract.java:1097)
	at org.hibernate.internal.AbstractSharedSessionContract.createNamedQuery(AbstractSharedSessionContract.java:975)
	at org.hibernate.internal.AbstractSharedSessionContract.createNamedQuery(AbstractSharedSessionContract.java:136)
	at jdk.internal.reflect.GeneratedMethodAccessor20.invoke(Unknown Source)
	at java.base/jdk.internal.reflect.DelegatingMethodAccessorImpl.invoke(DelegatingMethodAccessorImpl.java:43)
	at java.base/java.lang.reflect.Method.invoke(Method.java:569)
	at org.springframework.orm.jpa.ExtendedEntityManagerCreator$ExtendedEntityManagerInvocationHandler.invoke(ExtendedEntityManagerCreator.java:364)
	at jdk.proxy2/jdk.proxy2.$Proxy152.createNamedQuery(Unknown Source)
	at org.springframework.data.jpa.repository.query.NamedQuery.hasNamedQuery(NamedQuery.java:113)
	at org.springframework.data.jpa.repository.query.NamedQuery.lookupFrom(NamedQuery.java:141)
	at org.springframework.data.jpa.repository.query.JpaQueryLookupStrategy$DeclaredQueryLookupStrategy.resolveQuery(JpaQueryLookupStrategy.java:180)
	at org.springframework.data.jpa.repository.query.JpaQueryLookupStrategy$CreateIfNotFoundQueryLookupStrategy.resolveQuery(JpaQueryLookupStrategy.java:252)
	at org.springframework.data.jpa.repository.query.JpaQueryLookupStrategy$AbstractQueryLookupStrategy.resolveQuery(JpaQueryLookupStrategy.java:95)
	at org.springframework.data.repository.core.support.QueryExecutorMethodInterceptor.lookupQuery(QueryExecutorMethodInterceptor.java:111)
	at org.springframework.data.repository.core.support.QueryExecutorMethodInterceptor.mapMethodsToQuery(QueryExecutorMethodInterceptor.java:99)
	at org.springframework.data.repository.core.support.QueryExecutorMethodInterceptor.lambda$new$0(QueryExecutorMethodInterceptor.java:88)
	at java.base/java.util.Optional.map(Optional.java:260)
	at org.springframework.data.repository.core.support.QueryExecutorMethodInterceptor.<init>(QueryExecutorMethodInterceptor.java:88)
	at org.springframework.data.repository.core.support.RepositoryFactorySupport.getRepository(RepositoryFactorySupport.java:357)
	at org.springframework.data.repository.core.support.RepositoryFactoryBeanSupport.lambda$afterPropertiesSet$5(RepositoryFactoryBeanSupport.java:279)
	at org.springframework.data.util.Lazy.getNullable(Lazy.java:135)
	at org.springframework.data.util.Lazy.get(Lazy.java:113)
	at org.springframework.data.repository.core.support.RepositoryFactoryBeanSupport.afterPropertiesSet(RepositoryFactoryBeanSupport.java:285)
	at org.springframework.data.jpa.repository.support.JpaRepositoryFactoryBean.afterPropertiesSet(JpaRepositoryFactoryBean.java:132)
	at org.springframework.beans.factory.support.AbstractAutowireCapableBeanFactory.invokeInitMethods(AbstractAutowireCapableBeanFactory.java:1833)
	at org.springframework.beans.factory.support.AbstractAutowireCapableBeanFactory.initializeBean(AbstractAutowireCapableBeanFactory.java:1782)
	at org.springframework.beans.factory.support.AbstractAutowireCapableBeanFactory.doCreateBean(AbstractAutowireCapableBeanFactory.java:600)
	at org.springframework.beans.factory.support.AbstractAutowireCapableBeanFactory.createBean(AbstractAutowireCapableBeanFactory.java:522)
	at org.springframework.beans.factory.support.AbstractBeanFactory.lambda$doGetBean$0(AbstractBeanFactory.java:326)
	at org.springframework.beans.factory.support.DefaultSingletonBeanRegistry.getSingleton(DefaultSingletonBeanRegistry.java:234)
	at org.springframework.beans.factory.support.AbstractBeanFactory.doGetBean(AbstractBeanFactory.java:324)
	at org.springframework.beans.factory.support.AbstractBeanFactory.getBean(AbstractBeanFactory.java:200)
	at org.springframework.beans.factory.config.DependencyDescriptor.resolveCandidate(DependencyDescriptor.java:254)
	at org.springframework.beans.factory.support.DefaultListableBeanFactory.doResolveDependency(DefaultListableBeanFactory.java:1443)
	at org.springframework.beans.factory.support.DefaultListableBeanFactory.resolveDependency(DefaultListableBeanFactory.java:1353)
	at org.springframework.beans.factory.support.ConstructorResolver.resolveAutowiredArgument(ConstructorResolver.java:904)
	at org.springframework.beans.factory.support.ConstructorResolver.createArgumentArray(ConstructorResolver.java:782)
	at org.springframework.beans.factory.support.ConstructorResolver.autowireConstructor(ConstructorResolver.java:237)
	at org.springframework.beans.factory.support.AbstractAutowireCapableBeanFactory.autowireConstructor(AbstractAutowireCapableBeanFactory.java:1355)
	at org.springframework.beans.factory.support.AbstractAutowireCapableBeanFactory.createBeanInstance(AbstractAutowireCapableBeanFactory.java:1192)
	at org.springframework.beans.factory.support.AbstractAutowireCapableBeanFactory.doCreateBean(AbstractAutowireCapableBeanFactory.java:562)
	at org.springframework.beans.factory.support.AbstractAutowireCapableBeanFactory.createBean(AbstractAutowireCapableBeanFactory.java:522)
	at org.springframework.beans.factory.support.AbstractBeanFactory.lambda$doGetBean$0(AbstractBeanFactory.java:326)
	at org.springframework.beans.factory.support.DefaultSingletonBeanRegistry.getSingleton(DefaultSingletonBeanRegistry.java:234)
	at org.springframework.beans.factory.support.AbstractBeanFactory.doGetBean(AbstractBeanFactory.java:324)
	at org.springframework.beans.factory.support.AbstractBeanFactory.getBean(AbstractBeanFactory.java:200)
	at org.springframework.beans.factory.config.DependencyDescriptor.resolveCandidate(DependencyDescriptor.java:254)
	at org.springframework.beans.factory.support.DefaultListableBeanFactory.doResolveDependency(DefaultListableBeanFactory.java:1443)
	at org.springframework.beans.factory.support.DefaultListableBeanFactory.resolveDependency(DefaultListableBeanFactory.java:1353)
	at org.springframework.beans.factory.support.ConstructorResolver.resolveAutowiredArgument(ConstructorResolver.java:904)
	at org.springframework.beans.factory.support.ConstructorResolver.createArgumentArray(ConstructorResolver.java:782)
	at org.springframework.beans.factory.support.ConstructorResolver.autowireConstructor(ConstructorResolver.java:237)
	at org.springframework.beans.factory.support.AbstractAutowireCapableBeanFactory.autowireConstructor(AbstractAutowireCapableBeanFactory.java:1355)
	at org.springframework.beans.factory.support.AbstractAutowireCapableBeanFactory.createBeanInstance(AbstractAutowireCapableBeanFactory.java:1192)
	at org.springframework.beans.factory.support.AbstractAutowireCapableBeanFactory.doCreateBean(AbstractAutowireCapableBeanFactory.java:562)
	at org.springframework.beans.factory.support.AbstractAutowireCapableBeanFactory.createBean(AbstractAutowireCapableBeanFactory.java:522)
	at org.springframework.beans.factory.support.AbstractBeanFactory.lambda$doGetBean$0(AbstractBeanFactory.java:326)
	at org.springframework.beans.factory.support.DefaultSingletonBeanRegistry.getSingleton(DefaultSingletonBeanRegistry.java:234)
	at org.springframework.beans.factory.support.AbstractBeanFactory.doGetBean(AbstractBeanFactory.java:324)
	at org.springframework.beans.factory.support.AbstractBeanFactory.getBean(AbstractBeanFactory.java:200)
	at org.springframework.beans.factory.support.DefaultListableBeanFactory.preInstantiateSingletons(DefaultListableBeanFactory.java:975)
	at org.springframework.context.support.AbstractApplicationContext.finishBeanFactoryInitialization(AbstractApplicationContext.java:962)
	at org.springframework.context.support.AbstractApplicationContext.refresh(AbstractApplicationContext.java:624)
	at org.springframework.boot.web.servlet.context.ServletWebServerApplicationContext.refresh(ServletWebServerApplicationContext.java:146)
	at org.springframework.boot.SpringApplication.refresh(SpringApplication.java:754)
	at org.springframework.boot.SpringApplication.refreshContext(SpringApplication.java:456)
	at org.springframework.boot.SpringApplication.run(SpringApplication.java:334)
	at org.springframework.boot.SpringApplication.run(SpringApplication.java:1354)
	at org.springframework.boot.SpringApplication.run(SpringApplication.java:1343)
	at com.taskmanagement.TaskManagementServiceApplication.main(TaskManagementServiceApplication.java:12)
2026-02-25 13:50:02 [main] DEBUG o.s.d.j.repository.query.NamedQuery - Did not find named query Task.findByGoalId
2026-02-25 13:50:02 [main] DEBUG o.s.o.j.SharedEntityManagerCreator$SharedEntityManagerInvocationHandler - Creating new EntityManager for shared EntityManager invocation
2026-02-25 13:50:02 [main] DEBUG o.s.d.r.c.s.RepositoryFactorySupport - Finished creation of repository instance for com.taskmanagement.repository.TaskRepository.
2026-02-25 13:50:02 [main] DEBUG o.s.b.f.s.DefaultListableBeanFactory - Autowiring by type from bean name 'goalServiceImpl' via constructor to bean named 'goalRepository'
2026-02-25 13:50:02 [main] DEBUG o.s.b.f.s.DefaultListableBeanFactory - Autowiring by type from bean name 'goalServiceImpl' via constructor to bean named 'taskRepository'
2026-02-25 13:50:02 [main] DEBUG o.s.b.f.s.DefaultListableBeanFactory - Autowiring by type from bean name 'goalController' via constructor to bean named 'goalServiceImpl'
2026-02-25 13:50:02 [main] DEBUG o.s.b.f.s.DefaultListableBeanFactory - Creating shared instance of singleton bean 'healthController'
2026-02-25 13:50:02 [main] DEBUG o.s.b.f.s.DefaultListableBeanFactory - Creating shared instance of singleton bean 'taskController'
2026-02-25 13:50:02 [main] DEBUG o.s.b.f.s.DefaultListableBeanFactory - Creating shared instance of singleton bean 'taskServiceImpl'
2026-02-25 13:50:02 [main] DEBUG o.s.b.f.s.DefaultListableBeanFactory - Autowiring by type from bean name 'taskServiceImpl' via constructor to bean named 'taskRepository'
2026-02-25 13:50:02 [main] DEBUG o.s.b.f.s.DefaultListableBeanFactory - Autowiring by type from bean name 'taskServiceImpl' via constructor to bean named 'goalRepository'
2026-02-25 13:50:02 [main] DEBUG o.s.b.f.s.DefaultListableBeanFactory - Autowiring by type from bean name 'taskController' via constructor to bean named 'taskServiceImpl'
2026-02-25 13:50:02 [main] DEBUG o.s.b.f.s.DefaultListableBeanFactory - Creating shared instance of singleton bean 'globalExceptionHandler'
2026-02-25 13:50:02 [main] DEBUG o.s.b.f.s.DefaultListableBeanFactory - Creating shared instance of singleton bean 'jpaAuditingHandler'
2026-02-25 13:50:02 [main] DEBUG o.s.data.auditing.AuditingHandler - No AuditorAware set; Auditing will not be applied
2026-02-25 13:50:02 [main] DEBUG o.s.b.f.s.DefaultListableBeanFactory - Creating shared instance of singleton bean 'org.springframework.data.jpa.domain.support.AuditingEntityListener'
2026-02-25 13:50:02 [main] DEBUG o.s.b.f.s.DefaultListableBeanFactory - Creating shared instance of singleton bean 'org.springframework.boot.autoconfigure.context.PropertyPlaceholderAutoConfiguration'
2026-02-25 13:50:02 [main] DEBUG o.s.b.f.s.DefaultListableBeanFactory - Creating shared instance of singleton bean 'org.springframework.boot.autoconfigure.websocket.servlet.WebSocketServletAutoConfiguration'
2026-02-25 13:50:02 [main] DEBUG o.s.b.f.s.DefaultListableBeanFactory - Creating shared instance of singleton bean 'org.springframework.boot.autoconfigure.web.servlet.DispatcherServletAutoConfiguration'
2026-02-25 13:50:02 [main] DEBUG o.s.b.f.s.DefaultListableBeanFactory - Creating shared instance of singleton bean 'org.springframework.boot.autoconfigure.task.TaskExecutorConfigurations$ThreadPoolTaskExecutorBuilderConfiguration'
2026-02-25 13:50:02 [main] DEBUG o.s.b.f.s.DefaultListableBeanFactory - Creating shared instance of singleton bean 'threadPoolTaskExecutorBuilder'
2026-02-25 13:50:02 [main] DEBUG o.s.b.f.s.DefaultListableBeanFactory - Creating shared instance of singleton bean 'spring.task.execution-org.springframework.boot.autoconfigure.task.TaskExecutionProperties'
2026-02-25 13:50:02 [main] DEBUG o.s.b.f.s.DefaultListableBeanFactory - Autowiring by type from bean name 'threadPoolTaskExecutorBuilder' via factory method to bean named 'spring.task.execution-org.springframework.boot.autoconfigure.task.TaskExecutionProperties'
2026-02-25 13:50:02 [main] DEBUG o.s.b.f.s.DefaultListableBeanFactory - Creating shared instance of singleton bean 'org.springframework.boot.autoconfigure.task.TaskExecutorConfigurations$TaskExecutorBuilderConfiguration'
2026-02-25 13:50:02 [main] DEBUG o.s.b.f.s.DefaultListableBeanFactory - Creating shared instance of singleton bean 'taskExecutorBuilder'
2026-02-25 13:50:02 [main] DEBUG o.s.b.f.s.DefaultListableBeanFactory - Autowiring by type from bean name 'taskExecutorBuilder' via factory method to bean named 'spring.task.execution-org.springframework.boot.autoconfigure.task.TaskExecutionProperties'
2026-02-25 13:50:02 [main] DEBUG o.s.b.f.s.DefaultListableBeanFactory - Creating shared instance of singleton bean 'org.springframework.boot.autoconfigure.task.TaskExecutorConfigurations$SimpleAsyncTaskExecutorBuilderConfiguration'
2026-02-25 13:50:02 [main] DEBUG o.s.b.f.s.DefaultListableBeanFactory - Autowiring by type from bean name 'org.springframework.boot.autoconfigure.task.TaskExecutorConfigurations$SimpleAsyncTaskExecutorBuilderConfiguration' via constructor to bean named 'spring.task.execution-org.springframework.boot.autoconfigure.task.TaskExecutionProperties'
2026-02-25 13:50:02 [main] DEBUG o.s.b.f.s.DefaultListableBeanFactory - Creating shared instance of singleton bean 'simpleAsyncTaskExecutorBuilder'
2026-02-25 13:50:02 [main] DEBUG o.s.b.f.s.DefaultListableBeanFactory - Creating shared instance of singleton bean 'org.springframework.boot.autoconfigure.task.TaskExecutorConfigurations$TaskExecutorConfiguration'
2026-02-25 13:50:02 [main] DEBUG o.s.b.f.s.DefaultListableBeanFactory - Creating shared instance of singleton bean 'org.springframework.boot.autoconfigure.task.TaskExecutionAutoConfiguration'
2026-02-25 13:50:02 [main] DEBUG o.s.b.f.s.DefaultListableBeanFactory - Creating shared instance of singleton bean 'org.springframework.boot.autoconfigure.validation.ValidationAutoConfiguration'
2026-02-25 13:50:02 [main] DEBUG o.s.b.f.s.DefaultListableBeanFactory - Creating shared instance of singleton bean 'defaultValidator'
2026-02-25 13:50:02 [main] DEBUG o.s.b.f.s.DefaultListableBeanFactory - Autowiring by type from bean name 'defaultValidator' via factory method to bean named 'org.springframework.boot.web.servlet.context.AnnotationConfigServletWebServerApplicationContext@2313052e'
2026-02-25 13:50:02 [main] DEBUG o.h.v.m.ResourceBundleMessageInterpolator - Loaded expression factory via original TCCL
2026-02-25 13:50:02 [main] DEBUG o.h.v.i.e.AbstractConfigurationImpl - Setting custom MessageInterpolator of type org.springframework.validation.beanvalidation.LocaleContextMessageInterpolator
2026-02-25 13:50:02 [main] DEBUG o.h.v.i.e.AbstractConfigurationImpl - Setting custom ConstraintValidatorFactory of type org.springframework.validation.beanvalidation.SpringConstraintValidatorFactory
2026-02-25 13:50:02 [main] DEBUG o.h.v.i.x.config.ValidationXmlParser - Trying to load META-INF/validation.xml for XML based Validator configuration.
2026-02-25 13:50:02 [main] DEBUG o.h.v.i.x.c.ResourceLoaderHelper - Trying to load META-INF/validation.xml via user class loader
2026-02-25 13:50:02 [main] DEBUG o.h.v.i.x.c.ResourceLoaderHelper - Trying to load META-INF/validation.xml via TCCL
2026-02-25 13:50:02 [main] DEBUG o.h.v.i.x.c.ResourceLoaderHelper - Trying to load META-INF/validation.xml via Hibernate Validator's class loader
2026-02-25 13:50:02 [main] DEBUG o.h.v.i.x.config.ValidationXmlParser - No META-INF/validation.xml found. Using annotation based configuration only.
2026-02-25 13:50:02 [main] DEBUG o.h.v.i.e.r.TraversableResolvers - Found jakarta.persistence.Persistence on classpath containing 'getPersistenceUtil'. Assuming JPA 2 environment. Trying to instantiate JPA aware TraversableResolver
2026-02-25 13:50:02 [main] DEBUG o.h.v.i.e.r.TraversableResolvers - Instantiated JPA aware TraversableResolver of type org.hibernate.validator.internal.engine.resolver.JPATraversableResolver.
2026-02-25 13:50:02 [main] DEBUG o.h.v.i.e.ValidatorFactoryConfigurationHelper - HV000252: Using org.hibernate.validator.internal.engine.DefaultPropertyNodeNameProvider as property node name provider.
2026-02-25 13:50:02 [main] DEBUG o.h.v.i.e.ValidatorFactoryConfigurationHelper - HV000234: Using org.springframework.validation.beanvalidation.LocaleContextMessageInterpolator as ValidatorFactory-scoped message interpolator.
2026-02-25 13:50:02 [main] DEBUG o.h.v.i.e.ValidatorFactoryConfigurationHelper - HV000234: Using org.hibernate.validator.internal.engine.resolver.JPATraversableResolver as ValidatorFactory-scoped traversable resolver.
2026-02-25 13:50:02 [main] DEBUG o.h.v.i.e.ValidatorFactoryConfigurationHelper - HV000234: Using org.hibernate.validator.internal.util.ExecutableParameterNameProvider as ValidatorFactory-scoped parameter name provider.
2026-02-25 13:50:02 [main] DEBUG o.h.v.i.e.ValidatorFactoryConfigurationHelper - HV000234: Using org.hibernate.validator.internal.engine.DefaultClockProvider as ValidatorFactory-scoped clock provider.
2026-02-25 13:50:02 [main] DEBUG o.h.v.i.e.ValidatorFactoryConfigurationHelper - HV000234: Using org.hibernate.validator.internal.engine.scripting.DefaultScriptEvaluatorFactory as ValidatorFactory-scoped script evaluator factory.
2026-02-25 13:50:02 [main] DEBUG o.s.b.f.s.DefaultListableBeanFactory - Creating shared instance of singleton bean 'org.springframework.boot.autoconfigure.web.servlet.error.ErrorMvcAutoConfiguration$WhitelabelErrorViewConfiguration'
2026-02-25 13:50:02 [main] DEBUG o.s.b.f.s.DefaultListableBeanFactory - Creating shared instance of singleton bean 'error'
2026-02-25 13:50:02 [main] DEBUG o.s.b.f.s.DefaultListableBeanFactory - Creating shared instance of singleton bean 'beanNameViewResolver'
2026-02-25 13:50:02 [main] DEBUG o.s.b.f.s.DefaultListableBeanFactory - Creating shared instance of singleton bean 'org.springframework.boot.autoconfigure.web.servlet.error.ErrorMvcAutoConfiguration$DefaultErrorViewResolverConfiguration'
2026-02-25 13:50:02 [main] DEBUG o.s.b.f.s.DefaultListableBeanFactory - Creating shared instance of singleton bean 'spring.web-org.springframework.boot.autoconfigure.web.WebProperties'
2026-02-25 13:50:02 [main] DEBUG o.s.b.f.s.DefaultListableBeanFactory - Autowiring by type from bean name 'org.springframework.boot.autoconfigure.web.servlet.error.ErrorMvcAutoConfiguration$DefaultErrorViewResolverConfiguration' via constructor to bean named 'org.springframework.boot.web.servlet.context.AnnotationConfigServletWebServerApplicationContext@2313052e'
2026-02-25 13:50:02 [main] DEBUG o.s.b.f.s.DefaultListableBeanFactory - Autowiring by type from bean name 'org.springframework.boot.autoconfigure.web.servlet.error.ErrorMvcAutoConfiguration$DefaultErrorViewResolverConfiguration' via constructor to bean named 'spring.web-org.springframework.boot.autoconfigure.web.WebProperties'
2026-02-25 13:50:02 [main] DEBUG o.s.b.f.s.DefaultListableBeanFactory - Creating shared instance of singleton bean 'conventionErrorViewResolver'
2026-02-25 13:50:02 [main] DEBUG o.s.b.f.s.DefaultListableBeanFactory - Creating shared instance of singleton bean 'errorAttributes'
2026-02-25 13:50:02 [main] DEBUG o.s.b.f.s.DefaultListableBeanFactory - Creating shared instance of singleton bean 'basicErrorController'
2026-02-25 13:50:02 [main] DEBUG o.s.b.f.s.DefaultListableBeanFactory - Autowiring by type from bean name 'basicErrorController' via factory method to bean named 'errorAttributes'
2026-02-25 13:50:02 [main] DEBUG o.s.b.f.s.DefaultListableBeanFactory - Creating shared instance of singleton bean 'org.springframework.boot.autoconfigure.web.servlet.WebMvcAutoConfiguration$EnableWebMvcConfiguration'
2026-02-25 13:50:02 [main] DEBUG o.s.b.f.s.DefaultListableBeanFactory - Autowiring by type from bean name 'org.springframework.boot.autoconfigure.web.servlet.WebMvcAutoConfiguration$EnableWebMvcConfiguration' via constructor to bean named 'spring.mvc-org.springframework.boot.autoconfigure.web.servlet.WebMvcProperties'
2026-02-25 13:50:02 [main] DEBUG o.s.b.f.s.DefaultListableBeanFactory - Autowiring by type from bean name 'org.springframework.boot.autoconfigure.web.servlet.WebMvcAutoConfiguration$EnableWebMvcConfiguration' via constructor to bean named 'spring.web-org.springframework.boot.autoconfigure.web.WebProperties'
2026-02-25 13:50:02 [main] DEBUG o.s.b.f.s.DefaultListableBeanFactory - Autowiring by type from bean name 'org.springframework.boot.autoconfigure.web.servlet.WebMvcAutoConfiguration$EnableWebMvcConfiguration' via constructor to bean named 'org.springframework.beans.factory.support.DefaultListableBeanFactory@21ec5d87'
2026-02-25 13:50:02 [main] DEBUG o.s.b.f.s.DefaultListableBeanFactory - Creating shared instance of singleton bean 'org.springframework.boot.autoconfigure.web.servlet.WebMvcAutoConfiguration$WebMvcAutoConfigurationAdapter'
2026-02-25 13:50:02 [main] DEBUG o.s.b.f.s.DefaultListableBeanFactory - Autowiring by type from bean name 'org.springframework.boot.autoconfigure.web.servlet.WebMvcAutoConfiguration$WebMvcAutoConfigurationAdapter' via constructor to bean named 'spring.web-org.springframework.boot.autoconfigure.web.WebProperties'
2026-02-25 13:50:02 [main] DEBUG o.s.b.f.s.DefaultListableBeanFactory - Autowiring by type from bean name 'org.springframework.boot.autoconfigure.web.servlet.WebMvcAutoConfiguration$WebMvcAutoConfigurationAdapter' via constructor to bean named 'spring.mvc-org.springframework.boot.autoconfigure.web.servlet.WebMvcProperties'
2026-02-25 13:50:02 [main] DEBUG o.s.b.f.s.DefaultListableBeanFactory - Autowiring by type from bean name 'org.springframework.boot.autoconfigure.web.servlet.WebMvcAutoConfiguration$WebMvcAutoConfigurationAdapter' via constructor to bean named 'org.springframework.beans.factory.support.DefaultListableBeanFactory@21ec5d87'
2026-02-25 13:50:02 [main] DEBUG o.s.b.f.s.DefaultListableBeanFactory - Creating shared instance of singleton bean 'swaggerWebMvcConfigurer'
2026-02-25 13:50:02 [main] DEBUG o.s.b.f.s.DefaultListableBeanFactory - Creating shared instance of singleton bean 'org.springdoc.webmvc.ui.SwaggerConfig'
2026-02-25 13:50:02 [main] DEBUG o.s.b.f.s.DefaultListableBeanFactory - Creating shared instance of singleton bean 'org.springdoc.core.properties.SwaggerUiConfigParameters'
2026-02-25 13:50:02 [main] DEBUG o.s.b.f.s.DefaultListableBeanFactory - Creating shared instance of singleton bean 'org.springdoc.core.properties.SwaggerUiConfigProperties'
2026-02-25 13:50:02 [main] DEBUG o.s.b.f.s.DefaultListableBeanFactory - Autowiring by type from bean name 'org.springdoc.core.properties.SwaggerUiConfigParameters' via constructor to bean named 'org.springdoc.core.properties.SwaggerUiConfigProperties'
2026-02-25 13:50:02 [main] DEBUG o.s.b.f.s.DefaultListableBeanFactory - Creating shared instance of singleton bean 'indexPageTransformer'
2026-02-25 13:50:02 [main] DEBUG o.s.b.f.s.DefaultListableBeanFactory - Creating shared instance of singleton bean 'org.springdoc.core.properties.SwaggerUiOAuthProperties'
2026-02-25 13:50:02 [main] DEBUG o.s.b.f.s.DefaultListableBeanFactory - Creating shared instance of singleton bean 'swaggerWelcome'
2026-02-25 13:50:02 [main] DEBUG o.s.b.f.s.DefaultListableBeanFactory - Creating shared instance of singleton bean 'org.springdoc.core.properties.SpringDocConfigProperties'
2026-02-25 13:50:02 [main] DEBUG o.s.b.f.s.DefaultListableBeanFactory - Creating shared instance of singleton bean 'springWebProvider'
2026-02-25 13:50:02 [main] DEBUG o.s.b.f.s.DefaultListableBeanFactory - Creating shared instance of singleton bean 'org.springdoc.webmvc.core.configuration.SpringDocWebMvcConfiguration'
2026-02-25 13:50:02 [main] DEBUG o.s.b.f.s.DefaultListableBeanFactory - Autowiring by type from bean name 'swaggerWelcome' via factory method to bean named 'org.springdoc.core.properties.SwaggerUiConfigProperties'
2026-02-25 13:50:02 [main] DEBUG o.s.b.f.s.DefaultListableBeanFactory - Autowiring by type from bean name 'swaggerWelcome' via factory method to bean named 'org.springdoc.core.properties.SpringDocConfigProperties'
2026-02-25 13:50:02 [main] DEBUG o.s.b.f.s.DefaultListableBeanFactory - Autowiring by type from bean name 'swaggerWelcome' via factory method to bean named 'org.springdoc.core.properties.SwaggerUiConfigParameters'
2026-02-25 13:50:02 [main] DEBUG o.s.b.f.s.DefaultListableBeanFactory - Autowiring by type from bean name 'swaggerWelcome' via factory method to bean named 'springWebProvider'
2026-02-25 13:50:02 [main] DEBUG o.s.b.f.s.DefaultListableBeanFactory - Creating shared instance of singleton bean 'springdocObjectMapperProvider'
2026-02-25 13:50:02 [main] DEBUG o.s.b.f.s.DefaultListableBeanFactory - Creating shared instance of singleton bean 'org.springdoc.core.configuration.SpringDocConfiguration'
2026-02-25 13:50:02 [main] DEBUG o.s.b.f.s.DefaultListableBeanFactory - Autowiring by type from bean name 'springdocObjectMapperProvider' via factory method to bean named 'org.springdoc.core.properties.SpringDocConfigProperties'
2026-02-25 13:50:02 [main] DEBUG o.s.b.f.s.DefaultListableBeanFactory - Autowiring by type from bean name 'indexPageTransformer' via factory method to bean named 'org.springdoc.core.properties.SwaggerUiConfigProperties'
2026-02-25 13:50:02 [main] DEBUG o.s.b.f.s.DefaultListableBeanFactory - Autowiring by type from bean name 'indexPageTransformer' via factory method to bean named 'org.springdoc.core.properties.SwaggerUiOAuthProperties'
2026-02-25 13:50:02 [main] DEBUG o.s.b.f.s.DefaultListableBeanFactory - Autowiring by type from bean name 'indexPageTransformer' via factory method to bean named 'org.springdoc.core.properties.SwaggerUiConfigParameters'
2026-02-25 13:50:02 [main] DEBUG o.s.b.f.s.DefaultListableBeanFactory - Autowiring by type from bean name 'indexPageTransformer' via factory method to bean named 'swaggerWelcome'
2026-02-25 13:50:02 [main] DEBUG o.s.b.f.s.DefaultListableBeanFactory - Autowiring by type from bean name 'indexPageTransformer' via factory method to bean named 'springdocObjectMapperProvider'
2026-02-25 13:50:02 [main] DEBUG o.s.b.f.s.DefaultListableBeanFactory - Creating shared instance of singleton bean 'swaggerResourceResolver'
2026-02-25 13:50:02 [main] DEBUG o.s.b.f.s.DefaultListableBeanFactory - Autowiring by type from bean name 'swaggerResourceResolver' via factory method to bean named 'org.springdoc.core.properties.SwaggerUiConfigProperties'
2026-02-25 13:50:02 [main] DEBUG o.s.b.f.s.DefaultListableBeanFactory - Autowiring by type from bean name 'swaggerWebMvcConfigurer' via factory method to bean named 'org.springdoc.core.properties.SwaggerUiConfigParameters'
2026-02-25 13:50:02 [main] DEBUG o.s.b.f.s.DefaultListableBeanFactory - Autowiring by type from bean name 'swaggerWebMvcConfigurer' via factory method to bean named 'indexPageTransformer'
2026-02-25 13:50:02 [main] DEBUG o.s.b.f.s.DefaultListableBeanFactory - Autowiring by type from bean name 'swaggerWebMvcConfigurer' via factory method to bean named 'swaggerResourceResolver'
2026-02-25 13:50:02 [main] DEBUG o.s.b.f.s.DefaultListableBeanFactory - Creating shared instance of singleton bean 'openEntityManagerInViewInterceptorConfigurer'
2026-02-25 13:50:02 [main] DEBUG o.s.b.f.s.DefaultListableBeanFactory - Creating shared instance of singleton bean 'org.springframework.boot.autoconfigure.orm.jpa.JpaBaseConfiguration$JpaWebConfiguration'
2026-02-25 13:50:02 [main] DEBUG o.s.b.f.s.DefaultListableBeanFactory - Autowiring by type from bean name 'org.springframework.boot.autoconfigure.orm.jpa.JpaBaseConfiguration$JpaWebConfiguration' via constructor to bean named 'spring.jpa-org.springframework.boot.autoconfigure.orm.jpa.JpaProperties'
2026-02-25 13:50:02 [main] DEBUG o.s.b.f.s.DefaultListableBeanFactory - Creating shared instance of singleton bean 'openEntityManagerInViewInterceptor'
2026-02-25 13:50:02 [main] WARN  o.s.b.a.o.j.JpaBaseConfiguration$JpaWebConfiguration - spring.jpa.open-in-view is enabled by default. Therefore, database queries may be performed during view rendering. Explicitly configure spring.jpa.open-in-view to disable this warning
2026-02-25 13:50:02 [main] DEBUG o.s.b.f.s.DefaultListableBeanFactory - Autowiring by type from bean name 'openEntityManagerInViewInterceptorConfigurer' via factory method to bean named 'openEntityManagerInViewInterceptor'
2026-02-25 13:50:02 [main] DEBUG o.s.b.f.s.DefaultListableBeanFactory - Creating shared instance of singleton bean 'org.springframework.data.web.config.SpringDataWebConfiguration'
2026-02-25 13:50:02 [main] DEBUG o.s.b.f.s.DefaultListableBeanFactory - Autowiring by type from bean name 'org.springframework.data.web.config.SpringDataWebConfiguration' via constructor to bean named 'org.springframework.boot.web.servlet.context.AnnotationConfigServletWebServerApplicationContext@2313052e'
2026-02-25 13:50:02 [main] DEBUG o.s.b.f.s.DefaultListableBeanFactory - Creating shared instance of singleton bean 'welcomePageHandlerMapping'
2026-02-25 13:50:02 [main] DEBUG o.s.b.f.s.DefaultListableBeanFactory - Creating shared instance of singleton bean 'mvcConversionService'
2026-02-25 13:50:02 [main] DEBUG o.s.b.f.s.DefaultListableBeanFactory - Creating shared instance of singleton bean 'mvcResourceUrlProvider'
2026-02-25 13:50:02 [main] DEBUG o.s.b.f.s.DefaultListableBeanFactory - Autowiring by type from bean name 'welcomePageHandlerMapping' via factory method to bean named 'org.springframework.boot.web.servlet.context.AnnotationConfigServletWebServerApplicationContext@2313052e'
2026-02-25 13:50:02 [main] DEBUG o.s.b.f.s.DefaultListableBeanFactory - Autowiring by type from bean name 'welcomePageHandlerMapping' via factory method to bean named 'mvcConversionService'
2026-02-25 13:50:02 [main] DEBUG o.s.b.f.s.DefaultListableBeanFactory - Autowiring by type from bean name 'welcomePageHandlerMapping' via factory method to bean named 'mvcResourceUrlProvider'
2026-02-25 13:50:02 [RMI TCP Connection(1)-10.2.3.185] DEBUG sun.rmi.transport.tcp - RMI TCP Connection(1)-10.2.3.185: (port 57284) op = 82
2026-02-25 13:50:02 [RMI TCP Connection(1)-10.2.3.185] DEBUG sun.rmi.transport.tcp - RMI TCP Connection(1)-10.2.3.185: (port 57284) op = 80
2026-02-25 13:50:02 [RMI TCP Connection(1)-10.2.3.185] DEBUG sun.rmi.transport.tcp - RMI TCP Connection(1)-10.2.3.185: (port 57284) op = 82
2026-02-25 13:50:02 [RMI TCP Connection(1)-10.2.3.185] DEBUG sun.rmi.transport.tcp - RMI TCP Connection(1)-10.2.3.185: (port 57284) op = 80
2026-02-25 13:50:02 [RMI TCP Connection(1)-10.2.3.185] DEBUG sun.rmi.loader - RMI TCP Connection(1)-10.2.3.185: name = "[Ljava.rmi.server.ObjID;", codebase = "", defaultLoader = jdk.internal.loader.ClassLoaders$PlatformClassLoader@2f727d39
2026-02-25 13:50:02 [RMI TCP Connection(1)-10.2.3.185] DEBUG sun.rmi.loader - RMI TCP Connection(1)-10.2.3.185: name = "java.rmi.server.ObjID", codebase = "", defaultLoader = jdk.internal.loader.ClassLoaders$PlatformClassLoader@2f727d39
2026-02-25 13:50:02 [RMI TCP Connection(1)-10.2.3.185] DEBUG sun.rmi.loader - RMI TCP Connection(1)-10.2.3.185: name = "java.rmi.server.UID", codebase = "", defaultLoader = jdk.internal.loader.ClassLoaders$PlatformClassLoader@2f727d39
2026-02-25 13:50:02 [RMI TCP Connection(1)-10.2.3.185] DEBUG sun.rmi.loader - RMI TCP Connection(1)-10.2.3.185: name = "java.rmi.dgc.Lease", codebase = "", defaultLoader = jdk.internal.loader.ClassLoaders$PlatformClassLoader@2f727d39
2026-02-25 13:50:02 [RMI TCP Connection(1)-10.2.3.185] DEBUG sun.rmi.loader - RMI TCP Connection(1)-10.2.3.185: name = "java.rmi.dgc.VMID", codebase = "", defaultLoader = jdk.internal.loader.ClassLoaders$PlatformClassLoader@2f727d39
2026-02-25 13:50:02 [RMI TCP Connection(1)-10.2.3.185] DEBUG sun.rmi.loader - RMI TCP Connection(1)-10.2.3.185: name = "[B", codebase = "", defaultLoader = jdk.internal.loader.ClassLoaders$PlatformClassLoader@2f727d39
2026-02-25 13:50:02 [RMI TCP Connection(1)-10.2.3.185] DEBUG sun.rmi.transport.tcp - RMI TCP Connection(1)-10.2.3.185: (port 57284) op = 84
2026-02-25 13:50:02 [RMI TCP Connection(1)-10.2.3.185] DEBUG sun.rmi.transport.tcp - RMI TCP Connection(1)-10.2.3.185: (port 57284) op = 80
2026-02-25 13:50:02 [RMI TCP Connection(1)-10.2.3.185] DEBUG sun.rmi.transport.tcp - RMI TCP Connection(1)-10.2.3.185: (port 57284) op = 80
2026-02-25 13:50:02 [RMI TCP Connection(1)-10.2.3.185] DEBUG sun.rmi.loader - RMI TCP Connection(1)-10.2.3.185: name = "javax.management.ObjectName", codebase = ""
2026-02-25 13:50:02 [RMI TCP Connection(1)-10.2.3.185] DEBUG javax.management.remote.rmi - connectionId=rmi://10.2.3.185  6, name=org.springframework.boot:type=Admin,name=SpringApplication, attribute=Ready
2026-02-25 13:50:02 [RMI TCP Connection(1)-10.2.3.185] DEBUG sun.rmi.server.call - RMI TCP Connection(1)-10.2.3.185: [10.2.3.185] exception: 
javax.management.InstanceNotFoundException: org.springframework.boot:type=Admin,name=SpringApplication
	at java.management/com.sun.jmx.interceptor.DefaultMBeanServerInterceptor.getMBean(DefaultMBeanServerInterceptor.java:1088)
	at java.management/com.sun.jmx.interceptor.DefaultMBeanServerInterceptor.getAttribute(DefaultMBeanServerInterceptor.java:640)
	at java.management/com.sun.jmx.mbeanserver.JmxMBeanServer.getAttribute(JmxMBeanServer.java:679)
	at java.management.rmi/javax.management.remote.rmi.RMIConnectionImpl.doOperation(RMIConnectionImpl.java:1449)
	at java.management.rmi/javax.management.remote.rmi.RMIConnectionImpl$PrivilegedOperation.run(RMIConnectionImpl.java:1310)
	at java.management.rmi/javax.management.remote.rmi.RMIConnectionImpl.doPrivilegedOperation(RMIConnectionImpl.java:1405)
	at java.management.rmi/javax.management.remote.rmi.RMIConnectionImpl.getAttribute(RMIConnectionImpl.java:639)
	at java.base/jdk.internal.reflect.NativeMethodAccessorImpl.invoke0(Native Method)
	at java.base/jdk.internal.reflect.NativeMethodAccessorImpl.invoke(NativeMethodAccessorImpl.java:77)
	at java.base/jdk.internal.reflect.DelegatingMethodAccessorImpl.invoke(DelegatingMethodAccessorImpl.java:43)
	at java.base/java.lang.reflect.Method.invoke(Method.java:569)
	at java.rmi/sun.rmi.server.UnicastServerRef.dispatch(UnicastServerRef.java:360)
	at java.rmi/sun.rmi.transport.Transport$1.run(Transport.java:200)
	at java.rmi/sun.rmi.transport.Transport$1.run(Transport.java:197)
	at java.base/java.security.AccessController.doPrivileged(AccessController.java:712)
	at java.rmi/sun.rmi.transport.Transport.serviceCall(Transport.java:196)
	at java.rmi/sun.rmi.transport.tcp.TCPTransport.handleMessages(TCPTransport.java:587)
	at java.rmi/sun.rmi.transport.tcp.TCPTransport$ConnectionHandler.run0(TCPTransport.java:828)
	at java.rmi/sun.rmi.transport.tcp.TCPTransport$ConnectionHandler.lambda$run$0(TCPTransport.java:705)
	at java.base/java.security.AccessController.doPrivileged(AccessController.java:399)
	at java.rmi/sun.rmi.transport.tcp.TCPTransport$ConnectionHandler.run(TCPTransport.java:704)
	at java.base/java.util.concurrent.ThreadPoolExecutor.runWorker(ThreadPoolExecutor.java:1136)
	at java.base/java.util.concurrent.ThreadPoolExecutor$Worker.run(ThreadPoolExecutor.java:635)
	at java.base/java.lang.Thread.run(Thread.java:840)
2026-02-25 13:50:02 [RMI TCP Connection(1)-10.2.3.185] DEBUG sun.rmi.transport.tcp - RMI TCP Connection(1)-10.2.3.185: (port 57284) op = 80
2026-02-25 13:50:02 [RMI TCP Connection(1)-10.2.3.185] DEBUG javax.management.remote.rmi - [javax.management.remote.rmi.RMIConnectionImpl@4c6daa37: connectionId=rmi://10.2.3.185  6] closing.
2026-02-25 13:50:02 [RMI TCP Connection(1)-10.2.3.185] DEBUG javax.management.remote.rmi - [javax.management.remote.rmi.RMIConnectionImpl@4c6daa37: connectionId=rmi://10.2.3.185  6] closed.
2026-02-25 13:50:02 [main] DEBUG o.s.b.f.s.DefaultListableBeanFactory - Creating shared instance of singleton bean 'welcomePageNotAcceptableHandlerMapping'
2026-02-25 13:50:02 [main] DEBUG o.s.b.f.s.DefaultListableBeanFactory - Autowiring by type from bean name 'welcomePageNotAcceptableHandlerMapping' via factory method to bean named 'org.springframework.boot.web.servlet.context.AnnotationConfigServletWebServerApplicationContext@2313052e'
2026-02-25 13:50:02 [main] DEBUG o.s.b.f.s.DefaultListableBeanFactory - Autowiring by type from bean name 'welcomePageNotAcceptableHandlerMapping' via factory method to bean named 'mvcConversionService'
2026-02-25 13:50:02 [main] DEBUG o.s.b.f.s.DefaultListableBeanFactory - Autowiring by type from bean name 'welcomePageNotAcceptableHandlerMapping' via factory method to bean named 'mvcResourceUrlProvider'
2026-02-25 13:50:02 [main] DEBUG o.s.b.f.s.DefaultListableBeanFactory - Creating shared instance of singleton bean 'localeResolver'
2026-02-25 13:50:02 [main] DEBUG o.s.b.f.s.DefaultListableBeanFactory - Creating shared instance of singleton bean 'themeResolver'
2026-02-25 13:50:02 [main] DEBUG o.s.b.f.s.DefaultListableBeanFactory - Creating shared instance of singleton bean 'flashMapManager'
2026-02-25 13:50:02 [main] DEBUG o.s.b.f.s.DefaultListableBeanFactory - Creating shared instance of singleton bean 'mvcValidator'
2026-02-25 13:50:02 [main] DEBUG o.s.b.f.s.DefaultListableBeanFactory - Creating shared instance of singleton bean 'mvcContentNegotiationManager'
2026-02-25 13:50:02 [main] DEBUG o.s.b.f.s.DefaultListableBeanFactory - Creating shared instance of singleton bean 'requestMappingHandlerMapping'
2026-02-25 13:50:02 [main] DEBUG o.s.b.f.s.DefaultListableBeanFactory - Autowiring by type from bean name 'requestMappingHandlerMapping' via factory method to bean named 'mvcContentNegotiationManager'
2026-02-25 13:50:02 [main] DEBUG o.s.b.f.s.DefaultListableBeanFactory - Autowiring by type from bean name 'requestMappingHandlerMapping' via factory method to bean named 'mvcConversionService'
2026-02-25 13:50:02 [main] DEBUG o.s.b.f.s.DefaultListableBeanFactory - Autowiring by type from bean name 'requestMappingHandlerMapping' via factory method to bean named 'mvcResourceUrlProvider'
2026-02-25 13:50:02 [main] DEBUG _.s.w.s.HandlerMapping.Mappings - 
	c.t.c.GoalController:
	{GET [/api/v1/goals/user/{userId}/upcoming]}: getUpcomingDeadlines(Long,LocalDate)
	{GET [/api/v1/goals/user/{userId}/paginated]}: getGoalsByUserIdPaginated(Long,Pageable)
	{GET [/api/v1/goals/{id}/stats]}: getGoalStats(Long)
	{GET [/api/v1/goals/user/{userId}]}: getGoalsByUserId(Long)
	{DELETE [/api/v1/goals/{id}]}: deleteGoal(Long)
	{PUT [/api/v1/goals/{id}]}: updateGoal(Long,Update)
	{PATCH [/api/v1/goals/{id}/status]}: updateGoalStatus(Long,StatusUpdate)
	{POST [/api/v1/goals]}: createGoal(Create)
	{GET [/api/v1/goals/{id}]}: getGoalById(Long,boolean)
	{GET [/api/v1/goals/user/{userId}/filter]}: getFilteredGoals(Long,GoalStatus,Priority,Pageable)
2026-02-25 13:50:02 [main] DEBUG _.s.w.s.HandlerMapping.Mappings - 
	c.t.c.HealthController:
	{GET [/api/v1/health]}: healthCheck()
	{GET [/api/v1/info]}: serviceInfo()
2026-02-25 13:50:02 [main] DEBUG _.s.w.s.HandlerMapping.Mappings - 
	c.t.c.TaskController:
	{GET [/api/v1/tasks/goal/{goalId}/paginated]}: getTasksByGoalIdPaginated(Long,Pageable)
	{PATCH [/api/v1/tasks/{id}/complete]}: toggleTaskCompletion(Long,StatusUpdate)
	{POST [/api/v1/tasks]}: createTask(Create)
	{POST [/api/v1/tasks/bulk]}: createBulkTasks(BulkCreate)
	{GET [/api/v1/tasks/user/{userId}/overdue]}: getOverdueTasks(Long)
	{GET [/api/v1/tasks/{id}]}: getTaskById(Long)
	{PUT [/api/v1/tasks/reorder]}: reorderTasks(ReorderRequest)
	{PUT [/api/v1/tasks/{id}]}: updateTask(Long,Update)
	{GET [/api/v1/tasks/user/{userId}/due-on]}: getTasksDueOn(Long,LocalDate)
	{GET [/api/v1/tasks/goal/{goalId}]}: getTasksByGoalId(Long)
	{DELETE [/api/v1/tasks/{id}]}: deleteTask(Long)
	{GET [/api/v1/tasks/user/{userId}/today]}: getTodaysTasks(Long)
	{GET [/api/v1/tasks/user/{userId}]}: getTasksByUserId(Long)
2026-02-25 13:50:02 [main] DEBUG _.s.w.s.HandlerMapping.Mappings - 
	o.s.b.a.w.s.e.BasicErrorController:
	{ [/error]}: error(HttpServletRequest)
	{ [/error], produces [text/html]}: errorHtml(HttpServletRequest,HttpServletResponse)
2026-02-25 13:50:02 [main] DEBUG o.s.c.e.PropertySourcesPropertyResolver - Found key 'springdoc.api-docs.path' in PropertySource 'environmentProperties' with value of type String
2026-02-25 13:50:02 [main] DEBUG o.s.c.e.PropertySourcesPropertyResolver - Found key 'springdoc.api-docs.path' in PropertySource 'environmentProperties' with value of type String
2026-02-25 13:50:02 [main] DEBUG o.s.c.e.PropertySourcesPropertyResolver - Found key 'springdoc.api-docs.path' in PropertySource 'environmentProperties' with value of type String
2026-02-25 13:50:02 [main] DEBUG o.s.c.e.PropertySourcesPropertyResolver - Found key 'springdoc.api-docs.path' in PropertySource 'environmentProperties' with value of type String
2026-02-25 13:50:02 [main] DEBUG _.s.w.s.HandlerMapping.Mappings - 
	o.s.w.a.OpenApiWebMvcResource:
	{GET [/v3/api-docs.yaml], produces [application/vnd.oai.openapi]}: openapiYaml(HttpServletRequest,String,Locale)
	{GET [/v3/api-docs], produces [application/json]}: openapiJson(HttpServletRequest,String,Locale)
2026-02-25 13:50:02 [main] DEBUG o.s.c.e.PropertySourcesPropertyResolver - Found key 'springdoc.swagger-ui.path' in PropertySource 'environmentProperties' with value of type String
2026-02-25 13:50:02 [main] DEBUG o.s.c.e.PropertySourcesPropertyResolver - Found key 'springdoc.swagger-ui.path' in PropertySource 'environmentProperties' with value of type String
2026-02-25 13:50:02 [main] DEBUG _.s.w.s.HandlerMapping.Mappings - 
	o.s.w.u.SwaggerWelcomeWebMvc:
	{GET [/swagger-ui.html]}: redirectToUi(HttpServletRequest)
2026-02-25 13:50:02 [main] DEBUG o.s.c.e.PropertySourcesPropertyResolver - Found key 'springdoc.api-docs.path' in PropertySource 'environmentProperties' with value of type String
2026-02-25 13:50:02 [main] DEBUG _.s.w.s.HandlerMapping.Mappings - 
	o.s.w.u.SwaggerConfigResource:
	{GET [/v3/api-docs/swagger-config], produces [application/json]}: openapiJson(HttpServletRequest)
2026-02-25 13:50:02 [main] DEBUG o.s.w.s.m.m.a.RequestMappingHandlerMapping - 31 mappings in 'requestMappingHandlerMapping'
2026-02-25 13:50:02 [main] DEBUG o.s.b.f.s.DefaultListableBeanFactory - Creating shared instance of singleton bean 'mvcPatternParser'
2026-02-25 13:50:02 [main] DEBUG o.s.b.f.s.DefaultListableBeanFactory - Creating shared instance of singleton bean 'mvcUrlPathHelper'
2026-02-25 13:50:02 [main] DEBUG o.s.b.f.s.DefaultListableBeanFactory - Creating shared instance of singleton bean 'mvcPathMatcher'
2026-02-25 13:50:02 [main] DEBUG o.s.b.f.s.DefaultListableBeanFactory - Creating shared instance of singleton bean 'viewControllerHandlerMapping'
2026-02-25 13:50:02 [main] DEBUG o.s.b.f.s.DefaultListableBeanFactory - Autowiring by type from bean name 'viewControllerHandlerMapping' via factory method to bean named 'mvcConversionService'
2026-02-25 13:50:02 [main] DEBUG o.s.b.f.s.DefaultListableBeanFactory - Autowiring by type from bean name 'viewControllerHandlerMapping' via factory method to bean named 'mvcResourceUrlProvider'
2026-02-25 13:50:02 [main] DEBUG o.s.b.f.s.DefaultListableBeanFactory - Creating shared instance of singleton bean 'beanNameHandlerMapping'
2026-02-25 13:50:02 [main] DEBUG o.s.b.f.s.DefaultListableBeanFactory - Autowiring by type from bean name 'beanNameHandlerMapping' via factory method to bean named 'mvcConversionService'
2026-02-25 13:50:02 [main] DEBUG o.s.b.f.s.DefaultListableBeanFactory - Autowiring by type from bean name 'beanNameHandlerMapping' via factory method to bean named 'mvcResourceUrlProvider'
2026-02-25 13:50:02 [main] DEBUG _.s.w.s.HandlerMapping.Mappings - 'beanNameHandlerMapping' {}
2026-02-25 13:50:02 [main] DEBUG o.s.b.f.s.DefaultListableBeanFactory - Creating shared instance of singleton bean 'routerFunctionMapping'
2026-02-25 13:50:02 [main] DEBUG o.s.b.f.s.DefaultListableBeanFactory - Autowiring by type from bean name 'routerFunctionMapping' via factory method to bean named 'mvcConversionService'
2026-02-25 13:50:02 [main] DEBUG o.s.b.f.s.DefaultListableBeanFactory - Autowiring by type from bean name 'routerFunctionMapping' via factory method to bean named 'mvcResourceUrlProvider'
2026-02-25 13:50:02 [main] DEBUG o.s.b.f.s.DefaultListableBeanFactory - Creating shared instance of singleton bean 'messageConverters'
2026-02-25 13:50:02 [main] DEBUG o.s.b.f.s.DefaultListableBeanFactory - Creating shared instance of singleton bean 'org.springframework.boot.autoconfigure.http.HttpMessageConvertersAutoConfiguration'
2026-02-25 13:50:02 [main] DEBUG o.s.b.f.s.DefaultListableBeanFactory - Creating shared instance of singleton bean 'stringHttpMessageConverter'
2026-02-25 13:50:02 [main] DEBUG o.s.b.f.s.DefaultListableBeanFactory - Creating shared instance of singleton bean 'org.springframework.boot.autoconfigure.http.HttpMessageConvertersAutoConfiguration$StringHttpMessageConverterConfiguration'
2026-02-25 13:50:02 [main] DEBUG o.s.b.f.s.DefaultListableBeanFactory - Autowiring by type from bean name 'stringHttpMessageConverter' via factory method to bean named 'environment'
2026-02-25 13:50:02 [main] DEBUG o.s.b.f.s.DefaultListableBeanFactory - Creating shared instance of singleton bean 'mappingJackson2HttpMessageConverter'
2026-02-25 13:50:02 [main] DEBUG o.s.b.f.s.DefaultListableBeanFactory - Creating shared instance of singleton bean 'org.springframework.boot.autoconfigure.http.JacksonHttpMessageConvertersConfiguration$MappingJackson2HttpMessageConverterConfiguration'
2026-02-25 13:50:02 [main] DEBUG o.s.b.f.s.DefaultListableBeanFactory - Creating shared instance of singleton bean 'jacksonObjectMapper'
2026-02-25 13:50:02 [main] DEBUG o.s.b.f.s.DefaultListableBeanFactory - Creating shared instance of singleton bean 'org.springframework.boot.autoconfigure.jackson.JacksonAutoConfiguration$JacksonObjectMapperConfiguration'
2026-02-25 13:50:02 [main] DEBUG o.s.b.f.s.DefaultListableBeanFactory - Creating shared instance of singleton bean 'org.springframework.boot.autoconfigure.jackson.JacksonAutoConfiguration$JacksonObjectMapperBuilderConfiguration'
2026-02-25 13:50:02 [main] DEBUG o.s.b.f.s.DefaultListableBeanFactory - Creating shared instance of singleton bean 'standardJacksonObjectMapperBuilderCustomizer'
2026-02-25 13:50:02 [main] DEBUG o.s.b.f.s.DefaultListableBeanFactory - Creating shared instance of singleton bean 'org.springframework.boot.autoconfigure.jackson.JacksonAutoConfiguration$Jackson2ObjectMapperBuilderCustomizerConfiguration'
2026-02-25 13:50:02 [main] DEBUG o.s.b.f.s.DefaultListableBeanFactory - Creating shared instance of singleton bean 'spring.jackson-org.springframework.boot.autoconfigure.jackson.JacksonProperties'
2026-02-25 13:50:02 [main] DEBUG o.s.b.f.s.DefaultListableBeanFactory - Autowiring by type from bean name 'standardJacksonObjectMapperBuilderCustomizer' via factory method to bean named 'spring.jackson-org.springframework.boot.autoconfigure.jackson.JacksonProperties'
2026-02-25 13:50:02 [main] DEBUG o.s.b.f.s.DefaultListableBeanFactory - Creating shared instance of singleton bean 'parameterNamesModule'
2026-02-25 13:50:02 [main] DEBUG o.s.b.f.s.DefaultListableBeanFactory - Creating shared instance of singleton bean 'org.springframework.boot.autoconfigure.jackson.JacksonAutoConfiguration$ParameterNamesModuleConfiguration'
2026-02-25 13:50:02 [main] DEBUG o.s.b.f.s.DefaultListableBeanFactory - Creating shared instance of singleton bean 'jsonMixinModule'
2026-02-25 13:50:02 [main] DEBUG o.s.b.f.s.DefaultListableBeanFactory - Creating shared instance of singleton bean 'org.springframework.boot.autoconfigure.jackson.JacksonAutoConfiguration$JacksonMixinConfiguration'
2026-02-25 13:50:02 [main] DEBUG o.s.b.f.s.DefaultListableBeanFactory - Creating shared instance of singleton bean 'jsonMixinModuleEntries'
2026-02-25 13:50:02 [main] DEBUG o.s.b.f.s.DefaultListableBeanFactory - Autowiring by type from bean name 'jsonMixinModuleEntries' via factory method to bean named 'org.springframework.boot.web.servlet.context.AnnotationConfigServletWebServerApplicationContext@2313052e'
2026-02-25 13:50:02 [main] DEBUG o.s.b.f.s.DefaultListableBeanFactory - Autowiring by type from bean name 'jsonMixinModule' via factory method to bean named 'org.springframework.boot.web.servlet.context.AnnotationConfigServletWebServerApplicationContext@2313052e'
2026-02-25 13:50:02 [main] DEBUG o.s.b.f.s.DefaultListableBeanFactory - Autowiring by type from bean name 'jsonMixinModule' via factory method to bean named 'jsonMixinModuleEntries'
2026-02-25 13:50:02 [main] DEBUG o.s.b.f.s.DefaultListableBeanFactory - Creating shared instance of singleton bean 'jsonComponentModule'
2026-02-25 13:50:02 [main] DEBUG o.s.b.f.s.DefaultListableBeanFactory - Creating shared instance of singleton bean 'org.springframework.boot.autoconfigure.jackson.JacksonAutoConfiguration'
2026-02-25 13:50:02 [main] DEBUG o.s.b.f.s.DefaultListableBeanFactory - Creating shared instance of singleton bean 'jacksonGeoModule'
2026-02-25 13:50:02 [main] DEBUG o.s.b.f.s.DefaultListableBeanFactory - Creating shared instance of singleton bean 'org.springframework.data.web.config.SpringDataJacksonConfiguration'
2026-02-25 13:50:02 [main] DEBUG o.s.b.f.s.DefaultListableBeanFactory - Creating shared instance of singleton bean 'pageModule'
2026-02-25 13:50:02 [main] DEBUG o.s.b.f.s.DefaultListableBeanFactory - Autowiring by type from bean name 'jacksonObjectMapperBuilder' via factory method to bean named 'org.springframework.boot.web.servlet.context.AnnotationConfigServletWebServerApplicationContext@2313052e'
2026-02-25 13:50:02 [main] DEBUG o.s.b.f.s.DefaultListableBeanFactory - Autowiring by type from bean name 'jacksonObjectMapperBuilder' via factory method to bean named 'standardJacksonObjectMapperBuilderCustomizer'
2026-02-25 13:50:02 [main] DEBUG o.s.b.f.s.DefaultListableBeanFactory - Autowiring by type from bean name 'jacksonObjectMapper' via factory method to bean named 'jacksonObjectMapperBuilder'
2026-02-25 13:50:02 [main] DEBUG o.s.b.f.s.DefaultListableBeanFactory - Autowiring by type from bean name 'mappingJackson2HttpMessageConverter' via factory method to bean named 'jacksonObjectMapper'
2026-02-25 13:50:02 [main] DEBUG o.s.b.f.s.DefaultListableBeanFactory - Creating shared instance of singleton bean 'resourceHandlerMapping'
2026-02-25 13:50:02 [main] DEBUG o.s.b.f.s.DefaultListableBeanFactory - Autowiring by type from bean name 'resourceHandlerMapping' via factory method to bean named 'mvcContentNegotiationManager'
2026-02-25 13:50:02 [main] DEBUG o.s.b.f.s.DefaultListableBeanFactory - Autowiring by type from bean name 'resourceHandlerMapping' via factory method to bean named 'mvcConversionService'
2026-02-25 13:50:02 [main] DEBUG o.s.b.f.s.DefaultListableBeanFactory - Autowiring by type from bean name 'resourceHandlerMapping' via factory method to bean named 'mvcResourceUrlProvider'
2026-02-25 13:50:02 [main] DEBUG _.s.w.s.HandlerMapping.Mappings - 'resourceHandlerMapping' {/webjars/**=ResourceHttpRequestHandler [classpath [META-INF/resources/webjars/]], /**=ResourceHttpRequestHandler [classpath [META-INF/resources/], classpath [resources/], classpath [static/], classpath [public/], ServletContext [/]], /swagger-ui*/*swagger-initializer.js=ResourceHttpRequestHandler [classpath [META-INF/resources/webjars/]], /swagger-ui*/**=ResourceHttpRequestHandler [classpath [META-INF/resources/webjars/]]}
2026-02-25 13:50:02 [main] DEBUG o.s.b.f.s.DefaultListableBeanFactory - Creating shared instance of singleton bean 'defaultServletHandlerMapping'
2026-02-25 13:50:02 [main] DEBUG o.s.b.f.s.DefaultListableBeanFactory - Creating shared instance of singleton bean 'requestMappingHandlerAdapter'
2026-02-25 13:50:02 [main] DEBUG o.s.b.f.s.DefaultListableBeanFactory - Autowiring by type from bean name 'requestMappingHandlerAdapter' via factory method to bean named 'mvcContentNegotiationManager'
2026-02-25 13:50:02 [main] DEBUG o.s.b.f.s.DefaultListableBeanFactory - Autowiring by type from bean name 'requestMappingHandlerAdapter' via factory method to bean named 'mvcConversionService'
2026-02-25 13:50:02 [main] DEBUG o.s.b.f.s.DefaultListableBeanFactory - Autowiring by type from bean name 'requestMappingHandlerAdapter' via factory method to bean named 'mvcValidator'
2026-02-25 13:50:02 [main] DEBUG o.s.b.f.s.DefaultListableBeanFactory - Creating shared instance of singleton bean 'sortResolver'
2026-02-25 13:50:02 [main] DEBUG o.s.b.f.s.DefaultListableBeanFactory - Creating shared instance of singleton bean 'sortCustomizer'
2026-02-25 13:50:02 [main] DEBUG o.s.b.f.s.DefaultListableBeanFactory - Creating shared instance of singleton bean 'org.springframework.boot.autoconfigure.data.web.SpringDataWebAutoConfiguration'
2026-02-25 13:50:02 [main] DEBUG o.s.b.f.s.DefaultListableBeanFactory - Creating shared instance of singleton bean 'spring.data.web-org.springframework.boot.autoconfigure.data.web.SpringDataWebProperties'
2026-02-25 13:50:02 [main] DEBUG o.s.b.f.s.DefaultListableBeanFactory - Autowiring by type from bean name 'org.springframework.boot.autoconfigure.data.web.SpringDataWebAutoConfiguration' via constructor to bean named 'spring.data.web-org.springframework.boot.autoconfigure.data.web.SpringDataWebProperties'
2026-02-25 13:50:02 [main] DEBUG o.s.b.f.s.DefaultListableBeanFactory - Creating shared instance of singleton bean 'pageableResolver'
2026-02-25 13:50:02 [main] DEBUG o.s.b.f.s.DefaultListableBeanFactory - Creating shared instance of singleton bean 'pageableCustomizer'
2026-02-25 13:50:02 [main] DEBUG o.s.b.f.s.DefaultListableBeanFactory - Creating shared instance of singleton bean 'applicationTaskExecutor'
2026-02-25 13:50:02 [main] DEBUG o.s.b.f.s.DefaultListableBeanFactory - Autowiring by type from bean name 'applicationTaskExecutor' via factory method to bean named 'taskExecutorBuilder'
2026-02-25 13:50:02 [main] DEBUG o.s.s.c.ThreadPoolTaskExecutor - Initializing ExecutorService 'applicationTaskExecutor'
2026-02-25 13:50:02 [main] DEBUG o.s.b.f.s.DefaultListableBeanFactory - Creating shared instance of singleton bean 'org.springdoc.core.configuration.SpringDocConfiguration$OpenApiResourceAdvice'
2026-02-25 13:50:02 [main] DEBUG o.s.b.f.s.DefaultListableBeanFactory - Autowiring by type from bean name 'org.springdoc.core.configuration.SpringDocConfiguration$OpenApiResourceAdvice' via constructor to bean named 'org.springdoc.core.configuration.SpringDocConfiguration'
2026-02-25 13:50:02 [main] DEBUG o.s.w.s.m.m.a.RequestMappingHandlerAdapter - ControllerAdvice beans: 0 @ModelAttribute, 0 @InitBinder, 1 RequestBodyAdvice, 1 ResponseBodyAdvice
2026-02-25 13:50:02 [main] DEBUG o.s.b.f.s.DefaultListableBeanFactory - Creating shared instance of singleton bean 'handlerFunctionAdapter'
2026-02-25 13:50:02 [main] DEBUG o.s.b.f.s.DefaultListableBeanFactory - Creating shared instance of singleton bean 'mvcUriComponentsContributor'
2026-02-25 13:50:02 [main] DEBUG o.s.b.f.s.DefaultListableBeanFactory - Autowiring by type from bean name 'mvcUriComponentsContributor' via factory method to bean named 'mvcConversionService'
2026-02-25 13:50:02 [main] DEBUG o.s.b.f.s.DefaultListableBeanFactory - Autowiring by type from bean name 'mvcUriComponentsContributor' via factory method to bean named 'requestMappingHandlerAdapter'
2026-02-25 13:50:02 [main] DEBUG o.s.b.f.s.DefaultListableBeanFactory - Creating shared instance of singleton bean 'httpRequestHandlerAdapter'
2026-02-25 13:50:02 [main] DEBUG o.s.b.f.s.DefaultListableBeanFactory - Creating shared instance of singleton bean 'simpleControllerHandlerAdapter'
2026-02-25 13:50:02 [main] DEBUG o.s.b.f.s.DefaultListableBeanFactory - Creating shared instance of singleton bean 'handlerExceptionResolver'
2026-02-25 13:50:02 [main] DEBUG o.s.b.f.s.DefaultListableBeanFactory - Autowiring by type from bean name 'handlerExceptionResolver' via factory method to bean named 'mvcContentNegotiationManager'
2026-02-25 13:50:02 [main] DEBUG o.s.w.s.m.m.a.ExceptionHandlerExceptionResolver - ControllerAdvice beans: 2 @ExceptionHandler, 1 ResponseBodyAdvice
2026-02-25 13:50:02 [main] DEBUG o.s.b.f.s.DefaultListableBeanFactory - Creating shared instance of singleton bean 'mvcViewResolver'
2026-02-25 13:50:02 [main] DEBUG o.s.b.f.s.DefaultListableBeanFactory - Autowiring by type from bean name 'mvcViewResolver' via factory method to bean named 'mvcContentNegotiationManager'
2026-02-25 13:50:02 [main] DEBUG o.s.b.f.s.DefaultListableBeanFactory - Creating shared instance of singleton bean 'viewNameTranslator'
2026-02-25 13:50:02 [main] DEBUG o.s.b.f.s.DefaultListableBeanFactory - Creating shared instance of singleton bean 'defaultViewResolver'
2026-02-25 13:50:02 [main] DEBUG o.s.b.f.s.DefaultListableBeanFactory - Creating shared instance of singleton bean 'viewResolver'
2026-02-25 13:50:02 [main] DEBUG o.s.b.f.s.DefaultListableBeanFactory - Autowiring by type from bean name 'viewResolver' via factory method to bean named 'org.springframework.beans.factory.support.DefaultListableBeanFactory@21ec5d87'
2026-02-25 13:50:02 [main] DEBUG o.s.b.f.s.DefaultListableBeanFactory - Creating shared instance of singleton bean 'viewResolver'
2026-02-25 13:50:02 [main] DEBUG o.s.b.f.s.DefaultListableBeanFactory - Creating shared instance of singleton bean 'org.springdoc.core.configuration.SpringDocConfiguration$QuerydslProvider'
2026-02-25 13:50:02 [main] DEBUG o.s.b.f.s.DefaultListableBeanFactory - Creating shared instance of singleton bean 'queryDslQuerydslPredicateOperationCustomizer'
2026-02-25 13:50:02 [main] DEBUG o.s.b.f.s.DefaultListableBeanFactory - Autowiring by type from bean name 'queryDslQuerydslPredicateOperationCustomizer' via factory method to bean named 'org.springdoc.core.properties.SpringDocConfigProperties'
2026-02-25 13:50:02 [main] DEBUG o.s.b.f.s.DefaultListableBeanFactory - Creating shared instance of singleton bean 'org.springdoc.core.configuration.SpringDocConfiguration$SpringDocSpringDataWebPropertiesProvider'
2026-02-25 13:50:02 [main] DEBUG o.s.b.f.s.DefaultListableBeanFactory - Creating shared instance of singleton bean 'springDataWebPropertiesProvider'
2026-02-25 13:50:02 [main] DEBUG o.s.b.f.s.DefaultListableBeanFactory - Creating shared instance of singleton bean 'org.springdoc.core.configuration.SpringDocConfiguration$WebConversionServiceConfiguration'
2026-02-25 13:50:02 [main] DEBUG o.s.b.f.s.DefaultListableBeanFactory - Creating shared instance of singleton bean 'webConversionServiceProvider'
2026-02-25 13:50:02 [main] DEBUG o.s.b.f.s.DefaultListableBeanFactory - Creating shared instance of singleton bean 'localSpringDocParameterNameDiscoverer'
2026-02-25 13:50:02 [main] DEBUG o.s.b.f.s.DefaultListableBeanFactory - Creating shared instance of singleton bean 'additionalModelsConverter'
2026-02-25 13:50:02 [main] DEBUG o.s.b.f.s.DefaultListableBeanFactory - Autowiring by type from bean name 'additionalModelsConverter' via factory method to bean named 'springdocObjectMapperProvider'
2026-02-25 13:50:02 [main] DEBUG o.s.b.f.s.DefaultListableBeanFactory - Creating shared instance of singleton bean 'fileSupportConverter'
2026-02-25 13:50:02 [main] DEBUG o.s.b.f.s.DefaultListableBeanFactory - Autowiring by type from bean name 'fileSupportConverter' via factory method to bean named 'springdocObjectMapperProvider'
2026-02-25 13:50:02 [main] DEBUG o.s.b.f.s.DefaultListableBeanFactory - Creating shared instance of singleton bean 'responseSupportConverter'
2026-02-25 13:50:02 [main] DEBUG o.s.b.f.s.DefaultListableBeanFactory - Autowiring by type from bean name 'responseSupportConverter' via factory method to bean named 'springdocObjectMapperProvider'
2026-02-25 13:50:02 [main] DEBUG o.s.b.f.s.DefaultListableBeanFactory - Creating shared instance of singleton bean 'schemaPropertyDeprecatingConverter'
2026-02-25 13:50:02 [main] DEBUG o.s.b.f.s.DefaultListableBeanFactory - Creating shared instance of singleton bean 'polymorphicModelConverter'
2026-02-25 13:50:02 [main] DEBUG o.s.b.f.s.DefaultListableBeanFactory - Autowiring by type from bean name 'polymorphicModelConverter' via factory method to bean named 'springdocObjectMapperProvider'
2026-02-25 13:50:02 [main] DEBUG o.s.b.f.s.DefaultListableBeanFactory - Creating shared instance of singleton bean 'openAPIBuilder'
2026-02-25 13:50:02 [main] DEBUG o.s.b.f.s.DefaultListableBeanFactory - Creating shared instance of singleton bean 'securityParser'
2026-02-25 13:50:02 [main] DEBUG o.s.b.f.s.DefaultListableBeanFactory - Creating shared instance of singleton bean 'propertyResolverUtils'
2026-02-25 13:50:02 [main] DEBUG o.s.b.f.s.DefaultListableBeanFactory - Autowiring by type from bean name 'propertyResolverUtils' via factory method to bean named 'org.springframework.beans.factory.support.DefaultListableBeanFactory@21ec5d87'
2026-02-25 13:50:02 [main] DEBUG o.s.b.f.s.DefaultListableBeanFactory - Autowiring by type from bean name 'propertyResolverUtils' via factory method to bean named 'messageSource'
2026-02-25 13:50:02 [main] DEBUG o.s.b.f.s.DefaultListableBeanFactory - Autowiring by type from bean name 'propertyResolverUtils' via factory method to bean named 'org.springdoc.core.properties.SpringDocConfigProperties'
2026-02-25 13:50:02 [main] DEBUG o.s.b.f.s.DefaultListableBeanFactory - Autowiring by type from bean name 'securityParser' via factory method to bean named 'propertyResolverUtils'
2026-02-25 13:50:02 [main] DEBUG o.s.b.f.s.DefaultListableBeanFactory - Autowiring by type from bean name 'openAPIBuilder' via factory method to bean named 'securityParser'
2026-02-25 13:50:02 [main] DEBUG o.s.b.f.s.DefaultListableBeanFactory - Autowiring by type from bean name 'openAPIBuilder' via factory method to bean named 'org.springdoc.core.properties.SpringDocConfigProperties'
2026-02-25 13:50:02 [main] DEBUG o.s.b.f.s.DefaultListableBeanFactory - Autowiring by type from bean name 'openAPIBuilder' via factory method to bean named 'propertyResolverUtils'
2026-02-25 13:50:02 [main] DEBUG o.s.b.f.s.DefaultListableBeanFactory - Creating shared instance of singleton bean 'modelConverterRegistrar'
2026-02-25 13:50:02 [main] DEBUG o.s.b.f.s.DefaultListableBeanFactory - Creating shared instance of singleton bean 'pageableOpenAPIConverter'
2026-02-25 13:50:02 [main] DEBUG o.s.b.f.s.DefaultListableBeanFactory - Creating shared instance of singleton bean 'org.springdoc.core.configuration.SpringDocPageableConfiguration'
2026-02-25 13:50:02 [main] DEBUG o.s.b.f.s.DefaultListableBeanFactory - Autowiring by type from bean name 'pageableOpenAPIConverter' via factory method to bean named 'springdocObjectMapperProvider'
2026-02-25 13:50:02 [main] DEBUG o.s.b.f.s.DefaultListableBeanFactory - Creating shared instance of singleton bean 'sortOpenAPIConverter'
2026-02-25 13:50:02 [main] DEBUG o.s.b.f.s.DefaultListableBeanFactory - Creating shared instance of singleton bean 'org.springdoc.core.configuration.SpringDocSortConfiguration'
2026-02-25 13:50:02 [main] DEBUG o.s.b.f.s.DefaultListableBeanFactory - Autowiring by type from bean name 'sortOpenAPIConverter' via factory method to bean named 'springdocObjectMapperProvider'
2026-02-25 13:50:02 [main] DEBUG o.s.b.f.s.DefaultListableBeanFactory - Autowiring by type from bean name 'modelConverterRegistrar' via factory method to bean named 'org.springdoc.core.properties.SpringDocConfigProperties'
2026-02-25 13:50:02 [main] DEBUG o.s.b.f.s.DefaultListableBeanFactory - Creating shared instance of singleton bean 'operationBuilder'
2026-02-25 13:50:02 [main] DEBUG o.s.b.f.s.DefaultListableBeanFactory - Creating shared instance of singleton bean 'parameterBuilder'
2026-02-25 13:50:02 [main] DEBUG o.s.b.f.s.DefaultListableBeanFactory - Creating shared instance of singleton bean 'delegatingMethodParameterCustomizer'
2026-02-25 13:50:02 [main] DEBUG o.s.b.f.s.DefaultListableBeanFactory - Autowiring by type from bean name 'parameterBuilder' via factory method to bean named 'propertyResolverUtils'
2026-02-25 13:50:02 [main] DEBUG o.s.b.f.s.DefaultListableBeanFactory - Autowiring by type from bean name 'parameterBuilder' via factory method to bean named 'springdocObjectMapperProvider'
2026-02-25 13:50:02 [main] DEBUG o.s.b.f.s.DefaultListableBeanFactory - Creating shared instance of singleton bean 'requestBodyBuilder'
2026-02-25 13:50:02 [main] DEBUG o.s.b.f.s.DefaultListableBeanFactory - Autowiring by type from bean name 'requestBodyBuilder' via factory method to bean named 'parameterBuilder'
2026-02-25 13:50:02 [main] DEBUG o.s.b.f.s.DefaultListableBeanFactory - Autowiring by type from bean name 'requestBodyBuilder' via factory method to bean named 'propertyResolverUtils'
2026-02-25 13:50:02 [main] DEBUG o.s.b.f.s.DefaultListableBeanFactory - Autowiring by type from bean name 'operationBuilder' via factory method to bean named 'parameterBuilder'
2026-02-25 13:50:02 [main] DEBUG o.s.b.f.s.DefaultListableBeanFactory - Autowiring by type from bean name 'operationBuilder' via factory method to bean named 'requestBodyBuilder'
2026-02-25 13:50:02 [main] DEBUG o.s.b.f.s.DefaultListableBeanFactory - Autowiring by type from bean name 'operationBuilder' via factory method to bean named 'securityParser'
2026-02-25 13:50:02 [main] DEBUG o.s.b.f.s.DefaultListableBeanFactory - Autowiring by type from bean name 'operationBuilder' via factory method to bean named 'propertyResolverUtils'
2026-02-25 13:50:02 [main] DEBUG o.s.b.f.s.DefaultListableBeanFactory - Creating shared instance of singleton bean 'genericReturnTypeParser'
2026-02-25 13:50:02 [main] DEBUG o.s.b.f.s.DefaultListableBeanFactory - Creating shared instance of singleton bean 'springDocProviders'
2026-02-25 13:50:02 [main] DEBUG o.s.b.f.s.DefaultListableBeanFactory - Creating shared instance of singleton bean 'routerFunctionProvider'
2026-02-25 13:50:02 [main] DEBUG o.s.b.f.s.DefaultListableBeanFactory - Creating shared instance of singleton bean 'org.springdoc.webmvc.core.configuration.SpringDocWebMvcConfiguration$SpringDocWebMvcRouterConfiguration'
2026-02-25 13:50:02 [main] DEBUG o.s.b.f.s.DefaultListableBeanFactory - Autowiring by type from bean name 'springDocProviders' via factory method to bean named 'springdocObjectMapperProvider'
2026-02-25 13:50:02 [main] DEBUG o.s.b.f.s.DefaultListableBeanFactory - Creating shared instance of singleton bean 'springDocCustomizers'
2026-02-25 13:50:02 [main] DEBUG o.s.b.f.s.DefaultListableBeanFactory - Creating shared instance of singleton bean 'org.springdoc.core.configuration.SpringDocUIConfiguration'
2026-02-25 13:50:02 [main] DEBUG o.s.b.f.s.DefaultListableBeanFactory - Creating shared instance of singleton bean 'openApiResource'
2026-02-25 13:50:02 [main] DEBUG o.s.b.f.s.DefaultListableBeanFactory - Creating shared instance of singleton bean 'requestBuilder'
2026-02-25 13:50:02 [main] DEBUG o.s.b.f.s.DefaultListableBeanFactory - Autowiring by type from bean name 'requestBuilder' via factory method to bean named 'parameterBuilder'
2026-02-25 13:50:02 [main] DEBUG o.s.b.f.s.DefaultListableBeanFactory - Autowiring by type from bean name 'requestBuilder' via factory method to bean named 'requestBodyBuilder'
2026-02-25 13:50:02 [main] DEBUG o.s.b.f.s.DefaultListableBeanFactory - Autowiring by type from bean name 'requestBuilder' via factory method to bean named 'operationBuilder'
2026-02-25 13:50:02 [main] DEBUG o.s.b.f.s.DefaultListableBeanFactory - Autowiring by type from bean name 'requestBuilder' via factory method to bean named 'localSpringDocParameterNameDiscoverer'
2026-02-25 13:50:02 [main] DEBUG o.s.b.f.s.DefaultListableBeanFactory - Creating shared instance of singleton bean 'responseBuilder'
2026-02-25 13:50:02 [main] DEBUG o.s.b.f.s.DefaultListableBeanFactory - Autowiring by type from bean name 'responseBuilder' via factory method to bean named 'operationBuilder'
2026-02-25 13:50:02 [main] DEBUG o.s.b.f.s.DefaultListableBeanFactory - Autowiring by type from bean name 'responseBuilder' via factory method to bean named 'genericReturnTypeParser'
2026-02-25 13:50:02 [main] DEBUG o.s.b.f.s.DefaultListableBeanFactory - Autowiring by type from bean name 'responseBuilder' via factory method to bean named 'org.springdoc.core.properties.SpringDocConfigProperties'
2026-02-25 13:50:02 [main] DEBUG o.s.b.f.s.DefaultListableBeanFactory - Autowiring by type from bean name 'responseBuilder' via factory method to bean named 'propertyResolverUtils'
2026-02-25 13:50:02 [main] DEBUG o.s.b.f.s.DefaultListableBeanFactory - Autowiring by type from bean name 'openApiResource' via factory method to bean named 'requestBuilder'
2026-02-25 13:50:02 [main] DEBUG o.s.b.f.s.DefaultListableBeanFactory - Autowiring by type from bean name 'openApiResource' via factory method to bean named 'responseBuilder'
2026-02-25 13:50:02 [main] DEBUG o.s.b.f.s.DefaultListableBeanFactory - Autowiring by type from bean name 'openApiResource' via factory method to bean named 'operationBuilder'
2026-02-25 13:50:02 [main] DEBUG o.s.b.f.s.DefaultListableBeanFactory - Autowiring by type from bean name 'openApiResource' via factory method to bean named 'org.springdoc.core.properties.SpringDocConfigProperties'
2026-02-25 13:50:02 [main] DEBUG o.s.b.f.s.DefaultListableBeanFactory - Autowiring by type from bean name 'openApiResource' via factory method to bean named 'springDocProviders'
2026-02-25 13:50:02 [main] DEBUG o.s.b.f.s.DefaultListableBeanFactory - Autowiring by type from bean name 'openApiResource' via factory method to bean named 'springDocCustomizers'
2026-02-25 13:50:02 [main] DEBUG o.s.b.f.s.DefaultListableBeanFactory - Creating shared instance of singleton bean 'swaggerConfigResource'
2026-02-25 13:50:02 [main] DEBUG o.s.b.f.s.DefaultListableBeanFactory - Autowiring by type from bean name 'swaggerConfigResource' via factory method to bean named 'swaggerWelcome'
2026-02-25 13:50:02 [main] DEBUG o.s.b.f.s.DefaultListableBeanFactory - Creating shared instance of singleton bean 'org.springframework.boot.autoconfigure.jmx.JmxAutoConfiguration'
2026-02-25 13:50:02 [main] DEBUG o.s.b.f.s.DefaultListableBeanFactory - Creating shared instance of singleton bean 'spring.jmx-org.springframework.boot.autoconfigure.jmx.JmxProperties'
2026-02-25 13:50:02 [main] DEBUG o.s.b.f.s.DefaultListableBeanFactory - Autowiring by type from bean name 'org.springframework.boot.autoconfigure.jmx.JmxAutoConfiguration' via constructor to bean named 'spring.jmx-org.springframework.boot.autoconfigure.jmx.JmxProperties'
2026-02-25 13:50:02 [main] DEBUG o.s.b.f.s.DefaultListableBeanFactory - Creating shared instance of singleton bean 'mbeanExporter'
2026-02-25 13:50:02 [main] DEBUG o.s.b.f.s.DefaultListableBeanFactory - Creating shared instance of singleton bean 'objectNamingStrategy'
2026-02-25 13:50:02 [main] DEBUG o.s.b.f.s.DefaultListableBeanFactory - Autowiring by type from bean name 'mbeanExporter' via factory method to bean named 'objectNamingStrategy'
2026-02-25 13:50:02 [main] DEBUG o.s.b.f.s.DefaultListableBeanFactory - Autowiring by type from bean name 'mbeanExporter' via factory method to bean named 'org.springframework.beans.factory.support.DefaultListableBeanFactory@21ec5d87'
2026-02-25 13:50:02 [main] DEBUG o.s.b.f.s.DefaultListableBeanFactory - Creating shared instance of singleton bean 'mbeanServer'
2026-02-25 13:50:02 [main] DEBUG o.s.jmx.support.JmxUtils - Found MBeanServer: com.sun.jmx.mbeanserver.JmxMBeanServer@51016012
2026-02-25 13:50:02 [main] DEBUG o.s.b.f.s.DefaultListableBeanFactory - Creating shared instance of singleton bean 'org.springframework.boot.autoconfigure.admin.SpringApplicationAdminJmxAutoConfiguration'
2026-02-25 13:50:02 [main] DEBUG o.s.b.f.s.DefaultListableBeanFactory - Creating shared instance of singleton bean 'springApplicationAdminRegistrar'
2026-02-25 13:50:02 [main] DEBUG o.s.b.f.s.DefaultListableBeanFactory - Autowiring by type from bean name 'springApplicationAdminRegistrar' via factory method to bean named 'environment'
2026-02-25 13:50:02 [main] DEBUG o.s.b.a.SpringApplicationAdminMXBeanRegistrar$SpringApplicationAdmin - Application Admin MBean registered with name 'org.springframework.boot:type=Admin,name=SpringApplication'
2026-02-25 13:50:02 [main] DEBUG o.s.b.f.s.DefaultListableBeanFactory - Creating shared instance of singleton bean 'org.springframework.boot.autoconfigure.aop.AopAutoConfiguration$AspectJAutoProxyingConfiguration$CglibAutoProxyConfiguration'
2026-02-25 13:50:02 [main] DEBUG o.s.b.f.s.DefaultListableBeanFactory - Creating shared instance of singleton bean 'org.springframework.boot.autoconfigure.aop.AopAutoConfiguration$AspectJAutoProxyingConfiguration'
2026-02-25 13:50:02 [main] DEBUG o.s.b.f.s.DefaultListableBeanFactory - Creating shared instance of singleton bean 'org.springframework.boot.autoconfigure.aop.AopAutoConfiguration'
2026-02-25 13:50:02 [main] DEBUG o.s.b.f.s.DefaultListableBeanFactory - Creating shared instance of singleton bean 'org.springframework.boot.autoconfigure.availability.ApplicationAvailabilityAutoConfiguration'
2026-02-25 13:50:02 [main] DEBUG o.s.b.f.s.DefaultListableBeanFactory - Creating shared instance of singleton bean 'applicationAvailability'
2026-02-25 13:50:02 [main] DEBUG o.s.b.f.s.DefaultListableBeanFactory - Creating shared instance of singleton bean 'org.springframework.boot.autoconfigure.transaction.jta.JtaAutoConfiguration'
2026-02-25 13:50:02 [main] DEBUG o.s.b.f.s.DefaultListableBeanFactory - Creating shared instance of singleton bean 'org.springframework.boot.autoconfigure.jdbc.DataSourceJmxConfiguration$Hikari'
2026-02-25 13:50:02 [main] DEBUG o.s.b.f.s.DefaultListableBeanFactory - Autowiring by type from bean name 'org.springframework.boot.autoconfigure.jdbc.DataSourceJmxConfiguration$Hikari' via constructor to bean named 'dataSource'
2026-02-25 13:50:02 [main] DEBUG o.s.b.f.s.DefaultListableBeanFactory - Creating shared instance of singleton bean 'org.springframework.boot.autoconfigure.jdbc.DataSourceJmxConfiguration'
2026-02-25 13:50:02 [main] DEBUG o.s.b.f.s.DefaultListableBeanFactory - Creating shared instance of singleton bean 'org.springframework.boot.autoconfigure.jdbc.metadata.DataSourcePoolMetadataProvidersConfiguration'
2026-02-25 13:50:02 [main] DEBUG o.s.b.f.s.DefaultListableBeanFactory - Creating shared instance of singleton bean 'org.springframework.boot.autoconfigure.jdbc.DataSourceAutoConfiguration'
2026-02-25 13:50:02 [main] DEBUG o.s.b.f.s.DefaultListableBeanFactory - Creating shared instance of singleton bean 'org.springframework.boot.autoconfigure.transaction.TransactionManagerCustomizationAutoConfiguration'
2026-02-25 13:50:02 [main] DEBUG o.s.b.f.s.DefaultListableBeanFactory - Creating shared instance of singleton bean 'platformTransactionManagerCustomizers'
2026-02-25 13:50:02 [main] DEBUG o.s.b.f.s.DefaultListableBeanFactory - Creating shared instance of singleton bean 'transactionExecutionListeners'
2026-02-25 13:50:02 [main] DEBUG o.s.b.f.s.DefaultListableBeanFactory - Creating shared instance of singleton bean 'spring.transaction-org.springframework.boot.autoconfigure.transaction.TransactionProperties'
2026-02-25 13:50:02 [main] DEBUG o.s.b.f.s.DefaultListableBeanFactory - Creating shared instance of singleton bean 'org.springframework.boot.autoconfigure.orm.jpa.JpaBaseConfiguration$PersistenceManagedTypesConfiguration'
2026-02-25 13:50:02 [main] DEBUG o.s.b.f.s.DefaultListableBeanFactory - Creating shared instance of singleton bean 'transactionManager'
2026-02-25 13:50:02 [main] DEBUG o.s.b.f.s.DefaultListableBeanFactory - Creating shared instance of singleton bean 'org.springframework.boot.autoconfigure.orm.jpa.HibernateJpaAutoConfiguration'
2026-02-25 13:50:02 [main] DEBUG o.s.b.f.s.DefaultListableBeanFactory - Creating shared instance of singleton bean 'org.springframework.boot.autoconfigure.context.ConfigurationPropertiesAutoConfiguration'
2026-02-25 13:50:02 [main] DEBUG o.s.b.f.s.DefaultListableBeanFactory - Creating shared instance of singleton bean 'org.springframework.boot.autoconfigure.context.LifecycleAutoConfiguration'
2026-02-25 13:50:02 [main] DEBUG o.s.b.f.s.DefaultListableBeanFactory - Creating shared instance of singleton bean 'lifecycleProcessor'
2026-02-25 13:50:02 [main] DEBUG o.s.b.f.s.DefaultListableBeanFactory - Creating shared instance of singleton bean 'spring.lifecycle-org.springframework.boot.autoconfigure.context.LifecycleProperties'
2026-02-25 13:50:02 [main] DEBUG o.s.b.f.s.DefaultListableBeanFactory - Autowiring by type from bean name 'lifecycleProcessor' via factory method to bean named 'spring.lifecycle-org.springframework.boot.autoconfigure.context.LifecycleProperties'
2026-02-25 13:50:02 [main] DEBUG o.s.b.f.s.DefaultListableBeanFactory - Creating shared instance of singleton bean 'org.springframework.boot.autoconfigure.dao.PersistenceExceptionTranslationAutoConfiguration'
2026-02-25 13:50:02 [main] DEBUG o.s.b.f.s.DefaultListableBeanFactory - Creating shared instance of singleton bean 'org.springframework.boot.autoconfigure.data.jpa.JpaRepositoriesAutoConfiguration'
2026-02-25 13:50:02 [main] DEBUG o.s.b.f.s.DefaultListableBeanFactory - Creating shared instance of singleton bean 'org.springframework.data.jpa.util.JpaMetamodelCacheCleanup'
2026-02-25 13:50:02 [main] DEBUG o.s.b.f.s.DefaultListableBeanFactory - Creating shared instance of singleton bean 'org.springframework.data.jpa.repository.support.JpaEvaluationContextExtension'
2026-02-25 13:50:02 [main] DEBUG o.s.b.f.s.DefaultListableBeanFactory - Creating shared instance of singleton bean 'data-jpa.repository-aot-processor#0'
2026-02-25 13:50:02 [main] DEBUG o.s.b.f.s.DefaultListableBeanFactory - Creating shared instance of singleton bean 'org.springframework.boot.autoconfigure.http.JacksonHttpMessageConvertersConfiguration'
2026-02-25 13:50:02 [main] DEBUG o.s.b.f.s.DefaultListableBeanFactory - Creating shared instance of singleton bean 'org.springframework.data.web.config.ProjectingArgumentResolverRegistrar'
2026-02-25 13:50:02 [main] DEBUG o.s.b.f.s.DefaultListableBeanFactory - Creating shared instance of singleton bean 'offsetResolver'
2026-02-25 13:50:02 [main] DEBUG o.s.b.f.s.DefaultListableBeanFactory - Creating shared instance of singleton bean 'org.springframework.boot.autoconfigure.info.ProjectInfoAutoConfiguration'
2026-02-25 13:50:02 [main] DEBUG o.s.b.f.s.DefaultListableBeanFactory - Creating shared instance of singleton bean 'spring.info-org.springframework.boot.autoconfigure.info.ProjectInfoProperties'
2026-02-25 13:50:02 [main] DEBUG o.s.b.f.s.DefaultListableBeanFactory - Autowiring by type from bean name 'org.springframework.boot.autoconfigure.info.ProjectInfoAutoConfiguration' via constructor to bean named 'spring.info-org.springframework.boot.autoconfigure.info.ProjectInfoProperties'
2026-02-25 13:50:02 [main] DEBUG o.s.b.f.s.DefaultListableBeanFactory - Creating shared instance of singleton bean 'org.springframework.boot.autoconfigure.jdbc.JdbcTemplateConfiguration'
2026-02-25 13:50:02 [main] DEBUG o.s.b.f.s.DefaultListableBeanFactory - Creating shared instance of singleton bean 'jdbcTemplate'
2026-02-25 13:50:02 [main] DEBUG o.s.b.f.s.DefaultListableBeanFactory - Creating shared instance of singleton bean 'spring.jdbc-org.springframework.boot.autoconfigure.jdbc.JdbcProperties'
2026-02-25 13:50:02 [main] DEBUG o.s.b.f.s.DefaultListableBeanFactory - Autowiring by type from bean name 'jdbcTemplate' via factory method to bean named 'dataSource'
2026-02-25 13:50:02 [main] DEBUG o.s.b.f.s.DefaultListableBeanFactory - Autowiring by type from bean name 'jdbcTemplate' via factory method to bean named 'spring.jdbc-org.springframework.boot.autoconfigure.jdbc.JdbcProperties'
2026-02-25 13:50:02 [main] DEBUG o.s.b.f.s.DefaultListableBeanFactory - Creating shared instance of singleton bean 'org.springframework.boot.autoconfigure.jdbc.NamedParameterJdbcTemplateConfiguration'
2026-02-25 13:50:02 [main] DEBUG o.s.b.f.s.DefaultListableBeanFactory - Creating shared instance of singleton bean 'namedParameterJdbcTemplate'
2026-02-25 13:50:02 [main] DEBUG o.s.b.f.s.DefaultListableBeanFactory - Autowiring by type from bean name 'namedParameterJdbcTemplate' via factory method to bean named 'jdbcTemplate'
2026-02-25 13:50:02 [main] DEBUG o.s.b.f.s.DefaultListableBeanFactory - Creating shared instance of singleton bean 'org.springframework.boot.autoconfigure.jdbc.JdbcTemplateAutoConfiguration'
2026-02-25 13:50:02 [main] DEBUG o.s.b.f.s.DefaultListableBeanFactory - Creating shared instance of singleton bean 'org.springframework.boot.autoconfigure.jdbc.JdbcClientAutoConfiguration'
2026-02-25 13:50:02 [main] DEBUG o.s.b.f.s.DefaultListableBeanFactory - Creating shared instance of singleton bean 'jdbcClient'
2026-02-25 13:50:02 [main] DEBUG o.s.b.f.s.DefaultListableBeanFactory - Autowiring by type from bean name 'jdbcClient' via factory method to bean named 'namedParameterJdbcTemplate'
2026-02-25 13:50:02 [main] DEBUG o.s.b.f.s.DefaultListableBeanFactory - Creating shared instance of singleton bean 'org.springframework.boot.autoconfigure.sql.init.SqlInitializationAutoConfiguration'
2026-02-25 13:50:02 [main] DEBUG o.s.b.f.s.DefaultListableBeanFactory - Creating shared instance of singleton bean 'org.springframework.boot.autoconfigure.task.TaskSchedulingConfigurations$ThreadPoolTaskSchedulerBuilderConfiguration'
2026-02-25 13:50:02 [main] DEBUG o.s.b.f.s.DefaultListableBeanFactory - Creating shared instance of singleton bean 'threadPoolTaskSchedulerBuilder'
2026-02-25 13:50:02 [main] DEBUG o.s.b.f.s.DefaultListableBeanFactory - Creating shared instance of singleton bean 'spring.task.scheduling-org.springframework.boot.autoconfigure.task.TaskSchedulingProperties'
2026-02-25 13:50:02 [main] DEBUG o.s.b.f.s.DefaultListableBeanFactory - Autowiring by type from bean name 'threadPoolTaskSchedulerBuilder' via factory method to bean named 'spring.task.scheduling-org.springframework.boot.autoconfigure.task.TaskSchedulingProperties'
2026-02-25 13:50:02 [main] DEBUG o.s.b.f.s.DefaultListableBeanFactory - Creating shared instance of singleton bean 'org.springframework.boot.autoconfigure.task.TaskSchedulingConfigurations$TaskSchedulerBuilderConfiguration'
2026-02-25 13:50:02 [main] DEBUG o.s.b.f.s.DefaultListableBeanFactory - Creating shared instance of singleton bean 'taskSchedulerBuilder'
2026-02-25 13:50:02 [main] DEBUG o.s.b.f.s.DefaultListableBeanFactory - Autowiring by type from bean name 'taskSchedulerBuilder' via factory method to bean named 'spring.task.scheduling-org.springframework.boot.autoconfigure.task.TaskSchedulingProperties'
2026-02-25 13:50:02 [main] DEBUG o.s.b.f.s.DefaultListableBeanFactory - Creating shared instance of singleton bean 'org.springframework.boot.autoconfigure.task.TaskSchedulingConfigurations$SimpleAsyncTaskSchedulerBuilderConfiguration'
2026-02-25 13:50:02 [main] DEBUG o.s.b.f.s.DefaultListableBeanFactory - Autowiring by type from bean name 'org.springframework.boot.autoconfigure.task.TaskSchedulingConfigurations$SimpleAsyncTaskSchedulerBuilderConfiguration' via constructor to bean named 'spring.task.scheduling-org.springframework.boot.autoconfigure.task.TaskSchedulingProperties'
2026-02-25 13:50:02 [main] DEBUG o.s.b.f.s.DefaultListableBeanFactory - Creating shared instance of singleton bean 'simpleAsyncTaskSchedulerBuilder'
2026-02-25 13:50:02 [main] DEBUG o.s.b.f.s.DefaultListableBeanFactory - Creating shared instance of singleton bean 'org.springframework.boot.autoconfigure.task.TaskSchedulingAutoConfiguration'
2026-02-25 13:50:02 [main] DEBUG o.s.b.f.s.DefaultListableBeanFactory - Creating shared instance of singleton bean 'org.springframework.boot.autoconfigure.jdbc.DataSourceTransactionManagerAutoConfiguration$JdbcTransactionManagerConfiguration'
2026-02-25 13:50:02 [main] DEBUG o.s.b.f.s.DefaultListableBeanFactory - Creating shared instance of singleton bean 'org.springframework.boot.autoconfigure.jdbc.DataSourceTransactionManagerAutoConfiguration'
2026-02-25 13:50:02 [main] DEBUG o.s.b.f.s.DefaultListableBeanFactory - Creating shared instance of singleton bean 'org.springframework.boot.autoconfigure.transaction.TransactionAutoConfiguration$EnableTransactionManagementConfiguration$CglibAutoProxyConfiguration'
2026-02-25 13:50:02 [main] DEBUG o.s.b.f.s.DefaultListableBeanFactory - Creating shared instance of singleton bean 'org.springframework.boot.autoconfigure.transaction.TransactionAutoConfiguration$EnableTransactionManagementConfiguration'
2026-02-25 13:50:02 [main] DEBUG o.s.b.f.s.DefaultListableBeanFactory - Creating shared instance of singleton bean 'org.springframework.boot.autoconfigure.transaction.TransactionAutoConfiguration$TransactionTemplateConfiguration'
2026-02-25 13:50:02 [main] DEBUG o.s.b.f.s.DefaultListableBeanFactory - Creating shared instance of singleton bean 'transactionTemplate'
2026-02-25 13:50:02 [main] DEBUG o.s.b.f.s.DefaultListableBeanFactory - Autowiring by type from bean name 'transactionTemplate' via factory method to bean named 'transactionManager'
2026-02-25 13:50:02 [main] DEBUG o.s.b.f.s.DefaultListableBeanFactory - Creating shared instance of singleton bean 'org.springframework.boot.autoconfigure.transaction.TransactionAutoConfiguration'
2026-02-25 13:50:02 [main] DEBUG o.s.b.f.s.DefaultListableBeanFactory - Creating shared instance of singleton bean 'org.springframework.boot.autoconfigure.web.client.RestClientAutoConfiguration'
2026-02-25 13:50:02 [main] DEBUG o.s.b.f.s.DefaultListableBeanFactory - Creating shared instance of singleton bean 'httpMessageConvertersRestClientCustomizer'
2026-02-25 13:50:02 [main] DEBUG o.s.b.f.s.DefaultListableBeanFactory - Creating shared instance of singleton bean 'restClientSsl'
2026-02-25 13:50:02 [main] DEBUG o.s.b.f.s.DefaultListableBeanFactory - Autowiring by type from bean name 'restClientSsl' via factory method to bean named 'sslBundleRegistry'
2026-02-25 13:50:02 [main] DEBUG o.s.b.f.s.DefaultListableBeanFactory - Creating shared instance of singleton bean 'restClientBuilderConfigurer'
2026-02-25 13:50:02 [main] DEBUG o.s.b.f.s.DefaultListableBeanFactory - Creating shared instance of singleton bean 'org.springframework.boot.autoconfigure.web.client.RestTemplateAutoConfiguration'
2026-02-25 13:50:02 [main] DEBUG o.s.b.f.s.DefaultListableBeanFactory - Creating shared instance of singleton bean 'org.springframework.boot.autoconfigure.web.embedded.EmbeddedWebServerFactoryCustomizerAutoConfiguration'
2026-02-25 13:50:02 [main] DEBUG o.s.b.f.s.DefaultListableBeanFactory - Creating shared instance of singleton bean 'multipartResolver'
2026-02-25 13:50:02 [main] DEBUG o.s.j.e.a.AnnotationMBeanExporter - Registering beans for JMX exposure on startup
2026-02-25 13:50:02 [main] DEBUG o.s.j.e.a.AnnotationMBeanExporter - Auto-detecting user-defined JMX MBeans
2026-02-25 13:50:02 [main] DEBUG o.s.j.e.a.AnnotationMBeanExporter - Bean with name 'dataSource' has been autodetected for JMX exposure
2026-02-25 13:50:02 [main] DEBUG o.s.j.e.a.AnnotationMBeanExporter - Located MBean 'dataSource': registering with JMX server as MBean [com.zaxxer.hikari:name=dataSource,type=HikariDataSource]
2026-02-25 13:50:02 [main] DEBUG o.s.c.s.DefaultLifecycleProcessor - Starting beans in phase -2147483647
2026-02-25 13:50:02 [main] DEBUG o.s.c.s.DefaultLifecycleProcessor - Successfully started bean 'springBootLoggingLifecycle'
2026-02-25 13:50:02 [main] DEBUG o.s.c.s.DefaultLifecycleProcessor - Starting beans in phase 2147481599
2026-02-25 13:50:02 [main] INFO  o.s.b.w.e.tomcat.TomcatWebServer - Tomcat started on port 8080 (http) with context path ''
2026-02-25 13:50:02 [main] DEBUG o.s.c.s.DefaultLifecycleProcessor - Successfully started bean 'webServerStartStop'
2026-02-25 13:50:02 [main] DEBUG o.s.c.s.DefaultLifecycleProcessor - Starting beans in phase 2147482623
2026-02-25 13:50:02 [main] DEBUG o.s.c.s.DefaultLifecycleProcessor - Successfully started bean 'webServerGracefulShutdown'
2026-02-25 13:50:02 [main] DEBUG o.s.c.s.DefaultLifecycleProcessor - Starting beans in phase 2147483647
2026-02-25 13:50:02 [main] DEBUG o.s.b.a.l.ConditionEvaluationReportLogger - 


============================
CONDITIONS EVALUATION REPORT
============================


Positive matches:
-----------------

   AopAutoConfiguration matched:
      - @ConditionalOnProperty (spring.aop.auto=true) matched (OnPropertyCondition)

   AopAutoConfiguration.AspectJAutoProxyingConfiguration matched:
      - @ConditionalOnClass found required class 'org.aspectj.weaver.Advice' (OnClassCondition)

   AopAutoConfiguration.AspectJAutoProxyingConfiguration.CglibAutoProxyConfiguration matched:
      - @ConditionalOnProperty (spring.aop.proxy-target-class=true) matched (OnPropertyCondition)

   ApplicationAvailabilityAutoConfiguration#applicationAvailability matched:
      - @ConditionalOnMissingBean (types: org.springframework.boot.availability.ApplicationAvailability; SearchStrategy: all) did not find any beans (OnBeanCondition)

   DataSourceAutoConfiguration matched:
      - @ConditionalOnClass found required classes 'javax.sql.DataSource', 'org.springframework.jdbc.datasource.embedded.EmbeddedDatabaseType' (OnClassCondition)
      - @ConditionalOnMissingBean (types: io.r2dbc.spi.ConnectionFactory; SearchStrategy: all) did not find any beans (OnBeanCondition)

   DataSourceAutoConfiguration.PooledDataSourceConfiguration matched:
      - AnyNestedCondition 1 matched 1 did not; NestedCondition on DataSourceAutoConfiguration.PooledDataSourceCondition.PooledDataSourceAvailable PooledDataSource found supported DataSource; NestedCondition on DataSourceAutoConfiguration.PooledDataSourceCondition.ExplicitType @ConditionalOnProperty (spring.datasource.type) did not find property 'type' (DataSourceAutoConfiguration.PooledDataSourceCondition)
      - @ConditionalOnMissingBean (types: javax.sql.DataSource,javax.sql.XADataSource; SearchStrategy: all) did not find any beans (OnBeanCondition)

   DataSourceAutoConfiguration.PooledDataSourceConfiguration#jdbcConnectionDetails matched:
      - @ConditionalOnMissingBean (types: org.springframework.boot.autoconfigure.jdbc.JdbcConnectionDetails; SearchStrategy: all) did not find any beans (OnBeanCondition)

   DataSourceConfiguration.Hikari matched:
      - @ConditionalOnClass found required class 'com.zaxxer.hikari.HikariDataSource' (OnClassCondition)
      - @ConditionalOnProperty (spring.datasource.type=com.zaxxer.hikari.HikariDataSource) matched (OnPropertyCondition)
      - @ConditionalOnMissingBean (types: javax.sql.DataSource; SearchStrategy: all) did not find any beans (OnBeanCondition)

   DataSourceInitializationConfiguration matched:
      - @ConditionalOnClass found required class 'org.springframework.jdbc.datasource.init.DatabasePopulator' (OnClassCondition)
      - @ConditionalOnSingleCandidate (types: javax.sql.DataSource; SearchStrategy: all) found a single bean 'dataSource'; @ConditionalOnMissingBean (types: org.springframework.boot.autoconfigure.sql.init.SqlDataSourceScriptDatabaseInitializer,org.springframework.boot.autoconfigure.sql.init.SqlR2dbcScriptDatabaseInitializer; SearchStrategy: all) did not find any beans (OnBeanCondition)

   DataSourceJmxConfiguration matched:
      - @ConditionalOnProperty (spring.jmx.enabled=true) matched (OnPropertyCondition)

   DataSourceJmxConfiguration.Hikari matched:
      - @ConditionalOnClass found required class 'com.zaxxer.hikari.HikariDataSource' (OnClassCondition)
      - @ConditionalOnSingleCandidate (types: javax.sql.DataSource; SearchStrategy: all) found a single bean 'dataSource' (OnBeanCondition)

   DataSourcePoolMetadataProvidersConfiguration.HikariPoolDataSourceMetadataProviderConfiguration matched:
      - @ConditionalOnClass found required class 'com.zaxxer.hikari.HikariDataSource' (OnClassCondition)

   DataSourceTransactionManagerAutoConfiguration matched:
      - @ConditionalOnClass found required classes 'org.springframework.jdbc.core.JdbcTemplate', 'org.springframework.transaction.TransactionManager' (OnClassCondition)

   DataSourceTransactionManagerAutoConfiguration.JdbcTransactionManagerConfiguration matched:
      - @ConditionalOnSingleCandidate (types: javax.sql.DataSource; SearchStrategy: all) found a single bean 'dataSource' (OnBeanCondition)

   DispatcherServletAutoConfiguration matched:
      - @ConditionalOnClass found required class 'org.springframework.web.servlet.DispatcherServlet' (OnClassCondition)
      - found 'session' scope (OnWebApplicationCondition)

   DispatcherServletAutoConfiguration.DispatcherServletConfiguration matched:
      - @ConditionalOnClass found required class 'jakarta.servlet.ServletRegistration' (OnClassCondition)
      - Default DispatcherServlet did not find dispatcher servlet beans (DispatcherServletAutoConfiguration.DefaultDispatcherServletCondition)

   DispatcherServletAutoConfiguration.DispatcherServletRegistrationConfiguration matched:
      - @ConditionalOnClass found required class 'jakarta.servlet.ServletRegistration' (OnClassCondition)
      - DispatcherServlet Registration did not find servlet registration bean (DispatcherServletAutoConfiguration.DispatcherServletRegistrationCondition)

   DispatcherServletAutoConfiguration.DispatcherServletRegistrationConfiguration#dispatcherServletRegistration matched:
      - @ConditionalOnBean (names: dispatcherServlet types: org.springframework.web.servlet.DispatcherServlet; SearchStrategy: all) found bean 'dispatcherServlet' (OnBeanCondition)

   EmbeddedWebServerFactoryCustomizerAutoConfiguration matched:
      - @ConditionalOnWebApplication (required) found 'session' scope (OnWebApplicationCondition)
      - @ConditionalOnWarDeployment the application is not deployed as a WAR file. (OnWarDeploymentCondition)

   EmbeddedWebServerFactoryCustomizerAutoConfiguration.TomcatWebServerFactoryCustomizerConfiguration matched:
      - @ConditionalOnClass found required classes 'org.apache.catalina.startup.Tomcat', 'org.apache.coyote.UpgradeProtocol' (OnClassCondition)

   ErrorMvcAutoConfiguration matched:
      - @ConditionalOnClass found required classes 'jakarta.servlet.Servlet', 'org.springframework.web.servlet.DispatcherServlet' (OnClassCondition)
      - found 'session' scope (OnWebApplicationCondition)

   ErrorMvcAutoConfiguration#basicErrorController matched:
      - @ConditionalOnMissingBean (types: org.springframework.boot.web.servlet.error.ErrorController; SearchStrategy: current) did not find any beans (OnBeanCondition)

   ErrorMvcAutoConfiguration#errorAttributes matched:
      - @ConditionalOnMissingBean (types: org.springframework.boot.web.servlet.error.ErrorAttributes; SearchStrategy: current) did not find any beans (OnBeanCondition)

   ErrorMvcAutoConfiguration.DefaultErrorViewResolverConfiguration#conventionErrorViewResolver matched:
      - @ConditionalOnBean (types: org.springframework.web.servlet.DispatcherServlet; SearchStrategy: all) found bean 'dispatcherServlet'; @ConditionalOnMissingBean (types: org.springframework.boot.autoconfigure.web.servlet.error.ErrorViewResolver; SearchStrategy: all) did not find any beans (OnBeanCondition)

   ErrorMvcAutoConfiguration.WhitelabelErrorViewConfiguration matched:
      - @ConditionalOnProperty (server.error.whitelabel.enabled) matched (OnPropertyCondition)
      - ErrorTemplate Missing did not find error template view (ErrorMvcAutoConfiguration.ErrorTemplateMissingCondition)

   ErrorMvcAutoConfiguration.WhitelabelErrorViewConfiguration#beanNameViewResolver matched:
      - @ConditionalOnMissingBean (types: org.springframework.web.servlet.view.BeanNameViewResolver; SearchStrategy: all) did not find any beans (OnBeanCondition)

   ErrorMvcAutoConfiguration.WhitelabelErrorViewConfiguration#defaultErrorView matched:
      - @ConditionalOnMissingBean (names: error; SearchStrategy: all) did not find any beans (OnBeanCondition)

   GenericCacheConfiguration matched:
      - Cache org.springframework.boot.autoconfigure.cache.GenericCacheConfiguration automatic cache type (CacheCondition)

   H2ConsoleAutoConfiguration matched:
      - @ConditionalOnClass found required class 'org.h2.server.web.JakartaWebServlet' (OnClassCondition)
      - found 'session' scope (OnWebApplicationCondition)
      - @ConditionalOnProperty (spring.h2.console.enabled=true) matched (OnPropertyCondition)

   HibernateJpaAutoConfiguration matched:
      - @ConditionalOnClass found required classes 'org.springframework.orm.jpa.LocalContainerEntityManagerFactoryBean', 'jakarta.persistence.EntityManager', 'org.hibernate.engine.spi.SessionImplementor' (OnClassCondition)

   HibernateJpaConfiguration matched:
      - @ConditionalOnSingleCandidate (types: javax.sql.DataSource; SearchStrategy: all) found a single bean 'dataSource' (OnBeanCondition)

   HttpEncodingAutoConfiguration matched:
      - @ConditionalOnClass found required class 'org.springframework.web.filter.CharacterEncodingFilter' (OnClassCondition)
      - found 'session' scope (OnWebApplicationCondition)
      - @ConditionalOnProperty (server.servlet.encoding.enabled) matched (OnPropertyCondition)

   HttpEncodingAutoConfiguration#characterEncodingFilter matched:
      - @ConditionalOnMissingBean (types: org.springframework.web.filter.CharacterEncodingFilter; SearchStrategy: all) did not find any beans (OnBeanCondition)

   HttpMessageConvertersAutoConfiguration matched:
      - @ConditionalOnClass found required class 'org.springframework.http.converter.HttpMessageConverter' (OnClassCondition)
      - NoneNestedConditions 0 matched 1 did not; NestedCondition on HttpMessageConvertersAutoConfiguration.NotReactiveWebApplicationCondition.ReactiveWebApplication did not find reactive web application classes (HttpMessageConvertersAutoConfiguration.NotReactiveWebApplicationCondition)

   HttpMessageConvertersAutoConfiguration#messageConverters matched:
      - @ConditionalOnMissingBean (types: org.springframework.boot.autoconfigure.http.HttpMessageConverters; SearchStrategy: all) did not find any beans (OnBeanCondition)

   HttpMessageConvertersAutoConfiguration.StringHttpMessageConverterConfiguration matched:
      - @ConditionalOnClass found required class 'org.springframework.http.converter.StringHttpMessageConverter' (OnClassCondition)

   HttpMessageConvertersAutoConfiguration.StringHttpMessageConverterConfiguration#stringHttpMessageConverter matched:
      - @ConditionalOnMissingBean (types: org.springframework.http.converter.StringHttpMessageConverter; SearchStrategy: all) did not find any beans (OnBeanCondition)

   JacksonAutoConfiguration matched:
      - @ConditionalOnClass found required class 'com.fasterxml.jackson.databind.ObjectMapper' (OnClassCondition)

   JacksonAutoConfiguration.Jackson2ObjectMapperBuilderCustomizerConfiguration matched:
      - @ConditionalOnClass found required class 'org.springframework.http.converter.json.Jackson2ObjectMapperBuilder' (OnClassCondition)

   JacksonAutoConfiguration.JacksonObjectMapperBuilderConfiguration matched:
      - @ConditionalOnClass found required class 'org.springframework.http.converter.json.Jackson2ObjectMapperBuilder' (OnClassCondition)

   JacksonAutoConfiguration.JacksonObjectMapperBuilderConfiguration#jacksonObjectMapperBuilder matched:
      - @ConditionalOnMissingBean (types: org.springframework.http.converter.json.Jackson2ObjectMapperBuilder; SearchStrategy: all) did not find any beans (OnBeanCondition)

   JacksonAutoConfiguration.JacksonObjectMapperConfiguration matched:
      - @ConditionalOnClass found required class 'org.springframework.http.converter.json.Jackson2ObjectMapperBuilder' (OnClassCondition)

   JacksonAutoConfiguration.JacksonObjectMapperConfiguration#jacksonObjectMapper matched:
      - @ConditionalOnMissingBean (types: com.fasterxml.jackson.databind.ObjectMapper; SearchStrategy: all) did not find any beans (OnBeanCondition)

   JacksonAutoConfiguration.ParameterNamesModuleConfiguration matched:
      - @ConditionalOnClass found required class 'com.fasterxml.jackson.module.paramnames.ParameterNamesModule' (OnClassCondition)

   JacksonAutoConfiguration.ParameterNamesModuleConfiguration#parameterNamesModule matched:
      - @ConditionalOnMissingBean (types: com.fasterxml.jackson.module.paramnames.ParameterNamesModule; SearchStrategy: all) did not find any beans (OnBeanCondition)

   JacksonHttpMessageConvertersConfiguration.MappingJackson2HttpMessageConverterConfiguration matched:
      - @ConditionalOnClass found required class 'com.fasterxml.jackson.databind.ObjectMapper' (OnClassCondition)
      - @ConditionalOnProperty (spring.mvc.converters.preferred-json-mapper=jackson) matched (OnPropertyCondition)
      - @ConditionalOnBean (types: com.fasterxml.jackson.databind.ObjectMapper; SearchStrategy: all) found bean 'jacksonObjectMapper' (OnBeanCondition)

   JacksonHttpMessageConvertersConfiguration.MappingJackson2HttpMessageConverterConfiguration#mappingJackson2HttpMessageConverter matched:
      - @ConditionalOnMissingBean (types: org.springframework.http.converter.json.MappingJackson2HttpMessageConverter ignored: org.springframework.hateoas.server.mvc.TypeConstrainedMappingJackson2HttpMessageConverter,org.springframework.data.rest.webmvc.alps.AlpsJsonHttpMessageConverter; SearchStrategy: all) did not find any beans (OnBeanCondition)

   JdbcClientAutoConfiguration matched:
      - @ConditionalOnSingleCandidate (types: org.springframework.jdbc.core.namedparam.NamedParameterJdbcTemplate; SearchStrategy: all) found a single bean 'namedParameterJdbcTemplate'; @ConditionalOnMissingBean (types: org.springframework.jdbc.core.simple.JdbcClient; SearchStrategy: all) did not find any beans (OnBeanCondition)

   JdbcTemplateAutoConfiguration matched:
      - @ConditionalOnClass found required classes 'javax.sql.DataSource', 'org.springframework.jdbc.core.JdbcTemplate' (OnClassCondition)
      - @ConditionalOnSingleCandidate (types: javax.sql.DataSource; SearchStrategy: all) found a single bean 'dataSource' (OnBeanCondition)

   JdbcTemplateConfiguration matched:
      - @ConditionalOnMissingBean (types: org.springframework.jdbc.core.JdbcOperations; SearchStrategy: all) did not find any beans (OnBeanCondition)

   JmxAutoConfiguration matched:
      - @ConditionalOnClass found required class 'org.springframework.jmx.export.MBeanExporter' (OnClassCondition)
      - @ConditionalOnProperty (spring.jmx.enabled=true) matched (OnPropertyCondition)

   JmxAutoConfiguration#mbeanExporter matched:
      - @ConditionalOnMissingBean (types: org.springframework.jmx.export.MBeanExporter; SearchStrategy: current) did not find any beans (OnBeanCondition)

   JmxAutoConfiguration#mbeanServer matched:
      - @ConditionalOnMissingBean (types: javax.management.MBeanServer; SearchStrategy: all) did not find any beans (OnBeanCondition)

   JmxAutoConfiguration#objectNamingStrategy matched:
      - @ConditionalOnMissingBean (types: org.springframework.jmx.export.naming.ObjectNamingStrategy; SearchStrategy: current) did not find any beans (OnBeanCondition)

   JpaBaseConfiguration#entityManagerFactory matched:
      - @ConditionalOnMissingBean (types: org.springframework.orm.jpa.LocalContainerEntityManagerFactoryBean,jakarta.persistence.EntityManagerFactory; SearchStrategy: all) did not find any beans (OnBeanCondition)

   JpaBaseConfiguration#entityManagerFactoryBuilder matched:
      - @ConditionalOnMissingBean (types: org.springframework.boot.orm.jpa.EntityManagerFactoryBuilder; SearchStrategy: all) did not find any beans (OnBeanCondition)

   JpaBaseConfiguration#jpaVendorAdapter matched:
      - @ConditionalOnMissingBean (types: org.springframework.orm.jpa.JpaVendorAdapter; SearchStrategy: all) did not find any beans (OnBeanCondition)

   JpaBaseConfiguration#transactionManager matched:
      - @ConditionalOnMissingBean (types: org.springframework.transaction.TransactionManager; SearchStrategy: all) did not find any beans (OnBeanCondition)

   JpaBaseConfiguration.JpaWebConfiguration matched:
      - @ConditionalOnClass found required class 'org.springframework.web.servlet.config.annotation.WebMvcConfigurer' (OnClassCondition)
      - found 'session' scope (OnWebApplicationCondition)
      - @ConditionalOnProperty (spring.jpa.open-in-view=true) matched (OnPropertyCondition)
      - @ConditionalOnMissingBean (types: org.springframework.orm.jpa.support.OpenEntityManagerInViewInterceptor,org.springframework.orm.jpa.support.OpenEntityManagerInViewFilter; SearchStrategy: all) did not find any beans (OnBeanCondition)

   JpaBaseConfiguration.PersistenceManagedTypesConfiguration matched:
      - @ConditionalOnMissingBean (types: org.springframework.orm.jpa.LocalContainerEntityManagerFactoryBean,jakarta.persistence.EntityManagerFactory; SearchStrategy: all) did not find any beans (OnBeanCondition)

   JpaBaseConfiguration.PersistenceManagedTypesConfiguration#persistenceManagedTypes matched:
      - @ConditionalOnMissingBean (types: org.springframework.orm.jpa.persistenceunit.PersistenceManagedTypes; SearchStrategy: all) did not find any beans (OnBeanCondition)

   JpaRepositoriesAutoConfiguration matched:
      - @ConditionalOnClass found required class 'org.springframework.data.jpa.repository.JpaRepository' (OnClassCondition)
      - @ConditionalOnProperty (spring.data.jpa.repositories.enabled=true) matched (OnPropertyCondition)
      - @ConditionalOnBean (types: javax.sql.DataSource; SearchStrategy: all) found bean 'dataSource'; @ConditionalOnMissingBean (types: org.springframework.data.jpa.repository.support.JpaRepositoryFactoryBean,org.springframework.data.jpa.repository.config.JpaRepositoryConfigExtension; SearchStrategy: all) did not find any beans (OnBeanCondition)

   JtaAutoConfiguration matched:
      - @ConditionalOnClass found required class 'jakarta.transaction.Transaction' (OnClassCondition)
      - @ConditionalOnProperty (spring.jta.enabled) matched (OnPropertyCondition)

   LifecycleAutoConfiguration#defaultLifecycleProcessor matched:
      - @ConditionalOnMissingBean (names: lifecycleProcessor; SearchStrategy: current) did not find any beans (OnBeanCondition)

   MultipartAutoConfiguration matched:
      - @ConditionalOnClass found required classes 'jakarta.servlet.Servlet', 'org.springframework.web.multipart.support.StandardServletMultipartResolver', 'jakarta.servlet.MultipartConfigElement' (OnClassCondition)
      - found 'session' scope (OnWebApplicationCondition)
      - @ConditionalOnProperty (spring.servlet.multipart.enabled) matched (OnPropertyCondition)

   MultipartAutoConfiguration#multipartConfigElement matched:
      - @ConditionalOnMissingBean (types: jakarta.servlet.MultipartConfigElement; SearchStrategy: all) did not find any beans (OnBeanCondition)

   MultipartAutoConfiguration#multipartResolver matched:
      - @ConditionalOnMissingBean (types: org.springframework.web.multipart.MultipartResolver; SearchStrategy: all) did not find any beans (OnBeanCondition)

   NamedParameterJdbcTemplateConfiguration matched:
      - @ConditionalOnSingleCandidate (types: org.springframework.jdbc.core.JdbcTemplate; SearchStrategy: all) found a single bean 'jdbcTemplate'; @ConditionalOnMissingBean (types: org.springframework.jdbc.core.namedparam.NamedParameterJdbcOperations; SearchStrategy: all) did not find any beans (OnBeanCondition)

   NoOpCacheConfiguration matched:
      - Cache org.springframework.boot.autoconfigure.cache.NoOpCacheConfiguration automatic cache type (CacheCondition)

   PersistenceExceptionTranslationAutoConfiguration matched:
      - @ConditionalOnClass found required class 'org.springframework.dao.annotation.PersistenceExceptionTranslationPostProcessor' (OnClassCondition)

   PersistenceExceptionTranslationAutoConfiguration#persistenceExceptionTranslationPostProcessor matched:
      - @ConditionalOnProperty (spring.dao.exceptiontranslation.enabled) matched (OnPropertyCondition)
      - @ConditionalOnMissingBean (types: org.springframework.dao.annotation.PersistenceExceptionTranslationPostProcessor; SearchStrategy: all) did not find any beans (OnBeanCondition)

   PropertyPlaceholderAutoConfiguration#propertySourcesPlaceholderConfigurer matched:
      - @ConditionalOnMissingBean (types: org.springframework.context.support.PropertySourcesPlaceholderConfigurer; SearchStrategy: current) did not find any beans (OnBeanCondition)

   RestClientAutoConfiguration matched:
      - @ConditionalOnClass found required class 'org.springframework.web.client.RestClient' (OnClassCondition)
      - NoneNestedConditions 0 matched 1 did not; NestedCondition on NotReactiveWebApplicationCondition.ReactiveWebApplication did not find reactive web application classes (NotReactiveWebApplicationCondition)

   RestClientAutoConfiguration#httpMessageConvertersRestClientCustomizer matched:
      - @ConditionalOnMissingBean (types: org.springframework.boot.autoconfigure.web.client.HttpMessageConvertersRestClientCustomizer; SearchStrategy: all) did not find any beans (OnBeanCondition)

   RestClientAutoConfiguration#restClientBuilder matched:
      - @ConditionalOnMissingBean (types: org.springframework.web.client.RestClient$Builder; SearchStrategy: all) did not find any beans (OnBeanCondition)

   RestClientAutoConfiguration#restClientBuilderConfigurer matched:
      - @ConditionalOnMissingBean (types: org.springframework.boot.autoconfigure.web.client.RestClientBuilderConfigurer; SearchStrategy: all) did not find any beans (OnBeanCondition)

   RestClientAutoConfiguration#restClientSsl matched:
      - @ConditionalOnBean (types: org.springframework.boot.ssl.SslBundles; SearchStrategy: all) found bean 'sslBundleRegistry'; @ConditionalOnMissingBean (types: org.springframework.boot.autoconfigure.web.client.RestClientSsl; SearchStrategy: all) did not find any beans (OnBeanCondition)

   RestTemplateAutoConfiguration matched:
      - @ConditionalOnClass found required class 'org.springframework.web.client.RestTemplate' (OnClassCondition)
      - NoneNestedConditions 0 matched 1 did not; NestedCondition on NotReactiveWebApplicationCondition.ReactiveWebApplication did not find reactive web application classes (NotReactiveWebApplicationCondition)

   RestTemplateAutoConfiguration#restTemplateBuilder matched:
      - @ConditionalOnMissingBean (types: org.springframework.boot.web.client.RestTemplateBuilder; SearchStrategy: all) did not find any beans (OnBeanCondition)

   ServletWebServerFactoryAutoConfiguration matched:
      - @ConditionalOnClass found required class 'jakarta.servlet.ServletRequest' (OnClassCondition)
      - found 'session' scope (OnWebApplicationCondition)

   ServletWebServerFactoryAutoConfiguration#tomcatServletWebServerFactoryCustomizer matched:
      - @ConditionalOnClass found required class 'org.apache.catalina.startup.Tomcat' (OnClassCondition)

   ServletWebServerFactoryConfiguration.EmbeddedTomcat matched:
      - @ConditionalOnClass found required classes 'jakarta.servlet.Servlet', 'org.apache.catalina.startup.Tomcat', 'org.apache.coyote.UpgradeProtocol' (OnClassCondition)
      - @ConditionalOnMissingBean (types: org.springframework.boot.web.servlet.server.ServletWebServerFactory; SearchStrategy: current) did not find any beans (OnBeanCondition)

   SimpleCacheConfiguration matched:
      - Cache org.springframework.boot.autoconfigure.cache.SimpleCacheConfiguration automatic cache type (CacheCondition)

   SpringApplicationAdminJmxAutoConfiguration matched:
      - @ConditionalOnProperty (spring.application.admin.enabled=true) matched (OnPropertyCondition)

   SpringApplicationAdminJmxAutoConfiguration#springApplicationAdminRegistrar matched:
      - @ConditionalOnMissingBean (types: org.springframework.boot.admin.SpringApplicationAdminMXBeanRegistrar; SearchStrategy: all) did not find any beans (OnBeanCondition)

   SpringDataWebAutoConfiguration matched:
      - @ConditionalOnClass found required classes 'org.springframework.data.web.PageableHandlerMethodArgumentResolver', 'org.springframework.web.servlet.config.annotation.WebMvcConfigurer' (OnClassCondition)
      - found 'session' scope (OnWebApplicationCondition)
      - @ConditionalOnMissingBean (types: org.springframework.data.web.PageableHandlerMethodArgumentResolver; SearchStrategy: all) did not find any beans (OnBeanCondition)

   SpringDataWebAutoConfiguration#pageableCustomizer matched:
      - @ConditionalOnMissingBean (types: org.springframework.data.web.config.PageableHandlerMethodArgumentResolverCustomizer; SearchStrategy: all) did not find any beans (OnBeanCondition)

   SpringDataWebAutoConfiguration#sortCustomizer matched:
      - @ConditionalOnMissingBean (types: org.springframework.data.web.config.SortHandlerMethodArgumentResolverCustomizer; SearchStrategy: all) did not find any beans (OnBeanCondition)

   SpringDocConfigProperties matched:
      - @ConditionalOnProperty (springdoc.api-docs.enabled) matched (OnPropertyCondition)
      - @ConditionalOnBean (types: org.springdoc.core.configuration.SpringDocConfiguration; SearchStrategy: all) found bean 'org.springdoc.core.configuration.SpringDocConfiguration' (OnBeanCondition)

   SpringDocConfiguration matched:
      - @ConditionalOnWebApplication (required) found 'session' scope (OnWebApplicationCondition)
      - @ConditionalOnProperty (springdoc.api-docs.enabled) matched (OnPropertyCondition)

   SpringDocConfiguration#fileSupportConverter matched:
      - @ConditionalOnMissingBean (types: org.springdoc.core.converters.FileSupportConverter; SearchStrategy: all) did not find any beans (OnBeanCondition)

   SpringDocConfiguration#openAPIBuilder matched:
      - @ConditionalOnMissingBean (types: org.springdoc.core.service.OpenAPIService; SearchStrategy: all) did not find any beans (OnBeanCondition)

   SpringDocConfiguration#operationBuilder matched:
      - @ConditionalOnMissingBean (types: org.springdoc.core.service.OperationService; SearchStrategy: all) did not find any beans (OnBeanCondition)

   SpringDocConfiguration#parameterBuilder matched:
      - @ConditionalOnMissingBean (types: org.springdoc.core.service.GenericParameterService; SearchStrategy: all) did not find any beans (OnBeanCondition)

   SpringDocConfiguration#polymorphicModelConverter matched:
      - @ConditionalOnProperty (springdoc.model-converters.polymorphic-converter.enabled) matched (OnPropertyCondition)
      - @ConditionalOnMissingBean (types: org.springdoc.core.converters.PolymorphicModelConverter; SearchStrategy: all) did not find any beans (OnBeanCondition)

   SpringDocConfiguration#requestBodyBuilder matched:
      - @ConditionalOnMissingBean (types: org.springdoc.core.service.RequestBodyService; SearchStrategy: all) did not find any beans (OnBeanCondition)

   SpringDocConfiguration#responseSupportConverter matched:
      - @ConditionalOnMissingBean (types: org.springdoc.core.converters.ResponseSupportConverter; SearchStrategy: all) did not find any beans (OnBeanCondition)

   SpringDocConfiguration#schemaPropertyDeprecatingConverter matched:
      - @ConditionalOnProperty (springdoc.model-converters.deprecating-converter.enabled) matched (OnPropertyCondition)
      - @ConditionalOnMissingBean (types: org.springdoc.core.converters.SchemaPropertyDeprecatingConverter; SearchStrategy: all) did not find any beans (OnBeanCondition)

   SpringDocConfiguration#securityParser matched:
      - @ConditionalOnMissingBean (types: org.springdoc.core.service.SecurityService; SearchStrategy: all) did not find any beans (OnBeanCondition)

   SpringDocConfiguration#springDocCustomizers matched:
      - @ConditionalOnMissingBean (types: org.springdoc.core.customizers.SpringDocCustomizers; SearchStrategy: all) did not find any beans (OnBeanCondition)

   SpringDocConfiguration#springDocProviders matched:
      - @ConditionalOnMissingBean (types: org.springdoc.core.providers.SpringDocProviders; SearchStrategy: all) did not find any beans (OnBeanCondition)

   SpringDocConfiguration#springdocObjectMapperProvider matched:
      - @ConditionalOnMissingBean (types: org.springdoc.core.providers.ObjectMapperProvider; SearchStrategy: all) did not find any beans (OnBeanCondition)

   SpringDocConfiguration.QuerydslProvider matched:
      - @ConditionalOnClass found required class 'org.springframework.data.querydsl.binding.QuerydslBindingsFactory' (OnClassCondition)

   SpringDocConfiguration.QuerydslProvider#queryDslQuerydslPredicateOperationCustomizer matched:
      - @ConditionalOnMissingBean (types: org.springdoc.core.customizers.QuerydslPredicateOperationCustomizer; SearchStrategy: all) did not find any beans (OnBeanCondition)

   SpringDocConfiguration.SpringDocSpringDataWebPropertiesProvider matched:
      - @ConditionalOnClass found required class 'org.springframework.boot.autoconfigure.data.web.SpringDataWebProperties' (OnClassCondition)

   SpringDocConfiguration.SpringDocSpringDataWebPropertiesProvider#springDataWebPropertiesProvider matched:
      - @ConditionalOnMissingBean (types: org.springdoc.core.providers.SpringDataWebPropertiesProvider; SearchStrategy: all) did not find any beans (OnBeanCondition)

   SpringDocConfiguration.WebConversionServiceConfiguration matched:
      - @ConditionalOnClass found required class 'org.springframework.boot.autoconfigure.web.format.WebConversionService' (OnClassCondition)

   SpringDocPageableConfiguration matched:
      - @ConditionalOnClass found required class 'org.springframework.data.domain.Pageable' (OnClassCondition)
      - @ConditionalOnWebApplication (required) found 'session' scope (OnWebApplicationCondition)
      - @ConditionalOnProperty (springdoc.api-docs.enabled) matched (OnPropertyCondition)
      - @ConditionalOnBean (types: org.springdoc.core.configuration.SpringDocConfiguration; SearchStrategy: all) found bean 'org.springdoc.core.configuration.SpringDocConfiguration' (OnBeanCondition)

   SpringDocPageableConfiguration#delegatingMethodParameterCustomizer matched:
      - @ConditionalOnMissingBean (types: org.springdoc.core.customizers.DelegatingMethodParameterCustomizer; SearchStrategy: all) did not find any beans (OnBeanCondition)

   SpringDocPageableConfiguration#pageableOpenAPIConverter matched:
      - @ConditionalOnProperty (springdoc.model-converters.pageable-converter.enabled) matched (OnPropertyCondition)
      - @ConditionalOnMissingBean (types: org.springdoc.core.converters.PageableOpenAPIConverter; SearchStrategy: all) did not find any beans (OnBeanCondition)

   SpringDocSortConfiguration matched:
      - @ConditionalOnClass found required class 'org.springframework.data.domain.Sort' (OnClassCondition)
      - @ConditionalOnWebApplication (required) found 'session' scope (OnWebApplicationCondition)
      - @ConditionalOnProperty (springdoc.api-docs.enabled) matched (OnPropertyCondition)
      - @ConditionalOnBean (types: org.springdoc.core.configuration.SpringDocConfiguration; SearchStrategy: all) found bean 'org.springdoc.core.configuration.SpringDocConfiguration' (OnBeanCondition)

   SpringDocSortConfiguration#sortOpenAPIConverter matched:
      - @ConditionalOnProperty (springdoc.sort-converter.enabled) matched (OnPropertyCondition)
      - @ConditionalOnMissingBean (types: org.springdoc.core.converters.SortOpenAPIConverter; SearchStrategy: all) did not find any beans (OnBeanCondition)

   SpringDocUIConfiguration matched:
      - @ConditionalOnWebApplication (required) found 'session' scope (OnWebApplicationCondition)
      - @ConditionalOnBean (types: org.springdoc.core.configuration.SpringDocConfiguration; SearchStrategy: all) found bean 'org.springdoc.core.configuration.SpringDocConfiguration' (OnBeanCondition)

   SpringDocWebMvcConfiguration matched:
      - found 'session' scope (OnWebApplicationCondition)
      - @ConditionalOnProperty (springdoc.api-docs.enabled) matched (OnPropertyCondition)
      - @ConditionalOnBean (types: org.springdoc.core.configuration.SpringDocConfiguration; SearchStrategy: all) found bean 'org.springdoc.core.configuration.SpringDocConfiguration' (OnBeanCondition)

   SpringDocWebMvcConfiguration#openApiResource matched:
      - @ConditionalOnExpression (#{(${springdoc.use-management-port:false} == false ) and ${springdoc.enable-default-api-docs:true}}) resulted in true (OnExpressionCondition)
      - @ConditionalOnMissingBean (types: org.springdoc.webmvc.api.OpenApiWebMvcResource; SearchStrategy: all) did not find any beans (OnBeanCondition)

   SpringDocWebMvcConfiguration#requestBuilder matched:
      - @ConditionalOnMissingBean (types: org.springdoc.webmvc.core.service.RequestService; SearchStrategy: all) did not find any beans (OnBeanCondition)

   SpringDocWebMvcConfiguration#responseBuilder matched:
      - @ConditionalOnMissingBean (types: org.springdoc.core.service.GenericResponseService; SearchStrategy: all) did not find any beans (OnBeanCondition)

   SpringDocWebMvcConfiguration#springWebProvider matched:
      - @ConditionalOnMissingBean (types: org.springdoc.core.providers.SpringWebProvider; SearchStrategy: all) did not find any beans (OnBeanCondition)

   SpringDocWebMvcConfiguration.SpringDocWebMvcRouterConfiguration matched:
      - @ConditionalOnClass found required class 'org.springframework.web.servlet.function.RouterFunction' (OnClassCondition)

   SpringDocWebMvcConfiguration.SpringDocWebMvcRouterConfiguration#routerFunctionProvider matched:
      - @ConditionalOnMissingBean (types: org.springdoc.webmvc.core.providers.RouterFunctionWebMvcProvider; SearchStrategy: all) did not find any beans (OnBeanCondition)

   SqlInitializationAutoConfiguration matched:
      - @ConditionalOnProperty (spring.sql.init.enabled) matched (OnPropertyCondition)
      - NoneNestedConditions 0 matched 1 did not; NestedCondition on SqlInitializationAutoConfiguration.SqlInitializationModeCondition.ModeIsNever @ConditionalOnProperty (spring.sql.init.mode=never) did not find property 'mode' (SqlInitializationAutoConfiguration.SqlInitializationModeCondition)

   SslAutoConfiguration#sslBundleRegistry matched:
      - @ConditionalOnMissingBean (types: org.springframework.boot.ssl.SslBundleRegistry,org.springframework.boot.ssl.SslBundles; SearchStrategy: all) did not find any beans (OnBeanCondition)

   SwaggerConfig matched:
      - found 'session' scope (OnWebApplicationCondition)
      - @ConditionalOnProperty (springdoc.swagger-ui.enabled) matched (OnPropertyCondition)
      - @ConditionalOnBean (types: org.springdoc.core.configuration.SpringDocConfiguration; SearchStrategy: all) found bean 'org.springdoc.core.configuration.SpringDocConfiguration' (OnBeanCondition)

   SwaggerConfig#indexPageTransformer matched:
      - @ConditionalOnMissingBean (types: org.springdoc.webmvc.ui.SwaggerIndexTransformer; SearchStrategy: all) did not find any beans (OnBeanCondition)

   SwaggerConfig#swaggerConfigResource matched:
      - @ConditionalOnProperty (springdoc.use-management-port=false) matched (OnPropertyCondition)
      - @ConditionalOnMissingBean (types: org.springdoc.webmvc.ui.SwaggerConfigResource; SearchStrategy: all) did not find any beans (OnBeanCondition)

   SwaggerConfig#swaggerResourceResolver matched:
      - @ConditionalOnMissingBean (types: org.springdoc.webmvc.ui.SwaggerResourceResolver; SearchStrategy: all) did not find any beans (OnBeanCondition)

   SwaggerConfig#swaggerWebMvcConfigurer matched:
      - @ConditionalOnMissingBean (types: org.springdoc.webmvc.ui.SwaggerWebMvcConfigurer; SearchStrategy: all) did not find any beans (OnBeanCondition)

   SwaggerConfig#swaggerWelcome matched:
      - @ConditionalOnProperty (springdoc.use-management-port=false) matched (OnPropertyCondition)
      - @ConditionalOnMissingBean (types: org.springdoc.webmvc.ui.SwaggerWelcomeWebMvc; SearchStrategy: all) did not find any beans (OnBeanCondition)

   SwaggerUiConfigParameters matched:
      - @ConditionalOnProperty (springdoc.swagger-ui.enabled) matched (OnPropertyCondition)
      - @ConditionalOnBean (types: org.springdoc.core.configuration.SpringDocConfiguration; SearchStrategy: all) found bean 'org.springdoc.core.configuration.SpringDocConfiguration' (OnBeanCondition)

   SwaggerUiConfigProperties matched:
      - @ConditionalOnProperty (springdoc.swagger-ui.enabled) matched (OnPropertyCondition)
      - @ConditionalOnBean (types: org.springdoc.core.configuration.SpringDocConfiguration; SearchStrategy: all) found bean 'org.springdoc.core.configuration.SpringDocConfiguration' (OnBeanCondition)

   SwaggerUiOAuthProperties matched:
      - @ConditionalOnProperty (springdoc.swagger-ui.enabled) matched (OnPropertyCondition)
      - @ConditionalOnBean (types: org.springdoc.core.configuration.SpringDocConfiguration; SearchStrategy: all) found bean 'org.springdoc.core.configuration.SpringDocConfiguration' (OnBeanCondition)

   TaskExecutionAutoConfiguration matched:
      - @ConditionalOnClass found required class 'org.springframework.scheduling.concurrent.ThreadPoolTaskExecutor' (OnClassCondition)

   TaskExecutorConfigurations.SimpleAsyncTaskExecutorBuilderConfiguration#simpleAsyncTaskExecutorBuilder matched:
      - @ConditionalOnMissingBean (types: org.springframework.boot.task.SimpleAsyncTaskExecutorBuilder; SearchStrategy: all) did not find any beans (OnBeanCondition)
      - @ConditionalOnThreading found PLATFORM (OnThreadingCondition)

   TaskExecutorConfigurations.TaskExecutorBuilderConfiguration#taskExecutorBuilder matched:
      - @ConditionalOnMissingBean (types: org.springframework.boot.task.TaskExecutorBuilder; SearchStrategy: all) did not find any beans (OnBeanCondition)

   TaskExecutorConfigurations.TaskExecutorConfiguration matched:
      - @ConditionalOnMissingBean (types: java.util.concurrent.Executor; SearchStrategy: all) did not find any beans (OnBeanCondition)

   TaskExecutorConfigurations.TaskExecutorConfiguration#applicationTaskExecutor matched:
      - @ConditionalOnThreading found PLATFORM (OnThreadingCondition)

   TaskExecutorConfigurations.ThreadPoolTaskExecutorBuilderConfiguration#threadPoolTaskExecutorBuilder matched:
      - @ConditionalOnMissingBean (types: org.springframework.boot.task.TaskExecutorBuilder,org.springframework.boot.task.ThreadPoolTaskExecutorBuilder; SearchStrategy: all) did not find any beans (OnBeanCondition)

   TaskSchedulingAutoConfiguration matched:
      - @ConditionalOnClass found required class 'org.springframework.scheduling.concurrent.ThreadPoolTaskScheduler' (OnClassCondition)

   TaskSchedulingConfigurations.SimpleAsyncTaskSchedulerBuilderConfiguration#simpleAsyncTaskSchedulerBuilder matched:
      - @ConditionalOnMissingBean (types: org.springframework.boot.task.SimpleAsyncTaskSchedulerBuilder; SearchStrategy: all) did not find any beans (OnBeanCondition)
      - @ConditionalOnThreading found PLATFORM (OnThreadingCondition)

   TaskSchedulingConfigurations.TaskSchedulerBuilderConfiguration#taskSchedulerBuilder matched:
      - @ConditionalOnMissingBean (types: org.springframework.boot.task.TaskSchedulerBuilder; SearchStrategy: all) did not find any beans (OnBeanCondition)

   TaskSchedulingConfigurations.ThreadPoolTaskSchedulerBuilderConfiguration#threadPoolTaskSchedulerBuilder matched:
      - @ConditionalOnMissingBean (types: org.springframework.boot.task.TaskSchedulerBuilder,org.springframework.boot.task.ThreadPoolTaskSchedulerBuilder; SearchStrategy: all) did not find any beans (OnBeanCondition)

   TransactionAutoConfiguration matched:
      - @ConditionalOnClass found required class 'org.springframework.transaction.PlatformTransactionManager' (OnClassCondition)

   TransactionAutoConfiguration.EnableTransactionManagementConfiguration matched:
      - @ConditionalOnBean (types: org.springframework.transaction.TransactionManager; SearchStrategy: all) found bean 'transactionManager'; @ConditionalOnMissingBean (types: org.springframework.transaction.annotation.AbstractTransactionManagementConfiguration; SearchStrategy: all) did not find any beans (OnBeanCondition)

   TransactionAutoConfiguration.EnableTransactionManagementConfiguration.CglibAutoProxyConfiguration matched:
      - @ConditionalOnProperty (spring.aop.proxy-target-class=true) matched (OnPropertyCondition)

   TransactionAutoConfiguration.TransactionTemplateConfiguration matched:
      - @ConditionalOnSingleCandidate (types: org.springframework.transaction.PlatformTransactionManager; SearchStrategy: all) found a single bean 'transactionManager' (OnBeanCondition)

   TransactionAutoConfiguration.TransactionTemplateConfiguration#transactionTemplate matched:
      - @ConditionalOnMissingBean (types: org.springframework.transaction.support.TransactionOperations; SearchStrategy: all) did not find any beans (OnBeanCondition)

   TransactionManagerCustomizationAutoConfiguration matched:
      - @ConditionalOnClass found required class 'org.springframework.transaction.PlatformTransactionManager' (OnClassCondition)

   TransactionManagerCustomizationAutoConfiguration#platformTransactionManagerCustomizers matched:
      - @ConditionalOnMissingBean (types: org.springframework.boot.autoconfigure.transaction.TransactionManagerCustomizers; SearchStrategy: all) did not find any beans (OnBeanCondition)

   ValidationAutoConfiguration matched:
      - @ConditionalOnClass found required class 'jakarta.validation.executable.ExecutableValidator' (OnClassCondition)
      - @ConditionalOnResource found location classpath:META-INF/services/jakarta.validation.spi.ValidationProvider (OnResourceCondition)

   ValidationAutoConfiguration#defaultValidator matched:
      - @ConditionalOnMissingBean (types: jakarta.validation.Validator; SearchStrategy: all) did not find any beans (OnBeanCondition)

   ValidationAutoConfiguration#methodValidationPostProcessor matched:
      - @ConditionalOnMissingBean (types: org.springframework.validation.beanvalidation.MethodValidationPostProcessor; SearchStrategy: current) did not find any beans (OnBeanCondition)

   WebMvcAutoConfiguration matched:
      - @ConditionalOnClass found required classes 'jakarta.servlet.Servlet', 'org.springframework.web.servlet.DispatcherServlet', 'org.springframework.web.servlet.config.annotation.WebMvcConfigurer' (OnClassCondition)
      - found 'session' scope (OnWebApplicationCondition)
      - @ConditionalOnMissingBean (types: org.springframework.web.servlet.config.annotation.WebMvcConfigurationSupport; SearchStrategy: all) did not find any beans (OnBeanCondition)

   WebMvcAutoConfiguration#formContentFilter matched:
      - @ConditionalOnProperty (spring.mvc.formcontent.filter.enabled) matched (OnPropertyCondition)
      - @ConditionalOnMissingBean (types: org.springframework.web.filter.FormContentFilter; SearchStrategy: all) did not find any beans (OnBeanCondition)

   WebMvcAutoConfiguration.EnableWebMvcConfiguration#flashMapManager matched:
      - @ConditionalOnMissingBean (names: flashMapManager; SearchStrategy: all) did not find any beans (OnBeanCondition)

   WebMvcAutoConfiguration.EnableWebMvcConfiguration#localeResolver matched:
      - @ConditionalOnMissingBean (names: localeResolver; SearchStrategy: all) did not find any beans (OnBeanCondition)

   WebMvcAutoConfiguration.EnableWebMvcConfiguration#themeResolver matched:
      - @ConditionalOnMissingBean (names: themeResolver; SearchStrategy: all) did not find any beans (OnBeanCondition)

   WebMvcAutoConfiguration.WebMvcAutoConfigurationAdapter#defaultViewResolver matched:
      - @ConditionalOnMissingBean (types: org.springframework.web.servlet.view.InternalResourceViewResolver; SearchStrategy: all) did not find any beans (OnBeanCondition)

   WebMvcAutoConfiguration.WebMvcAutoConfigurationAdapter#requestContextFilter matched:
      - @ConditionalOnMissingBean (types: org.springframework.web.context.request.RequestContextListener,org.springframework.web.filter.RequestContextFilter; SearchStrategy: all) did not find any beans (OnBeanCondition)

   WebMvcAutoConfiguration.WebMvcAutoConfigurationAdapter#viewResolver matched:
      - @ConditionalOnBean (types: org.springframework.web.servlet.ViewResolver; SearchStrategy: all) found beans 'defaultViewResolver', 'beanNameViewResolver', 'mvcViewResolver'; @ConditionalOnMissingBean (names: viewResolver types: org.springframework.web.servlet.view.ContentNegotiatingViewResolver; SearchStrategy: all) did not find any beans (OnBeanCondition)

   WebSocketServletAutoConfiguration matched:
      - @ConditionalOnClass found required classes 'jakarta.servlet.Servlet', 'jakarta.websocket.server.ServerContainer' (OnClassCondition)
      - found 'session' scope (OnWebApplicationCondition)

   WebSocketServletAutoConfiguration.TomcatWebSocketConfiguration matched:
      - @ConditionalOnClass found required classes 'org.apache.catalina.startup.Tomcat', 'org.apache.tomcat.websocket.server.WsSci' (OnClassCondition)

   WebSocketServletAutoConfiguration.TomcatWebSocketConfiguration#websocketServletWebServerCustomizer matched:
      - @ConditionalOnMissingBean (names: websocketServletWebServerCustomizer; SearchStrategy: all) did not find any beans (OnBeanCondition)


Negative matches:
-----------------

   ActiveMQAutoConfiguration:
      Did not match:
         - @ConditionalOnClass did not find required class 'jakarta.jms.ConnectionFactory' (OnClassCondition)

   AopAutoConfiguration.AspectJAutoProxyingConfiguration.JdkDynamicAutoProxyConfiguration:
      Did not match:
         - @ConditionalOnProperty (spring.aop.proxy-target-class=false) did not find property 'proxy-target-class' (OnPropertyCondition)

   AopAutoConfiguration.ClassProxyingConfiguration:
      Did not match:
         - @ConditionalOnMissingClass found unwanted class 'org.aspectj.weaver.Advice' (OnClassCondition)

   ArtemisAutoConfiguration:
      Did not match:
         - @ConditionalOnClass did not find required class 'jakarta.jms.ConnectionFactory' (OnClassCondition)

   BatchAutoConfiguration:
      Did not match:
         - @ConditionalOnClass did not find required class 'org.springframework.batch.core.launch.JobLauncher' (OnClassCondition)

   Cache2kCacheConfiguration:
      Did not match:
         - @ConditionalOnClass did not find required class 'org.cache2k.Cache2kBuilder' (OnClassCondition)

   CacheAutoConfiguration:
      Did not match:
         - @ConditionalOnBean (types: org.springframework.cache.interceptor.CacheAspectSupport; SearchStrategy: all) did not find any beans of type org.springframework.cache.interceptor.CacheAspectSupport (OnBeanCondition)
      Matched:
         - @ConditionalOnClass found required class 'org.springframework.cache.CacheManager' (OnClassCondition)

   CacheAutoConfiguration.CacheManagerEntityManagerFactoryDependsOnPostProcessor:
      Did not match:
         - Ancestor org.springframework.boot.autoconfigure.cache.CacheAutoConfiguration did not match (ConditionEvaluationReport.AncestorsMatchedCondition)
      Matched:
         - @ConditionalOnClass found required class 'org.springframework.orm.jpa.LocalContainerEntityManagerFactoryBean' (OnClassCondition)

   CaffeineCacheConfiguration:
      Did not match:
         - @ConditionalOnClass did not find required class 'com.github.benmanes.caffeine.cache.Caffeine' (OnClassCondition)

   CassandraAutoConfiguration:
      Did not match:
         - @ConditionalOnClass did not find required class 'com.datastax.oss.driver.api.core.CqlSession' (OnClassCondition)

   CassandraDataAutoConfiguration:
      Did not match:
         - @ConditionalOnClass did not find required class 'com.datastax.oss.driver.api.core.CqlSession' (OnClassCondition)

   CassandraReactiveDataAutoConfiguration:
      Did not match:
         - @ConditionalOnClass did not find required class 'com.datastax.oss.driver.api.core.CqlSession' (OnClassCondition)

   CassandraReactiveRepositoriesAutoConfiguration:
      Did not match:
         - @ConditionalOnClass did not find required class 'org.springframework.data.cassandra.ReactiveSession' (OnClassCondition)

   CassandraRepositoriesAutoConfiguration:
      Did not match:
         - @ConditionalOnClass did not find required class 'com.datastax.oss.driver.api.core.CqlSession' (OnClassCondition)

   ClientHttpConnectorAutoConfiguration:
      Did not match:
         - @ConditionalOnClass did not find required class 'org.springframework.web.reactive.function.client.WebClient' (OnClassCondition)

   CodecsAutoConfiguration:
      Did not match:
         - @ConditionalOnClass did not find required class 'org.springframework.web.reactive.function.client.WebClient' (OnClassCondition)

   CouchbaseAutoConfiguration:
      Did not match:
         - @ConditionalOnClass did not find required class 'com.couchbase.client.java.Cluster' (OnClassCondition)

   CouchbaseCacheConfiguration:
      Did not match:
         - @ConditionalOnClass did not find required class 'com.couchbase.client.java.Cluster' (OnClassCondition)

   CouchbaseDataAutoConfiguration:
      Did not match:
         - @ConditionalOnClass did not find required class 'com.couchbase.client.java.Bucket' (OnClassCondition)

   CouchbaseReactiveDataAutoConfiguration:
      Did not match:
         - @ConditionalOnClass did not find required class 'com.couchbase.client.java.Cluster' (OnClassCondition)

   CouchbaseReactiveRepositoriesAutoConfiguration:
      Did not match:
         - @ConditionalOnClass did not find required class 'com.couchbase.client.java.Cluster' (OnClassCondition)

   CouchbaseRepositoriesAutoConfiguration:
      Did not match:
         - @ConditionalOnClass did not find required class 'com.couchbase.client.java.Bucket' (OnClassCondition)

   DataSourceAutoConfiguration.EmbeddedDatabaseConfiguration:
      Did not match:
         - EmbeddedDataSource spring.datasource.url is set (DataSourceAutoConfiguration.EmbeddedDatabaseCondition)

   DataSourceCheckpointRestoreConfiguration:
      Did not match:
         - @ConditionalOnClass did not find required class 'org.crac.Resource' (OnClassCondition)

   DataSourceConfiguration.Dbcp2:
      Did not match:
         - @ConditionalOnClass did not find required class 'org.apache.commons.dbcp2.BasicDataSource' (OnClassCondition)

   DataSourceConfiguration.Generic:
      Did not match:
         - @ConditionalOnProperty (spring.datasource.type) did not find property 'spring.datasource.type' (OnPropertyCondition)

   DataSourceConfiguration.OracleUcp:
      Did not match:
         - @ConditionalOnClass did not find required classes 'oracle.ucp.jdbc.PoolDataSourceImpl', 'oracle.jdbc.OracleConnection' (OnClassCondition)

   DataSourceConfiguration.Tomcat:
      Did not match:
         - @ConditionalOnClass did not find required class 'org.apache.tomcat.jdbc.pool.DataSource' (OnClassCondition)

   DataSourceJmxConfiguration.TomcatDataSourceJmxConfiguration:
      Did not match:
         - @ConditionalOnClass did not find required class 'org.apache.tomcat.jdbc.pool.DataSourceProxy' (OnClassCondition)

   DataSourcePoolMetadataProvidersConfiguration.CommonsDbcp2PoolDataSourceMetadataProviderConfiguration:
      Did not match:
         - @ConditionalOnClass did not find required class 'org.apache.commons.dbcp2.BasicDataSource' (OnClassCondition)

   DataSourcePoolMetadataProvidersConfiguration.OracleUcpPoolDataSourceMetadataProviderConfiguration:
      Did not match:
         - @ConditionalOnClass did not find required classes 'oracle.ucp.jdbc.PoolDataSource', 'oracle.jdbc.OracleConnection' (OnClassCondition)

   DataSourcePoolMetadataProvidersConfiguration.TomcatDataSourcePoolMetadataProviderConfiguration:
      Did not match:
         - @ConditionalOnClass did not find required class 'org.apache.tomcat.jdbc.pool.DataSource' (OnClassCondition)

   DataSourceTransactionManagerAutoConfiguration.JdbcTransactionManagerConfiguration#transactionManager:
      Did not match:
         - @ConditionalOnMissingBean (types: org.springframework.transaction.TransactionManager; SearchStrategy: all) found beans of type 'org.springframework.transaction.TransactionManager' transactionManager (OnBeanCondition)

   DispatcherServletAutoConfiguration.DispatcherServletConfiguration#multipartResolver:
      Did not match:
         - @ConditionalOnBean (types: org.springframework.web.multipart.MultipartResolver; SearchStrategy: all) did not find any beans of type org.springframework.web.multipart.MultipartResolver (OnBeanCondition)

   ElasticsearchClientAutoConfiguration:
      Did not match:
         - @ConditionalOnClass did not find required class 'co.elastic.clients.elasticsearch.ElasticsearchClient' (OnClassCondition)

   ElasticsearchDataAutoConfiguration:
      Did not match:
         - @ConditionalOnClass did not find required class 'org.springframework.data.elasticsearch.client.elc.ElasticsearchTemplate' (OnClassCondition)

   ElasticsearchRepositoriesAutoConfiguration:
      Did not match:
         - @ConditionalOnClass did not find required class 'org.springframework.data.elasticsearch.repository.ElasticsearchRepository' (OnClassCondition)

   ElasticsearchRestClientAutoConfiguration:
      Did not match:
         - @ConditionalOnClass did not find required class 'org.elasticsearch.client.RestClientBuilder' (OnClassCondition)

   EmbeddedLdapAutoConfiguration:
      Did not match:
         - @ConditionalOnClass did not find required class 'com.unboundid.ldap.listener.InMemoryDirectoryServer' (OnClassCondition)

   EmbeddedWebServerFactoryCustomizerAutoConfiguration.JettyWebServerFactoryCustomizerConfiguration:
      Did not match:
         - @ConditionalOnClass did not find required classes 'org.eclipse.jetty.server.Server', 'org.eclipse.jetty.util.Loader', 'org.eclipse.jetty.ee10.webapp.WebAppContext' (OnClassCondition)

   EmbeddedWebServerFactoryCustomizerAutoConfiguration.NettyWebServerFactoryCustomizerConfiguration:
      Did not match:
         - @ConditionalOnClass did not find required class 'reactor.netty.http.server.HttpServer' (OnClassCondition)

   EmbeddedWebServerFactoryCustomizerAutoConfiguration.TomcatWebServerFactoryCustomizerConfiguration#tomcatVirtualThreadsProtocolHandlerCustomizer:
      Did not match:
         - @ConditionalOnThreading did not find VIRTUAL (OnThreadingCondition)

   EmbeddedWebServerFactoryCustomizerAutoConfiguration.UndertowWebServerFactoryCustomizerConfiguration:
      Did not match:
         - @ConditionalOnClass did not find required classes 'io.undertow.Undertow', 'org.xnio.SslClientAuthMode' (OnClassCondition)

   ErrorWebFluxAutoConfiguration:
      Did not match:
         - @ConditionalOnClass did not find required class 'org.springframework.web.reactive.config.WebFluxConfigurer' (OnClassCondition)

   FlywayAutoConfiguration:
      Did not match:
         - @ConditionalOnClass did not find required class 'org.flywaydb.core.Flyway' (OnClassCondition)

   FreeMarkerAutoConfiguration:
      Did not match:
         - @ConditionalOnClass did not find required class 'freemarker.template.Configuration' (OnClassCondition)

   GraphQlAutoConfiguration:
      Did not match:
         - @ConditionalOnClass did not find required class 'graphql.GraphQL' (OnClassCondition)

   GraphQlQueryByExampleAutoConfiguration:
      Did not match:
         - @ConditionalOnClass did not find required class 'graphql.GraphQL' (OnClassCondition)

   GraphQlQuerydslAutoConfiguration:
      Did not match:
         - @ConditionalOnClass did not find required class 'com.querydsl.core.Query' (OnClassCondition)

   GraphQlRSocketAutoConfiguration:
      Did not match:
         - @ConditionalOnClass did not find required class 'graphql.GraphQL' (OnClassCondition)

   GraphQlReactiveQueryByExampleAutoConfiguration:
      Did not match:
         - @ConditionalOnClass did not find required class 'graphql.GraphQL' (OnClassCondition)

   GraphQlReactiveQuerydslAutoConfiguration:
      Did not match:
         - @ConditionalOnClass did not find required class 'com.querydsl.core.Query' (OnClassCondition)

   GraphQlWebFluxAutoConfiguration:
      Did not match:
         - @ConditionalOnClass did not find required class 'graphql.GraphQL' (OnClassCondition)

   GraphQlWebFluxSecurityAutoConfiguration:
      Did not match:
         - @ConditionalOnClass did not find required class 'graphql.GraphQL' (OnClassCondition)

   GraphQlWebMvcAutoConfiguration:
      Did not match:
         - @ConditionalOnClass did not find required class 'graphql.GraphQL' (OnClassCondition)

   GraphQlWebMvcSecurityAutoConfiguration:
      Did not match:
         - @ConditionalOnClass did not find required class 'graphql.GraphQL' (OnClassCondition)

   GroovyTemplateAutoConfiguration:
      Did not match:
         - @ConditionalOnClass did not find required class 'groovy.text.markup.MarkupTemplateEngine' (OnClassCondition)

   GsonAutoConfiguration:
      Did not match:
         - @ConditionalOnClass did not find required class 'com.google.gson.Gson' (OnClassCondition)

   GsonHttpMessageConvertersConfiguration:
      Did not match:
         - @ConditionalOnClass did not find required class 'com.google.gson.Gson' (OnClassCondition)

   HazelcastAutoConfiguration:
      Did not match:
         - @ConditionalOnClass did not find required class 'com.hazelcast.core.HazelcastInstance' (OnClassCondition)

   HazelcastCacheConfiguration:
      Did not match:
         - @ConditionalOnClass did not find required class 'com.hazelcast.core.HazelcastInstance' (OnClassCondition)

   HazelcastJpaDependencyAutoConfiguration:
      Did not match:
         - @ConditionalOnClass did not find required class 'com.hazelcast.core.HazelcastInstance' (OnClassCondition)

   HttpHandlerAutoConfiguration:
      Did not match:
         - @ConditionalOnClass did not find required class 'org.springframework.web.reactive.DispatcherHandler' (OnClassCondition)

   HypermediaAutoConfiguration:
      Did not match:
         - @ConditionalOnClass did not find required class 'org.springframework.hateoas.EntityModel' (OnClassCondition)

   InfinispanCacheConfiguration:
      Did not match:
         - @ConditionalOnClass did not find required class 'org.infinispan.spring.embedded.provider.SpringEmbeddedCacheManager' (OnClassCondition)

   InfluxDbAutoConfiguration:
      Did not match:
         - @ConditionalOnClass did not find required class 'org.influxdb.InfluxDB' (OnClassCondition)

   IntegrationAutoConfiguration:
      Did not match:
         - @ConditionalOnClass did not find required class 'org.springframework.integration.config.EnableIntegration' (OnClassCondition)

   JCacheCacheConfiguration:
      Did not match:
         - @ConditionalOnClass did not find required class 'javax.cache.Caching' (OnClassCondition)

   JacksonHttpMessageConvertersConfiguration.MappingJackson2XmlHttpMessageConverterConfiguration:
      Did not match:
         - @ConditionalOnClass did not find required class 'com.fasterxml.jackson.dataformat.xml.XmlMapper' (OnClassCondition)

   JdbcRepositoriesAutoConfiguration:
      Did not match:
         - @ConditionalOnClass did not find required class 'org.springframework.data.jdbc.repository.config.AbstractJdbcConfiguration' (OnClassCondition)

   JerseyAutoConfiguration:
      Did not match:
         - @ConditionalOnClass did not find required class 'org.glassfish.jersey.server.spring.SpringComponentProvider' (OnClassCondition)

   JmsAutoConfiguration:
      Did not match:
         - @ConditionalOnClass did not find required class 'jakarta.jms.Message' (OnClassCondition)

   JndiConnectionFactoryAutoConfiguration:
      Did not match:
         - @ConditionalOnClass did not find required class 'org.springframework.jms.core.JmsTemplate' (OnClassCondition)

   JndiDataSourceAutoConfiguration:
      Did not match:
         - @ConditionalOnProperty (spring.datasource.jndi-name) did not find property 'jndi-name' (OnPropertyCondition)
      Matched:
         - @ConditionalOnClass found required classes 'javax.sql.DataSource', 'org.springframework.jdbc.datasource.embedded.EmbeddedDatabaseType' (OnClassCondition)

   JndiJtaConfiguration:
      Did not match:
         - @ConditionalOnJndi JNDI environment is not available (OnJndiCondition)
      Matched:
         - @ConditionalOnClass found required class 'org.springframework.transaction.jta.JtaTransactionManager' (OnClassCondition)

   JooqAutoConfiguration:
      Did not match:
         - @ConditionalOnClass did not find required class 'org.jooq.DSLContext' (OnClassCondition)

   JpaRepositoriesAutoConfiguration#entityManagerFactoryBootstrapExecutorCustomizer:
      Did not match:
         - AnyNestedCondition 0 matched 2 did not; NestedCondition on JpaRepositoriesAutoConfiguration.BootstrapExecutorCondition.LazyBootstrapMode @ConditionalOnProperty (spring.data.jpa.repositories.bootstrap-mode=lazy) did not find property 'bootstrap-mode'; NestedCondition on JpaRepositoriesAutoConfiguration.BootstrapExecutorCondition.DeferredBootstrapMode @ConditionalOnProperty (spring.data.jpa.repositories.bootstrap-mode=deferred) did not find property 'bootstrap-mode' (JpaRepositoriesAutoConfiguration.BootstrapExecutorCondition)

   JsonbAutoConfiguration:
      Did not match:
         - @ConditionalOnClass did not find required class 'jakarta.json.bind.Jsonb' (OnClassCondition)

   JsonbHttpMessageConvertersConfiguration:
      Did not match:
         - @ConditionalOnClass did not find required class 'jakarta.json.bind.Jsonb' (OnClassCondition)

   KafkaAutoConfiguration:
      Did not match:
         - @ConditionalOnClass did not find required class 'org.springframework.kafka.core.KafkaTemplate' (OnClassCondition)

   LdapAutoConfiguration:
      Did not match:
         - @ConditionalOnClass did not find required class 'org.springframework.ldap.core.ContextSource' (OnClassCondition)

   LdapRepositoriesAutoConfiguration:
      Did not match:
         - @ConditionalOnClass did not find required class 'org.springframework.data.ldap.repository.LdapRepository' (OnClassCondition)

   LiquibaseAutoConfiguration:
      Did not match:
         - @ConditionalOnClass did not find required class 'liquibase.change.DatabaseChange' (OnClassCondition)

   MailSenderAutoConfiguration:
      Did not match:
         - @ConditionalOnClass did not find required class 'jakarta.mail.internet.MimeMessage' (OnClassCondition)

   MailSenderValidatorAutoConfiguration:
      Did not match:
         - @ConditionalOnSingleCandidate did not find required type 'org.springframework.mail.javamail.JavaMailSenderImpl' (OnBeanCondition)

   MessageSourceAutoConfiguration:
      Did not match:
         - ResourceBundle did not find bundle with basename messages (MessageSourceAutoConfiguration.ResourceBundleCondition)

   MongoAutoConfiguration:
      Did not match:
         - @ConditionalOnClass did not find required class 'com.mongodb.client.MongoClient' (OnClassCondition)

   MongoDataAutoConfiguration:
      Did not match:
         - @ConditionalOnClass did not find required class 'com.mongodb.client.MongoClient' (OnClassCondition)

   MongoReactiveAutoConfiguration:
      Did not match:
         - @ConditionalOnClass did not find required class 'com.mongodb.reactivestreams.client.MongoClient' (OnClassCondition)

   MongoReactiveDataAutoConfiguration:
      Did not match:
         - @ConditionalOnClass did not find required class 'com.mongodb.reactivestreams.client.MongoClient' (OnClassCondition)

   MongoReactiveRepositoriesAutoConfiguration:
      Did not match:
         - @ConditionalOnClass did not find required class 'com.mongodb.reactivestreams.client.MongoClient' (OnClassCondition)

   MongoRepositoriesAutoConfiguration:
      Did not match:
         - @ConditionalOnClass did not find required class 'com.mongodb.client.MongoClient' (OnClassCondition)

   MultipleOpenApiSupportConfiguration:
      Did not match:
         - AnyNestedCondition 0 matched 2 did not; NestedCondition on MultipleOpenApiSupportCondition.OnActuatorDifferentPort @ConditionalOnProperty (springdoc.show-actuator) did not find property 'springdoc.show-actuator'; NestedCondition on MultipleOpenApiSupportCondition.OnMultipleOpenApiSupportCondition AnyNestedCondition 0 matched 2 did not; NestedCondition on MultipleOpenApiGroupsCondition.OnGroupConfigProperty @ConditionalOnProperty (springdoc.group-configs[0].group) did not find property 'springdoc.group-configs[0].group'; NestedCondition on MultipleOpenApiGroupsCondition.OnGroupedOpenApiBean @ConditionalOnBean (types: org.springdoc.core.models.GroupedOpenApi; SearchStrategy: all) did not find any beans of type org.springdoc.core.models.GroupedOpenApi (MultipleOpenApiSupportCondition)
      Matched:
         - found 'session' scope (OnWebApplicationCondition)
         - @ConditionalOnProperty (springdoc.api-docs.enabled) matched (OnPropertyCondition)

   MultipleOpenApiSupportConfiguration.SpringDocWebMvcActuatorDifferentConfiguration:
      Did not match:
         - @ConditionalOnClass did not find required class 'org.springframework.boot.actuate.endpoint.web.servlet.WebMvcEndpointHandlerMapping' (OnClassCondition)
         - Ancestor org.springdoc.webmvc.core.configuration.MultipleOpenApiSupportConfiguration did not match (ConditionEvaluationReport.AncestorsMatchedCondition)

   MustacheAutoConfiguration:
      Did not match:
         - @ConditionalOnClass did not find required class 'com.samskivert.mustache.Mustache' (OnClassCondition)

   Neo4jAutoConfiguration:
      Did not match:
         - @ConditionalOnClass did not find required class 'org.neo4j.driver.Driver' (OnClassCondition)

   Neo4jDataAutoConfiguration:
      Did not match:
         - @ConditionalOnClass did not find required class 'org.neo4j.driver.Driver' (OnClassCondition)

   Neo4jReactiveDataAutoConfiguration:
      Did not match:
         - @ConditionalOnClass did not find required class 'org.neo4j.driver.Driver' (OnClassCondition)

   Neo4jReactiveRepositoriesAutoConfiguration:
      Did not match:
         - @ConditionalOnClass did not find required class 'org.neo4j.driver.Driver' (OnClassCondition)

   Neo4jRepositoriesAutoConfiguration:
      Did not match:
         - @ConditionalOnClass did not find required class 'org.neo4j.driver.Driver' (OnClassCondition)

   NettyAutoConfiguration:
      Did not match:
         - @ConditionalOnClass did not find required class 'io.netty.util.NettyRuntime' (OnClassCondition)

   OAuth2AuthorizationServerAutoConfiguration:
      Did not match:
         - @ConditionalOnClass did not find required class 'org.springframework.security.oauth2.server.authorization.OAuth2Authorization' (OnClassCondition)

   OAuth2AuthorizationServerJwtAutoConfiguration:
      Did not match:
         - @ConditionalOnClass did not find required class 'org.springframework.security.oauth2.server.authorization.OAuth2Authorization' (OnClassCondition)

   OAuth2ClientAutoConfiguration:
      Did not match:
         - @ConditionalOnClass did not find required class 'org.springframework.security.config.annotation.web.configuration.EnableWebSecurity' (OnClassCondition)

   OAuth2ResourceServerAutoConfiguration:
      Did not match:
         - @ConditionalOnClass did not find required class 'org.springframework.security.oauth2.server.resource.authentication.BearerTokenAuthenticationToken' (OnClassCondition)

   ProjectInfoAutoConfiguration#buildProperties:
      Did not match:
         - @ConditionalOnResource did not find resource '${spring.info.build.location:classpath:META-INF/build-info.properties}' (OnResourceCondition)

   ProjectInfoAutoConfiguration#gitProperties:
      Did not match:
         - GitResource did not find git info at classpath:git.properties (ProjectInfoAutoConfiguration.GitResourceAvailableCondition)

   PulsarAutoConfiguration:
      Did not match:
         - @ConditionalOnClass did not find required class 'org.apache.pulsar.client.api.PulsarClient' (OnClassCondition)

   PulsarReactiveAutoConfiguration:
      Did not match:
         - @ConditionalOnClass did not find required class 'org.apache.pulsar.client.api.PulsarClient' (OnClassCondition)

   QuartzAutoConfiguration:
      Did not match:
         - @ConditionalOnClass did not find required class 'org.quartz.Scheduler' (OnClassCondition)

   R2dbcAutoConfiguration:
      Did not match:
         - @ConditionalOnClass did not find required class 'io.r2dbc.spi.ConnectionFactory' (OnClassCondition)

   R2dbcDataAutoConfiguration:
      Did not match:
         - @ConditionalOnClass did not find required class 'org.springframework.data.r2dbc.core.R2dbcEntityTemplate' (OnClassCondition)

   R2dbcInitializationConfiguration:
      Did not match:
         - @ConditionalOnClass did not find required classes 'io.r2dbc.spi.ConnectionFactory', 'org.springframework.r2dbc.connection.init.DatabasePopulator' (OnClassCondition)

   R2dbcRepositoriesAutoConfiguration:
      Did not match:
         - @ConditionalOnClass did not find required class 'io.r2dbc.spi.ConnectionFactory' (OnClassCondition)

   R2dbcTransactionManagerAutoConfiguration:
      Did not match:
         - @ConditionalOnClass did not find required class 'org.springframework.r2dbc.connection.R2dbcTransactionManager' (OnClassCondition)

   RSocketGraphQlClientAutoConfiguration:
      Did not match:
         - @ConditionalOnClass did not find required class 'graphql.GraphQL' (OnClassCondition)

   RSocketMessagingAutoConfiguration:
      Did not match:
         - @ConditionalOnClass did not find required class 'io.rsocket.RSocket' (OnClassCondition)

   RSocketRequesterAutoConfiguration:
      Did not match:
         - @ConditionalOnClass did not find required class 'io.rsocket.RSocket' (OnClassCondition)

   RSocketSecurityAutoConfiguration:
      Did not match:
         - @ConditionalOnClass did not find required class 'org.springframework.security.rsocket.core.SecuritySocketAcceptorInterceptor' (OnClassCondition)

   RSocketServerAutoConfiguration:
      Did not match:
         - @ConditionalOnClass did not find required class 'io.rsocket.core.RSocketServer' (OnClassCondition)

   RSocketStrategiesAutoConfiguration:
      Did not match:
         - @ConditionalOnClass did not find required class 'io.netty.buffer.PooledByteBufAllocator' (OnClassCondition)

   RabbitAutoConfiguration:
      Did not match:
         - @ConditionalOnClass did not find required class 'com.rabbitmq.client.Channel' (OnClassCondition)

   ReactiveElasticsearchClientAutoConfiguration:
      Did not match:
         - @ConditionalOnClass did not find required class 'co.elastic.clients.transport.ElasticsearchTransport' (OnClassCondition)

   ReactiveElasticsearchRepositoriesAutoConfiguration:
      Did not match:
         - @ConditionalOnClass did not find required class 'org.springframework.data.elasticsearch.client.elc.ReactiveElasticsearchClient' (OnClassCondition)

   ReactiveMultipartAutoConfiguration:
      Did not match:
         - @ConditionalOnClass did not find required class 'org.springframework.web.reactive.config.WebFluxConfigurer' (OnClassCondition)

   ReactiveOAuth2ClientAutoConfiguration:
      Did not match:
         - @ConditionalOnClass did not find required class 'reactor.core.publisher.Flux' (OnClassCondition)

   ReactiveOAuth2ResourceServerAutoConfiguration:
      Did not match:
         - @ConditionalOnClass did not find required class 'org.springframework.security.config.annotation.web.reactive.EnableWebFluxSecurity' (OnClassCondition)

   ReactiveSecurityAutoConfiguration:
      Did not match:
         - @ConditionalOnClass did not find required class 'reactor.core.publisher.Flux' (OnClassCondition)

   ReactiveUserDetailsServiceAutoConfiguration:
      Did not match:
         - @ConditionalOnClass did not find required class 'org.springframework.security.authentication.ReactiveAuthenticationManager' (OnClassCondition)

   ReactiveWebServerFactoryAutoConfiguration:
      Did not match:
         - @ConditionalOnWebApplication did not find reactive web application classes (OnWebApplicationCondition)

   ReactorAutoConfiguration:
      Did not match:
         - @ConditionalOnClass did not find required class 'reactor.core.publisher.Hooks' (OnClassCondition)

   RedisAutoConfiguration:
      Did not match:
         - @ConditionalOnClass did not find required class 'org.springframework.data.redis.core.RedisOperations' (OnClassCondition)

   RedisCacheConfiguration:
      Did not match:
         - @ConditionalOnClass did not find required class 'org.springframework.data.redis.connection.RedisConnectionFactory' (OnClassCondition)

   RedisReactiveAutoConfiguration:
      Did not match:
         - @ConditionalOnClass did not find required class 'reactor.core.publisher.Flux' (OnClassCondition)

   RedisRepositoriesAutoConfiguration:
      Did not match:
         - @ConditionalOnClass did not find required class 'org.springframework.data.redis.repository.configuration.EnableRedisRepositories' (OnClassCondition)

   RepositoryRestMvcAutoConfiguration:
      Did not match:
         - @ConditionalOnClass did not find required class 'org.springframework.data.rest.webmvc.config.RepositoryRestMvcConfiguration' (OnClassCondition)

   Saml2RelyingPartyAutoConfiguration:
      Did not match:
         - @ConditionalOnClass did not find required class 'org.springframework.security.saml2.provider.service.registration.RelyingPartyRegistrationRepository' (OnClassCondition)

   SecurityAutoConfiguration:
      Did not match:
         - @ConditionalOnClass did not find required class 'org.springframework.security.authentication.DefaultAuthenticationEventPublisher' (OnClassCondition)

   SecurityFilterAutoConfiguration:
      Did not match:
         - @ConditionalOnClass did not find required class 'org.springframework.security.config.http.SessionCreationPolicy' (OnClassCondition)

   SendGridAutoConfiguration:
      Did not match:
         - @ConditionalOnClass did not find required class 'com.sendgrid.SendGrid' (OnClassCondition)

   ServletWebServerFactoryAutoConfiguration.ForwardedHeaderFilterConfiguration:
      Did not match:
         - @ConditionalOnProperty (server.forward-headers-strategy=framework) did not find property 'server.forward-headers-strategy' (OnPropertyCondition)

   ServletWebServerFactoryConfiguration.EmbeddedJetty:
      Did not match:
         - @ConditionalOnClass did not find required classes 'org.eclipse.jetty.server.Server', 'org.eclipse.jetty.util.Loader', 'org.eclipse.jetty.ee10.webapp.WebAppContext' (OnClassCondition)

   ServletWebServerFactoryConfiguration.EmbeddedUndertow:
      Did not match:
         - @ConditionalOnClass did not find required classes 'io.undertow.Undertow', 'org.xnio.SslClientAuthMode' (OnClassCondition)

   SessionAutoConfiguration:
      Did not match:
         - @ConditionalOnClass did not find required class 'org.springframework.session.Session' (OnClassCondition)

   SpringDocConfiguration#propertiesResolverForSchema:
      Did not match:
         - @ConditionalOnProperty (springdoc.api-docs.resolve-schema-properties) did not find property 'springdoc.api-docs.resolve-schema-properties' (OnPropertyCondition)

   SpringDocConfiguration#propertyCustomizingConverter:
      Did not match:
         - @ConditionalOnBean (types: org.springdoc.core.customizers.PropertyCustomizer; SearchStrategy: all) did not find any beans of type org.springdoc.core.customizers.PropertyCustomizer (OnBeanCondition)

   SpringDocConfiguration#springdocBeanFactoryPostProcessor:
      Did not match:
         - AnyNestedCondition 0 matched 2 did not; NestedCondition on CacheOrGroupedOpenApiCondition.OnCacheDisabled found non-matching nested conditions @ConditionalOnProperty (springdoc.cache.disabled) did not find property 'springdoc.cache.disabled'; NestedCondition on CacheOrGroupedOpenApiCondition.OnMultipleOpenApiSupportCondition AnyNestedCondition 0 matched 2 did not; NestedCondition on MultipleOpenApiSupportCondition.OnActuatorDifferentPort @ConditionalOnProperty (springdoc.show-actuator) did not find property 'springdoc.show-actuator'; NestedCondition on MultipleOpenApiSupportCondition.OnMultipleOpenApiSupportCondition AnyNestedCondition 0 matched 2 did not; NestedCondition on MultipleOpenApiGroupsCondition.OnGroupConfigProperty @ConditionalOnProperty (springdoc.group-configs[0].group) did not find property 'springdoc.group-configs[0].group'; NestedCondition on MultipleOpenApiGroupsCondition.OnGroupedOpenApiBean @ConditionalOnBean (types: org.springdoc.core.models.GroupedOpenApi; SearchStrategy: all) did not find any beans of type org.springdoc.core.models.GroupedOpenApi (CacheOrGroupedOpenApiCondition)
      Matched:
         - @ConditionalOnClass found required class 'org.springframework.boot.context.properties.bind.BindResult' (OnClassCondition)

   SpringDocConfiguration#springdocBeanFactoryPostProcessor2:
      Did not match:
         - @ConditionalOnMissingClass found unwanted class 'org.springframework.boot.context.properties.bind.BindResult' (OnClassCondition)

   SpringDocConfiguration.SpringDocActuatorConfiguration:
      Did not match:
         - @ConditionalOnClass did not find required class 'org.springframework.boot.actuate.autoconfigure.endpoint.web.WebEndpointProperties' (OnClassCondition)

   SpringDocConfiguration.SpringDocRepositoryRestConfiguration:
      Did not match:
         - @ConditionalOnClass did not find required class 'org.springframework.data.rest.core.config.RepositoryRestConfiguration' (OnClassCondition)

   SpringDocConfiguration.SpringDocWebFluxSupportConfiguration:
      Did not match:
         - @ConditionalOnClass did not find required class 'reactor.core.publisher.Flux' (OnClassCondition)

   SpringDocDataRestConfiguration:
      Did not match:
         - @ConditionalOnClass did not find required class 'org.springframework.data.rest.core.config.RepositoryRestConfiguration' (OnClassCondition)

   SpringDocFunctionCatalogConfiguration:
      Did not match:
         - @ConditionalOnClass did not find required class 'org.springframework.cloud.function.web.function.FunctionEndpointInitializer' (OnClassCondition)

   SpringDocGroovyConfiguration:
      Did not match:
         - @ConditionalOnClass did not find required class 'groovy.lang.MetaClass' (OnClassCondition)

   SpringDocHateoasConfiguration:
      Did not match:
         - @ConditionalOnClass did not find required class 'org.springframework.hateoas.server.LinkRelationProvider' (OnClassCondition)

   SpringDocJacksonKotlinModuleConfiguration:
      Did not match:
         - @ConditionalOnClass did not find required class 'com.fasterxml.jackson.module.kotlin.KotlinModule' (OnClassCondition)

   SpringDocJavadocConfiguration:
      Did not match:
         - @ConditionalOnClass did not find required class 'com.github.therapi.runtimejavadoc.CommentFormatter' (OnClassCondition)

   SpringDocKotlinConfiguration:
      Did not match:
         - @ConditionalOnClass did not find required class 'kotlin.coroutines.Continuation' (OnClassCondition)

   SpringDocKotlinxConfiguration:
      Did not match:
         - @ConditionalOnClass did not find required class 'kotlinx.coroutines.flow.Flow' (OnClassCondition)

   SpringDocSecurityConfiguration:
      Did not match:
         - @ConditionalOnClass did not find required class 'org.springframework.security.web.SecurityFilterChain' (OnClassCondition)

   SpringDocSortConfiguration#delegatingMethodParameterCustomizer:
      Did not match:
         - @ConditionalOnMissingBean (types: org.springdoc.core.customizers.DelegatingMethodParameterCustomizer; SearchStrategy: all) found beans of type 'org.springdoc.core.customizers.DelegatingMethodParameterCustomizer' delegatingMethodParameterCustomizer (OnBeanCondition)

   SpringDocWebMvcConfiguration.SpringDocWebMvcActuatorConfiguration:
      Did not match:
         - @ConditionalOnClass did not find required class 'org.springframework.boot.actuate.endpoint.web.servlet.WebMvcEndpointHandlerMapping' (OnClassCondition)

   SwaggerConfig#springWebProvider:
      Did not match:
         - @ConditionalOnMissingBean (types: org.springdoc.core.providers.SpringWebProvider; SearchStrategy: all) found beans of type 'org.springdoc.core.providers.SpringWebProvider' springWebProvider (OnBeanCondition)

   SwaggerConfig#swaggerUiConfigParameters:
      Did not match:
         - @ConditionalOnMissingBean (types: org.springdoc.core.properties.SwaggerUiConfigParameters; SearchStrategy: all) found beans of type 'org.springdoc.core.properties.SwaggerUiConfigParameters' org.springdoc.core.properties.SwaggerUiConfigParameters (OnBeanCondition)

   SwaggerConfig#swaggerUiHome:
      Did not match:
         - @ConditionalOnProperty (springdoc.swagger-ui.use-root-path=true) did not find property 'springdoc.swagger-ui.use-root-path' (OnPropertyCondition)

   SwaggerConfig.SwaggerActuatorWelcomeConfiguration:
      Did not match:
         - @ConditionalOnClass did not find required class 'org.springframework.boot.actuate.endpoint.web.servlet.WebMvcEndpointHandlerMapping' (OnClassCondition)

   TaskExecutorConfigurations.SimpleAsyncTaskExecutorBuilderConfiguration#simpleAsyncTaskExecutorBuilderVirtualThreads:
      Did not match:
         - @ConditionalOnMissingBean (types: org.springframework.boot.task.SimpleAsyncTaskExecutorBuilder; SearchStrategy: all) found beans of type 'org.springframework.boot.task.SimpleAsyncTaskExecutorBuilder' simpleAsyncTaskExecutorBuilder (OnBeanCondition)

   TaskExecutorConfigurations.TaskExecutorConfiguration#applicationTaskExecutorVirtualThreads:
      Did not match:
         - @ConditionalOnThreading did not find VIRTUAL (OnThreadingCondition)

   TaskSchedulingAutoConfiguration#scheduledBeanLazyInitializationExcludeFilter:
      Did not match:
         - @ConditionalOnBean (names: org.springframework.context.annotation.internalScheduledAnnotationProcessor; SearchStrategy: all) did not find any beans named org.springframework.context.annotation.internalScheduledAnnotationProcessor (OnBeanCondition)

   TaskSchedulingConfigurations.SimpleAsyncTaskSchedulerBuilderConfiguration#simpleAsyncTaskSchedulerBuilderVirtualThreads:
      Did not match:
         - @ConditionalOnMissingBean (types: org.springframework.boot.task.SimpleAsyncTaskSchedulerBuilder; SearchStrategy: all) found beans of type 'org.springframework.boot.task.SimpleAsyncTaskSchedulerBuilder' simpleAsyncTaskSchedulerBuilder (OnBeanCondition)

   TaskSchedulingConfigurations.TaskSchedulerConfiguration:
      Did not match:
         - @ConditionalOnBean (names: org.springframework.context.annotation.internalScheduledAnnotationProcessor; SearchStrategy: all) did not find any beans named org.springframework.context.annotation.internalScheduledAnnotationProcessor (OnBeanCondition)

   ThymeleafAutoConfiguration:
      Did not match:
         - @ConditionalOnClass did not find required class 'org.thymeleaf.spring6.SpringTemplateEngine' (OnClassCondition)

   TransactionAutoConfiguration#transactionalOperator:
      Did not match:
         - @ConditionalOnSingleCandidate (types: org.springframework.transaction.ReactiveTransactionManager; SearchStrategy: all) did not find any beans (OnBeanCondition)

   TransactionAutoConfiguration.AspectJTransactionManagementConfiguration:
      Did not match:
         - @ConditionalOnBean (types: org.springframework.transaction.aspectj.AbstractTransactionAspect; SearchStrategy: all) did not find any beans of type org.springframework.transaction.aspectj.AbstractTransactionAspect (OnBeanCondition)

   TransactionAutoConfiguration.EnableTransactionManagementConfiguration.JdkDynamicAutoProxyConfiguration:
      Did not match:
         - @ConditionalOnProperty (spring.aop.proxy-target-class=false) did not find property 'proxy-target-class' (OnPropertyCondition)

   UserDetailsServiceAutoConfiguration:
      Did not match:
         - @ConditionalOnClass did not find required class 'org.springframework.security.authentication.AuthenticationManager' (OnClassCondition)

   WebClientAutoConfiguration:
      Did not match:
         - @ConditionalOnClass did not find required class 'org.springframework.web.reactive.function.client.WebClient' (OnClassCondition)

   WebFluxAutoConfiguration:
      Did not match:
         - @ConditionalOnClass did not find required class 'org.springframework.web.reactive.config.WebFluxConfigurer' (OnClassCondition)

   WebMvcAutoConfiguration#hiddenHttpMethodFilter:
      Did not match:
         - @ConditionalOnProperty (spring.mvc.hiddenmethod.filter.enabled) did not find property 'enabled' (OnPropertyCondition)

   WebMvcAutoConfiguration.ProblemDetailsErrorHandlingConfiguration:
      Did not match:
         - @ConditionalOnProperty (spring.mvc.problemdetails.enabled=true) did not find property 'enabled' (OnPropertyCondition)

   WebMvcAutoConfiguration.ResourceChainCustomizerConfiguration:
      Did not match:
         - @ConditionalOnEnabledResourceChain did not find class org.webjars.WebJarAssetLocator (OnEnabledResourceChainCondition)

   WebMvcAutoConfiguration.WebMvcAutoConfigurationAdapter#beanNameViewResolver:
      Did not match:
         - @ConditionalOnMissingBean (types: org.springframework.web.servlet.view.BeanNameViewResolver; SearchStrategy: all) found beans of type 'org.springframework.web.servlet.view.BeanNameViewResolver' beanNameViewResolver (OnBeanCondition)

   WebServiceTemplateAutoConfiguration:
      Did not match:
         - @ConditionalOnClass did not find required class 'org.springframework.oxm.Marshaller' (OnClassCondition)

   WebServicesAutoConfiguration:
      Did not match:
         - @ConditionalOnClass did not find required class 'org.springframework.ws.transport.http.MessageDispatcherServlet' (OnClassCondition)

   WebSessionIdResolverAutoConfiguration:
      Did not match:
         - @ConditionalOnClass did not find required class 'reactor.core.publisher.Mono' (OnClassCondition)

   WebSocketMessagingAutoConfiguration:
      Did not match:
         - @ConditionalOnClass did not find required class 'org.springframework.web.socket.config.annotation.WebSocketMessageBrokerConfigurer' (OnClassCondition)

   WebSocketReactiveAutoConfiguration:
      Did not match:
         - @ConditionalOnWebApplication did not find reactive web application classes (OnWebApplicationCondition)

   WebSocketServletAutoConfiguration.JettyWebSocketConfiguration:
      Did not match:
         - @ConditionalOnClass did not find required class 'org.eclipse.jetty.ee10.websocket.jakarta.server.config.JakartaWebSocketServletContainerInitializer' (OnClassCondition)

   WebSocketServletAutoConfiguration.UndertowWebSocketConfiguration:
      Did not match:
         - @ConditionalOnClass did not find required class 'io.undertow.websockets.jsr.Bootstrap' (OnClassCondition)

   XADataSourceAutoConfiguration:
      Did not match:
         - @ConditionalOnBean (types: org.springframework.boot.jdbc.XADataSourceWrapper; SearchStrategy: all) did not find any beans of type org.springframework.boot.jdbc.XADataSourceWrapper (OnBeanCondition)
      Matched:
         - @ConditionalOnClass found required classes 'javax.sql.DataSource', 'jakarta.transaction.TransactionManager', 'org.springframework.jdbc.datasource.embedded.EmbeddedDatabaseType' (OnClassCondition)


Exclusions:
-----------

    None


Unconditional classes:
----------------------

    org.springframework.boot.autoconfigure.context.ConfigurationPropertiesAutoConfiguration

    org.springframework.boot.autoconfigure.ssl.SslAutoConfiguration

    org.springframework.boot.autoconfigure.context.PropertyPlaceholderAutoConfiguration

    org.springframework.boot.autoconfigure.context.LifecycleAutoConfiguration

    org.springdoc.core.configuration.SpringDocSpecPropertiesConfiguration

    org.springframework.boot.autoconfigure.availability.ApplicationAvailabilityAutoConfiguration

    org.springframework.boot.autoconfigure.info.ProjectInfoAutoConfiguration



2026-02-25 13:50:02 [main] INFO  c.t.TaskManagementServiceApplication - Started TaskManagementServiceApplication in 3.53 seconds (process running for 4.007)
2026-02-25 13:50:02 [main] DEBUG o.s.b.a.ApplicationAvailabilityBean - Application availability state LivenessState changed to CORRECT
2026-02-25 13:50:02 [main] DEBUG o.s.b.a.ApplicationAvailabilityBean - Application availability state ReadinessState changed to ACCEPTING_TRAFFIC
2026-02-25 13:50:02 [RMI TCP Connection(1)-10.2.3.185] DEBUG sun.rmi.transport.tcp - RMI TCP Connection(1)-10.2.3.185: (port 57284) op = 82
2026-02-25 13:50:02 [RMI TCP Connection(1)-10.2.3.185] DEBUG sun.rmi.transport.tcp - RMI TCP Connection(1)-10.2.3.185: (port 57284) op = 80
2026-02-25 13:50:02 [RMI TCP Connection(1)-10.2.3.185] DEBUG sun.rmi.transport.tcp - RMI TCP Connection(1)-10.2.3.185: (port 57284) op = 82
2026-02-25 13:50:02 [RMI TCP Connection(1)-10.2.3.185] DEBUG sun.rmi.transport.tcp - RMI TCP Connection(1)-10.2.3.185: (port 57284) op = 80
2026-02-25 13:50:02 [RMI TCP Connection(1)-10.2.3.185] DEBUG sun.rmi.loader - RMI TCP Connection(1)-10.2.3.185: name = "[Ljava.rmi.server.ObjID;", codebase = "", defaultLoader = jdk.internal.loader.ClassLoaders$PlatformClassLoader@2f727d39
2026-02-25 13:50:02 [RMI TCP Connection(1)-10.2.3.185] DEBUG sun.rmi.loader - RMI TCP Connection(1)-10.2.3.185: name = "java.rmi.server.ObjID", codebase = "", defaultLoader = jdk.internal.loader.ClassLoaders$PlatformClassLoader@2f727d39
2026-02-25 13:50:02 [RMI TCP Connection(1)-10.2.3.185] DEBUG sun.rmi.loader - RMI TCP Connection(1)-10.2.3.185: name = "java.rmi.server.UID", codebase = "", defaultLoader = jdk.internal.loader.ClassLoaders$PlatformClassLoader@2f727d39
2026-02-25 13:50:02 [RMI TCP Connection(1)-10.2.3.185] DEBUG sun.rmi.loader - RMI TCP Connection(1)-10.2.3.185: name = "java.rmi.dgc.Lease", codebase = "", defaultLoader = jdk.internal.loader.ClassLoaders$PlatformClassLoader@2f727d39
2026-02-25 13:50:02 [RMI TCP Connection(1)-10.2.3.185] DEBUG sun.rmi.loader - RMI TCP Connection(1)-10.2.3.185: name = "java.rmi.dgc.VMID", codebase = "", defaultLoader = jdk.internal.loader.ClassLoaders$PlatformClassLoader@2f727d39
2026-02-25 13:50:02 [RMI TCP Connection(1)-10.2.3.185] DEBUG sun.rmi.loader - RMI TCP Connection(1)-10.2.3.185: name = "[B", codebase = "", defaultLoader = jdk.internal.loader.ClassLoaders$PlatformClassLoader@2f727d39
2026-02-25 13:50:02 [RMI TCP Connection(1)-10.2.3.185] DEBUG sun.rmi.transport.tcp - RMI TCP Connection(1)-10.2.3.185: (port 57284) op = 84
2026-02-25 13:50:02 [RMI TCP Connection(1)-10.2.3.185] DEBUG sun.rmi.transport.tcp - RMI TCP Connection(1)-10.2.3.185: (port 57284) op = 80
2026-02-25 13:50:02 [RMI TCP Connection(1)-10.2.3.185] DEBUG sun.rmi.transport.tcp - RMI TCP Connection(1)-10.2.3.185: (port 57284) op = 80
2026-02-25 13:50:02 [RMI TCP Connection(1)-10.2.3.185] DEBUG sun.rmi.loader - RMI TCP Connection(1)-10.2.3.185: name = "javax.management.ObjectName", codebase = ""
2026-02-25 13:50:02 [RMI TCP Connection(1)-10.2.3.185] DEBUG javax.management.remote.rmi - connectionId=rmi://10.2.3.185  7, name=org.springframework.boot:type=Admin,name=SpringApplication, attribute=Ready
2026-02-25 13:50:02 [RMI TCP Connection(1)-10.2.3.185] DEBUG sun.rmi.transport.tcp - RMI TCP Connection(1)-10.2.3.185: (port 57284) op = 80
2026-02-25 13:50:02 [RMI TCP Connection(1)-10.2.3.185] DEBUG javax.management.remote.rmi - [javax.management.remote.rmi.RMIConnectionImpl@7cfdf14d: connectionId=rmi://10.2.3.185  7] closing.
2026-02-25 13:50:02 [RMI TCP Connection(1)-10.2.3.185] DEBUG javax.management.remote.rmi - [javax.management.remote.rmi.RMIConnectionImpl@7cfdf14d: connectionId=rmi://10.2.3.185  7] closed.
2026-02-25 13:50:02 [RMI TCP Connection(2)-10.2.3.185] DEBUG sun.rmi.transport.tcp - RMI TCP Connection(2)-10.2.3.185: accepted socket from [10.2.3.185:57864]
2026-02-25 13:50:02 [RMI TCP Connection(2)-10.2.3.185] DEBUG sun.rmi.transport.tcp - RMI TCP Connection(2)-10.2.3.185: (port 57284) op = 80
2026-02-25 13:50:02 [RMI TCP Connection(2)-10.2.3.185] DEBUG sun.rmi.transport.tcp - RMI TCP Connection(2)-10.2.3.185: (port 57284) op = 80
2026-02-25 13:50:02 [RMI TCP Connection(2)-10.2.3.185] DEBUG sun.rmi.loader - RMI TCP Connection(2)-10.2.3.185: name = "[Ljava.rmi.server.ObjID;", codebase = "", defaultLoader = jdk.internal.loader.ClassLoaders$PlatformClassLoader@2f727d39
2026-02-25 13:50:02 [RMI TCP Connection(2)-10.2.3.185] DEBUG sun.rmi.loader - RMI TCP Connection(2)-10.2.3.185: name = "java.rmi.server.ObjID", codebase = "", defaultLoader = jdk.internal.loader.ClassLoaders$PlatformClassLoader@2f727d39
2026-02-25 13:50:02 [RMI TCP Connection(2)-10.2.3.185] DEBUG sun.rmi.loader - RMI TCP Connection(2)-10.2.3.185: name = "java.rmi.server.UID", codebase = "", defaultLoader = jdk.internal.loader.ClassLoaders$PlatformClassLoader@2f727d39
2026-02-25 13:50:02 [RMI TCP Connection(2)-10.2.3.185] DEBUG sun.rmi.loader - RMI TCP Connection(2)-10.2.3.185: name = "java.rmi.dgc.Lease", codebase = "", defaultLoader = jdk.internal.loader.ClassLoaders$PlatformClassLoader@2f727d39
2026-02-25 13:50:02 [RMI TCP Connection(2)-10.2.3.185] DEBUG sun.rmi.loader - RMI TCP Connection(2)-10.2.3.185: name = "java.rmi.dgc.VMID", codebase = "", defaultLoader = jdk.internal.loader.ClassLoaders$PlatformClassLoader@2f727d39
2026-02-25 13:50:02 [RMI TCP Connection(2)-10.2.3.185] DEBUG sun.rmi.loader - RMI TCP Connection(2)-10.2.3.185: name = "[B", codebase = "", defaultLoader = jdk.internal.loader.ClassLoaders$PlatformClassLoader@2f727d39
2026-02-25 13:50:02 [RMI TCP Connection(2)-10.2.3.185] DEBUG sun.rmi.transport.tcp - RMI TCP Connection(2)-10.2.3.185: (port 57284) op = 84
2026-02-25 13:50:02 [RMI TCP Connection(2)-10.2.3.185] DEBUG sun.rmi.transport.tcp - RMI TCP Connection(2)-10.2.3.185: (port 57284) op = 80
2026-02-25 13:50:02 [RMI TCP Connection(2)-10.2.3.185] DEBUG sun.rmi.transport.tcp - RMI TCP Connection(2)-10.2.3.185: (port 57284) op = 80
2026-02-25 13:50:02 [RMI TCP Connection(2)-10.2.3.185] DEBUG sun.rmi.loader - RMI TCP Connection(2)-10.2.3.185: name = "javax.management.ObjectName", codebase = ""
2026-02-25 13:50:02 [RMI TCP Connection(2)-10.2.3.185] DEBUG sun.rmi.loader - RMI TCP Connection(2)-10.2.3.185: name = "java.rmi.MarshalledObject", codebase = ""
2026-02-25 13:50:02 [RMI TCP Connection(2)-10.2.3.185] DEBUG sun.rmi.loader - RMI TCP Connection(2)-10.2.3.185: name = "[B", codebase = ""
2026-02-25 13:50:02 [RMI TCP Connection(2)-10.2.3.185] DEBUG sun.rmi.loader - RMI TCP Connection(2)-10.2.3.185: name = "[Ljava.lang.String;", codebase = ""
2026-02-25 13:50:02 [RMI TCP Connection(2)-10.2.3.185] DEBUG javax.management.remote.rmi - connectionId=rmi://10.2.3.185  8 unwrapping params with MBean extended ClassLoader.
2026-02-25 13:50:02 [RMI TCP Connection(2)-10.2.3.185] DEBUG sun.rmi.loader - RMI TCP Connection(2)-10.2.3.185: name = "[Ljava.lang.String;", codebase = "", defaultLoader = jdk.internal.loader.ClassLoaders$PlatformClassLoader@2f727d39
2026-02-25 13:50:02 [RMI TCP Connection(2)-10.2.3.185] DEBUG javax.management.remote.rmi - connectionId=rmi://10.2.3.185  8, name=org.springframework.boot:type=Admin,name=SpringApplication, operationName=getProperty, signature=[java.lang.String]
2026-02-25 13:50:02 [RMI TCP Connection(2)-10.2.3.185] DEBUG sun.rmi.transport.tcp - RMI TCP Connection(2)-10.2.3.185: (port 57284) op = 80
2026-02-25 13:50:02 [RMI TCP Connection(2)-10.2.3.185] DEBUG javax.management.remote.rmi - [javax.management.remote.rmi.RMIConnectionImpl@23236eaa: connectionId=rmi://10.2.3.185  8] closing.
2026-02-25 13:50:02 [RMI TCP Connection(2)-10.2.3.185] DEBUG javax.management.remote.rmi - [javax.management.remote.rmi.RMIConnectionImpl@23236eaa: connectionId=rmi://10.2.3.185  8] closed.
2026-02-25 13:50:02 [RMI TCP Connection(2)-10.2.3.185] DEBUG sun.rmi.transport.tcp - RMI TCP Connection(2)-10.2.3.185: (port 57284) op = 80
2026-02-25 13:50:02 [RMI TCP Connection(2)-10.2.3.185] DEBUG sun.rmi.transport.tcp - RMI TCP Connection(2)-10.2.3.185: (port 57284) op = 80
2026-02-25 13:50:02 [RMI TCP Connection(2)-10.2.3.185] DEBUG sun.rmi.loader - RMI TCP Connection(2)-10.2.3.185: name = "[Ljava.rmi.server.ObjID;", codebase = "", defaultLoader = jdk.internal.loader.ClassLoaders$PlatformClassLoader@2f727d39
2026-02-25 13:50:02 [RMI TCP Connection(2)-10.2.3.185] DEBUG sun.rmi.loader - RMI TCP Connection(2)-10.2.3.185: name = "java.rmi.server.ObjID", codebase = "", defaultLoader = jdk.internal.loader.ClassLoaders$PlatformClassLoader@2f727d39
2026-02-25 13:50:02 [RMI TCP Connection(2)-10.2.3.185] DEBUG sun.rmi.loader - RMI TCP Connection(2)-10.2.3.185: name = "java.rmi.server.UID", codebase = "", defaultLoader = jdk.internal.loader.ClassLoaders$PlatformClassLoader@2f727d39
2026-02-25 13:50:02 [RMI TCP Connection(2)-10.2.3.185] DEBUG sun.rmi.loader - RMI TCP Connection(2)-10.2.3.185: name = "java.rmi.dgc.Lease", codebase = "", defaultLoader = jdk.internal.loader.ClassLoaders$PlatformClassLoader@2f727d39
2026-02-25 13:50:02 [RMI TCP Connection(2)-10.2.3.185] DEBUG sun.rmi.loader - RMI TCP Connection(2)-10.2.3.185: name = "java.rmi.dgc.VMID", codebase = "", defaultLoader = jdk.internal.loader.ClassLoaders$PlatformClassLoader@2f727d39
2026-02-25 13:50:02 [RMI TCP Connection(2)-10.2.3.185] DEBUG sun.rmi.loader - RMI TCP Connection(2)-10.2.3.185: name = "[B", codebase = "", defaultLoader = jdk.internal.loader.ClassLoaders$PlatformClassLoader@2f727d39
2026-02-25 13:50:02 [RMI TCP Connection(2)-10.2.3.185] DEBUG sun.rmi.transport.tcp - RMI TCP Connection(2)-10.2.3.185: (port 57284) op = 84
2026-02-25 13:50:02 [RMI TCP Connection(2)-10.2.3.185] DEBUG sun.rmi.transport.tcp - RMI TCP Connection(2)-10.2.3.185: (port 57284) op = 80
2026-02-25 13:50:02 [RMI TCP Connection(2)-10.2.3.185] DEBUG sun.rmi.transport.tcp - RMI TCP Connection(2)-10.2.3.185: (port 57284) op = 80
2026-02-25 13:50:02 [RMI TCP Connection(2)-10.2.3.185] DEBUG sun.rmi.loader - RMI TCP Connection(2)-10.2.3.185: name = "javax.management.ObjectName", codebase = ""
2026-02-25 13:50:02 [RMI TCP Connection(2)-10.2.3.185] DEBUG sun.rmi.loader - RMI TCP Connection(2)-10.2.3.185: name = "java.rmi.MarshalledObject", codebase = ""
2026-02-25 13:50:02 [RMI TCP Connection(2)-10.2.3.185] DEBUG sun.rmi.loader - RMI TCP Connection(2)-10.2.3.185: name = "[B", codebase = ""
2026-02-25 13:50:02 [RMI TCP Connection(2)-10.2.3.185] DEBUG sun.rmi.loader - RMI TCP Connection(2)-10.2.3.185: name = "[Ljava.lang.String;", codebase = ""
2026-02-25 13:50:02 [RMI TCP Connection(2)-10.2.3.185] DEBUG javax.management.remote.rmi - connectionId=rmi://10.2.3.185  9 unwrapping params with MBean extended ClassLoader.
2026-02-25 13:50:02 [RMI TCP Connection(2)-10.2.3.185] DEBUG sun.rmi.loader - RMI TCP Connection(2)-10.2.3.185: name = "[Ljava.lang.String;", codebase = "", defaultLoader = jdk.internal.loader.ClassLoaders$PlatformClassLoader@2f727d39
2026-02-25 13:50:02 [RMI TCP Connection(2)-10.2.3.185] DEBUG javax.management.remote.rmi - connectionId=rmi://10.2.3.185  9, name=org.springframework.boot:type=Admin,name=SpringApplication, operationName=getProperty, signature=[java.lang.String]
2026-02-25 13:50:02 [RMI TCP Connection(2)-10.2.3.185] DEBUG sun.rmi.transport.tcp - RMI TCP Connection(2)-10.2.3.185: (port 57284) op = 80
2026-02-25 13:50:02 [RMI TCP Connection(2)-10.2.3.185] DEBUG sun.rmi.loader - RMI TCP Connection(2)-10.2.3.185: name = "javax.management.ObjectName", codebase = ""
2026-02-25 13:50:02 [RMI TCP Connection(2)-10.2.3.185] DEBUG sun.rmi.loader - RMI TCP Connection(2)-10.2.3.185: name = "java.rmi.MarshalledObject", codebase = ""
2026-02-25 13:50:02 [RMI TCP Connection(2)-10.2.3.185] DEBUG sun.rmi.loader - RMI TCP Connection(2)-10.2.3.185: name = "[B", codebase = ""
2026-02-25 13:50:02 [RMI TCP Connection(2)-10.2.3.185] DEBUG sun.rmi.loader - RMI TCP Connection(2)-10.2.3.185: name = "[Ljava.lang.String;", codebase = ""
2026-02-25 13:50:02 [RMI TCP Connection(2)-10.2.3.185] DEBUG javax.management.remote.rmi - connectionId=rmi://10.2.3.185  9 unwrapping params with MBean extended ClassLoader.
2026-02-25 13:50:02 [RMI TCP Connection(2)-10.2.3.185] DEBUG sun.rmi.loader - RMI TCP Connection(2)-10.2.3.185: name = "[Ljava.lang.String;", codebase = "", defaultLoader = jdk.internal.loader.ClassLoaders$PlatformClassLoader@2f727d39
2026-02-25 13:50:02 [RMI TCP Connection(2)-10.2.3.185] DEBUG javax.management.remote.rmi - connectionId=rmi://10.2.3.185  9, name=org.springframework.boot:type=Admin,name=SpringApplication, operationName=getProperty, signature=[java.lang.String]
2026-02-25 13:50:02 [RMI TCP Connection(2)-10.2.3.185] DEBUG sun.rmi.transport.tcp - RMI TCP Connection(2)-10.2.3.185: (port 57284) op = 80
2026-02-25 13:50:02 [RMI TCP Connection(2)-10.2.3.185] DEBUG sun.rmi.loader - RMI TCP Connection(2)-10.2.3.185: name = "javax.management.ObjectName", codebase = ""
2026-02-25 13:50:02 [RMI TCP Connection(2)-10.2.3.185] DEBUG sun.rmi.loader - RMI TCP Connection(2)-10.2.3.185: name = "java.rmi.MarshalledObject", codebase = ""
2026-02-25 13:50:02 [RMI TCP Connection(2)-10.2.3.185] DEBUG sun.rmi.loader - RMI TCP Connection(2)-10.2.3.185: name = "[B", codebase = ""
2026-02-25 13:50:02 [RMI TCP Connection(2)-10.2.3.185] DEBUG sun.rmi.loader - RMI TCP Connection(2)-10.2.3.185: name = "[Ljava.lang.String;", codebase = ""
2026-02-25 13:50:02 [RMI TCP Connection(2)-10.2.3.185] DEBUG javax.management.remote.rmi - connectionId=rmi://10.2.3.185  9 unwrapping params with MBean extended ClassLoader.
2026-02-25 13:50:02 [RMI TCP Connection(2)-10.2.3.185] DEBUG sun.rmi.loader - RMI TCP Connection(2)-10.2.3.185: name = "[Ljava.lang.String;", codebase = "", defaultLoader = jdk.internal.loader.ClassLoaders$PlatformClassLoader@2f727d39
2026-02-25 13:50:02 [RMI TCP Connection(2)-10.2.3.185] DEBUG javax.management.remote.rmi - connectionId=rmi://10.2.3.185  9, name=org.springframework.boot:type=Admin,name=SpringApplication, operationName=getProperty, signature=[java.lang.String]
2026-02-25 13:50:02 [RMI TCP Connection(2)-10.2.3.185] DEBUG sun.rmi.transport.tcp - RMI TCP Connection(2)-10.2.3.185: (port 57284) op = 80
2026-02-25 13:50:02 [RMI TCP Connection(2)-10.2.3.185] DEBUG sun.rmi.loader - RMI TCP Connection(2)-10.2.3.185: name = "javax.management.ObjectName", codebase = ""
2026-02-25 13:50:02 [RMI TCP Connection(2)-10.2.3.185] DEBUG sun.rmi.loader - RMI TCP Connection(2)-10.2.3.185: name = "java.rmi.MarshalledObject", codebase = ""
2026-02-25 13:50:02 [RMI TCP Connection(2)-10.2.3.185] DEBUG sun.rmi.loader - RMI TCP Connection(2)-10.2.3.185: name = "[B", codebase = ""
2026-02-25 13:50:02 [RMI TCP Connection(2)-10.2.3.185] DEBUG sun.rmi.loader - RMI TCP Connection(2)-10.2.3.185: name = "[Ljava.lang.String;", codebase = ""
2026-02-25 13:50:02 [RMI TCP Connection(2)-10.2.3.185] DEBUG javax.management.remote.rmi - connectionId=rmi://10.2.3.185  9 unwrapping params with MBean extended ClassLoader.
2026-02-25 13:50:02 [RMI TCP Connection(2)-10.2.3.185] DEBUG sun.rmi.loader - RMI TCP Connection(2)-10.2.3.185: name = "[Ljava.lang.String;", codebase = "", defaultLoader = jdk.internal.loader.ClassLoaders$PlatformClassLoader@2f727d39
2026-02-25 13:50:02 [RMI TCP Connection(2)-10.2.3.185] DEBUG javax.management.remote.rmi - connectionId=rmi://10.2.3.185  9, name=org.springframework.boot:type=Admin,name=SpringApplication, operationName=getProperty, signature=[java.lang.String]
2026-02-25 13:50:02 [RMI TCP Connection(2)-10.2.3.185] DEBUG sun.rmi.transport.tcp - RMI TCP Connection(2)-10.2.3.185: (port 57284) op = 80
2026-02-25 13:50:02 [RMI TCP Connection(2)-10.2.3.185] DEBUG javax.management.remote.rmi - [javax.management.remote.rmi.RMIConnectionImpl@66f1d04: connectionId=rmi://10.2.3.185  9] closing.
2026-02-25 13:50:02 [RMI TCP Connection(2)-10.2.3.185] DEBUG javax.management.remote.rmi - [javax.management.remote.rmi.RMIConnectionImpl@66f1d04: connectionId=rmi://10.2.3.185  9] closed.
2026-02-25 13:50:19 [RMI TCP Connection(2)-10.2.3.185] DEBUG sun.rmi.transport.tcp - RMI TCP Connection(2)-10.2.3.185: (port 57284) connection closed
2026-02-25 13:50:19 [RMI TCP Connection(1)-10.2.3.185] DEBUG sun.rmi.transport.tcp - RMI TCP Connection(1)-10.2.3.185: (port 57284) connection closed
2026-02-25 13:50:19 [RMI TCP Connection(2)-10.2.3.185] DEBUG sun.rmi.transport.tcp - RMI TCP Connection(2)-10.2.3.185: close connection, socket: Socket[addr=/10.2.3.185,port=57864,localport=57284]
2026-02-25 13:50:19 [RMI TCP Connection(1)-10.2.3.185] DEBUG sun.rmi.transport.tcp - RMI TCP Connection(1)-10.2.3.185: close connection, socket: Socket[addr=/10.2.3.185,port=57286,localport=57284]
2026-02-25 13:50:19 [RMI TCP Connection(2)-10.2.3.185] DEBUG sun.rmi.transport.tcp - RMI TCP Connection(2)-10.2.3.185: socket close: Socket[addr=/10.2.3.185,port=57864,localport=57284]
2026-02-25 13:50:19 [RMI TCP Connection(1)-10.2.3.185] DEBUG sun.rmi.transport.tcp - RMI TCP Connection(1)-10.2.3.185: socket close: Socket[addr=/10.2.3.185,port=57286,localport=57284]
2026-02-25 13:50:19 [RMI TCP Connection(3)-10.2.3.185] DEBUG sun.rmi.transport.tcp - RMI TCP Connection(3)-10.2.3.185: accepted socket from [10.2.3.185:61142]
2026-02-25 13:50:19 [RMI TCP Connection(3)-10.2.3.185] DEBUG sun.rmi.transport.tcp - RMI TCP Connection(3)-10.2.3.185: (port 57284) op = 80
2026-02-25 13:50:19 [RMI TCP Connection(3)-10.2.3.185] DEBUG sun.rmi.loader - RMI TCP Connection(3)-10.2.3.185: name = "[Ljava.rmi.server.ObjID;", codebase = "", defaultLoader = jdk.internal.loader.ClassLoaders$PlatformClassLoader@2f727d39
2026-02-25 13:50:19 [RMI TCP Connection(3)-10.2.3.185] DEBUG sun.rmi.loader - RMI TCP Connection(3)-10.2.3.185: name = "java.rmi.server.ObjID", codebase = "", defaultLoader = jdk.internal.loader.ClassLoaders$PlatformClassLoader@2f727d39
2026-02-25 13:50:19 [RMI TCP Connection(3)-10.2.3.185] DEBUG sun.rmi.loader - RMI TCP Connection(3)-10.2.3.185: name = "java.rmi.server.UID", codebase = "", defaultLoader = jdk.internal.loader.ClassLoaders$PlatformClassLoader@2f727d39
2026-02-25 13:50:19 [RMI TCP Connection(3)-10.2.3.185] DEBUG sun.rmi.loader - RMI TCP Connection(3)-10.2.3.185: name = "java.rmi.dgc.VMID", codebase = "", defaultLoader = jdk.internal.loader.ClassLoaders$PlatformClassLoader@2f727d39
2026-02-25 13:50:19 [RMI TCP Connection(3)-10.2.3.185] DEBUG sun.rmi.loader - RMI TCP Connection(3)-10.2.3.185: name = "[B", codebase = "", defaultLoader = jdk.internal.loader.ClassLoaders$PlatformClassLoader@2f727d39
2026-02-25 13:50:30 [HikariPool-1 housekeeper] DEBUG com.zaxxer.hikari.pool.HikariPool - HikariPool-1 - Before cleanup stats (total=5, active=0, idle=5, waiting=0)
2026-02-25 13:50:30 [HikariPool-1 housekeeper] DEBUG com.zaxxer.hikari.pool.HikariPool - HikariPool-1 - After cleanup  stats (total=5, active=0, idle=5, waiting=0)
2026-02-25 13:50:30 [HikariPool-1 housekeeper] DEBUG com.zaxxer.hikari.pool.HikariPool - HikariPool-1 - Fill pool skipped, pool has sufficient level or currently being filled (queueDepth=0).
2026-02-25 13:50:38 [http-nio-8080-exec-1] DEBUG o.a.c.a.jaspic.AuthConfigFactoryImpl - Loading persistent provider registrations from [C:\Users\akathirgamana\AppData\Local\Temp\tomcat.8080.7144924650222734471\conf\jaspic-providers.xml]
2026-02-25 13:50:38 [http-nio-8080-exec-1] INFO  o.a.c.c.C.[Tomcat].[localhost].[/] - Initializing Spring DispatcherServlet 'dispatcherServlet'
2026-02-25 13:50:38 [http-nio-8080-exec-1] INFO  o.s.web.servlet.DispatcherServlet - Initializing Servlet 'dispatcherServlet'
2026-02-25 13:50:38 [http-nio-8080-exec-1] DEBUG o.s.web.servlet.DispatcherServlet - Detected StandardServletMultipartResolver
2026-02-25 13:50:38 [http-nio-8080-exec-1] DEBUG o.s.web.servlet.DispatcherServlet - Detected AcceptHeaderLocaleResolver
2026-02-25 13:50:38 [http-nio-8080-exec-1] DEBUG o.s.web.servlet.DispatcherServlet - Detected FixedThemeResolver
2026-02-25 13:50:38 [http-nio-8080-exec-1] DEBUG o.s.web.servlet.DispatcherServlet - Detected org.springframework.web.servlet.view.DefaultRequestToViewNameTranslator@78d816e6
2026-02-25 13:50:38 [http-nio-8080-exec-1] DEBUG o.s.web.servlet.DispatcherServlet - Detected org.springframework.web.servlet.support.SessionFlashMapManager@25eadfe6
2026-02-25 13:50:38 [http-nio-8080-exec-1] DEBUG o.s.web.servlet.DispatcherServlet - enableLoggingRequestDetails='false': request parameters and headers will be masked to prevent unsafe logging of potentially sensitive data
2026-02-25 13:50:38 [http-nio-8080-exec-1] INFO  o.s.web.servlet.DispatcherServlet - Completed initialization in 2 ms
2026-02-25 13:50:38 [http-nio-8080-exec-1] DEBUG o.s.web.servlet.DispatcherServlet - GET "/swagger-ui.html", parameters={}
2026-02-25 13:50:38 [http-nio-8080-exec-1] DEBUG o.s.w.s.m.m.a.RequestMappingHandlerMapping - Mapped to org.springdoc.webmvc.ui.SwaggerWelcomeWebMvc#redirectToUi(HttpServletRequest)
2026-02-25 13:50:38 [http-nio-8080-exec-1] DEBUG o.s.o.j.s.OpenEntityManagerInViewInterceptor - Opening JPA EntityManager in OpenEntityManagerInViewInterceptor
2026-02-25 13:50:38 [http-nio-8080-exec-1] DEBUG o.s.w.s.m.m.a.HttpEntityMethodProcessor - Using 'application/json;q=0.8', given [text/html, application/xhtml+xml, image/avif, image/webp, image/apng, application/xml;q=0.9, */*;q=0.8, application/signed-exchange;v=b3;q=0.7] and supported [application/json, application/*+json]
2026-02-25 13:50:38 [http-nio-8080-exec-1] DEBUG o.s.w.s.m.m.a.HttpEntityMethodProcessor - Nothing to write: null body
2026-02-25 13:50:38 [http-nio-8080-exec-1] DEBUG o.s.o.j.s.OpenEntityManagerInViewInterceptor - Closing JPA EntityManager in OpenEntityManagerInViewInterceptor
2026-02-25 13:50:38 [http-nio-8080-exec-1] DEBUG o.s.web.servlet.DispatcherServlet - Completed 302 FOUND
2026-02-25 13:50:38 [http-nio-8080-exec-2] DEBUG o.s.web.servlet.DispatcherServlet - GET "/swagger-ui/index.html", parameters={}
2026-02-25 13:50:38 [http-nio-8080-exec-2] DEBUG o.s.w.s.h.SimpleUrlHandlerMapping - Mapped to ResourceHttpRequestHandler [classpath [META-INF/resources/webjars/]]
2026-02-25 13:50:38 [http-nio-8080-exec-2] DEBUG o.s.o.j.s.OpenEntityManagerInViewInterceptor - Opening JPA EntityManager in OpenEntityManagerInViewInterceptor
2026-02-25 13:50:38 [http-nio-8080-exec-2] DEBUG o.s.o.j.s.OpenEntityManagerInViewInterceptor - Closing JPA EntityManager in OpenEntityManagerInViewInterceptor
2026-02-25 13:50:38 [http-nio-8080-exec-2] DEBUG o.s.web.servlet.DispatcherServlet - Completed 200 OK
2026-02-25 13:50:38 [http-nio-8080-exec-3] DEBUG o.s.web.servlet.DispatcherServlet - GET "/swagger-ui/swagger-ui.css", parameters={}
2026-02-25 13:50:38 [http-nio-8080-exec-9] DEBUG o.s.web.servlet.DispatcherServlet - GET "/swagger-ui/index.css", parameters={}
2026-02-25 13:50:38 [http-nio-8080-exec-3] DEBUG o.s.w.s.h.SimpleUrlHandlerMapping - Mapped to ResourceHttpRequestHandler [classpath [META-INF/resources/webjars/]]
2026-02-25 13:50:38 [http-nio-8080-exec-3] DEBUG o.s.o.j.s.OpenEntityManagerInViewInterceptor - Opening JPA EntityManager in OpenEntityManagerInViewInterceptor
2026-02-25 13:50:38 [http-nio-8080-exec-9] DEBUG o.s.w.s.h.SimpleUrlHandlerMapping - Mapped to ResourceHttpRequestHandler [classpath [META-INF/resources/webjars/]]
2026-02-25 13:50:38 [http-nio-8080-exec-10] DEBUG o.s.web.servlet.DispatcherServlet - GET "/swagger-ui/swagger-ui-bundle.js", parameters={}
2026-02-25 13:50:38 [http-nio-8080-exec-6] DEBUG o.s.web.servlet.DispatcherServlet - GET "/swagger-ui/swagger-ui-standalone-preset.js", parameters={}
2026-02-25 13:50:38 [http-nio-8080-exec-9] DEBUG o.s.o.j.s.OpenEntityManagerInViewInterceptor - Opening JPA EntityManager in OpenEntityManagerInViewInterceptor
2026-02-25 13:50:38 [http-nio-8080-exec-7] DEBUG o.s.web.servlet.DispatcherServlet - GET "/swagger-ui/swagger-initializer.js", parameters={}
2026-02-25 13:50:38 [http-nio-8080-exec-6] DEBUG o.s.w.s.h.SimpleUrlHandlerMapping - Mapped to ResourceHttpRequestHandler [classpath [META-INF/resources/webjars/]]
2026-02-25 13:50:38 [http-nio-8080-exec-7] DEBUG o.s.w.s.h.SimpleUrlHandlerMapping - Mapped to ResourceHttpRequestHandler [classpath [META-INF/resources/webjars/]]
2026-02-25 13:50:38 [http-nio-8080-exec-6] DEBUG o.s.o.j.s.OpenEntityManagerInViewInterceptor - Opening JPA EntityManager in OpenEntityManagerInViewInterceptor
2026-02-25 13:50:38 [http-nio-8080-exec-10] DEBUG o.s.w.s.h.SimpleUrlHandlerMapping - Mapped to ResourceHttpRequestHandler [classpath [META-INF/resources/webjars/]]
2026-02-25 13:50:38 [http-nio-8080-exec-7] DEBUG o.s.o.j.s.OpenEntityManagerInViewInterceptor - Opening JPA EntityManager in OpenEntityManagerInViewInterceptor
2026-02-25 13:50:38 [http-nio-8080-exec-10] DEBUG o.s.o.j.s.OpenEntityManagerInViewInterceptor - Opening JPA EntityManager in OpenEntityManagerInViewInterceptor
2026-02-25 13:50:38 [http-nio-8080-exec-9] DEBUG o.s.o.j.s.OpenEntityManagerInViewInterceptor - Closing JPA EntityManager in OpenEntityManagerInViewInterceptor
2026-02-25 13:50:38 [http-nio-8080-exec-9] DEBUG o.s.web.servlet.DispatcherServlet - Completed 200 OK
2026-02-25 13:50:38 [http-nio-8080-exec-3] DEBUG o.s.o.j.s.OpenEntityManagerInViewInterceptor - Closing JPA EntityManager in OpenEntityManagerInViewInterceptor
2026-02-25 13:50:38 [http-nio-8080-exec-3] DEBUG o.s.web.servlet.DispatcherServlet - Completed 200 OK
2026-02-25 13:50:38 [http-nio-8080-exec-6] DEBUG o.s.o.j.s.OpenEntityManagerInViewInterceptor - Closing JPA EntityManager in OpenEntityManagerInViewInterceptor
2026-02-25 13:50:38 [http-nio-8080-exec-6] DEBUG o.s.web.servlet.DispatcherServlet - Completed 200 OK
2026-02-25 13:50:38 [http-nio-8080-exec-10] DEBUG o.s.o.j.s.OpenEntityManagerInViewInterceptor - Closing JPA EntityManager in OpenEntityManagerInViewInterceptor
2026-02-25 13:50:38 [http-nio-8080-exec-10] DEBUG o.s.web.servlet.DispatcherServlet - Completed 200 OK
2026-02-25 13:50:38 [http-nio-8080-exec-7] DEBUG o.s.o.j.s.OpenEntityManagerInViewInterceptor - Closing JPA EntityManager in OpenEntityManagerInViewInterceptor
2026-02-25 13:50:38 [http-nio-8080-exec-7] DEBUG o.s.web.servlet.DispatcherServlet - Completed 200 OK
2026-02-25 13:50:39 [http-nio-8080-exec-8] DEBUG o.s.web.servlet.DispatcherServlet - GET "/v3/api-docs/swagger-config", parameters={}
2026-02-25 13:50:39 [http-nio-8080-exec-8] DEBUG o.s.w.s.m.m.a.RequestMappingHandlerMapping - Mapped to org.springdoc.webmvc.ui.SwaggerConfigResource#openapiJson(HttpServletRequest)
2026-02-25 13:50:39 [http-nio-8080-exec-8] DEBUG o.s.o.j.s.OpenEntityManagerInViewInterceptor - Opening JPA EntityManager in OpenEntityManagerInViewInterceptor
2026-02-25 13:50:39 [http-nio-8080-exec-8] DEBUG o.s.w.s.m.m.a.RequestResponseBodyMethodProcessor - Using 'application/json', given [*/*] and supported [application/json]
2026-02-25 13:50:39 [http-nio-8080-exec-8] DEBUG o.s.w.s.m.m.a.RequestResponseBodyMethodProcessor - Writing [{configUrl=/v3/api-docs/swagger-config, oauth2RedirectUrl=http://localhost:8080/swagger-ui/oauth2-re (truncated)...]
2026-02-25 13:50:39 [http-nio-8080-exec-8] DEBUG o.s.o.j.s.OpenEntityManagerInViewInterceptor - Closing JPA EntityManager in OpenEntityManagerInViewInterceptor
2026-02-25 13:50:39 [http-nio-8080-exec-8] DEBUG o.s.web.servlet.DispatcherServlet - Completed 200 OK
2026-02-25 13:50:39 [http-nio-8080-exec-4] DEBUG o.s.web.servlet.DispatcherServlet - GET "/v3/api-docs", parameters={}
2026-02-25 13:50:39 [http-nio-8080-exec-5] DEBUG o.s.web.servlet.DispatcherServlet - GET "/swagger-ui/favicon-32x32.png", parameters={}
2026-02-25 13:50:39 [http-nio-8080-exec-4] DEBUG o.s.w.s.m.m.a.RequestMappingHandlerMapping - Mapped to org.springdoc.webmvc.api.OpenApiWebMvcResource#openapiJson(HttpServletRequest, String, Locale)
2026-02-25 13:50:39 [http-nio-8080-exec-4] DEBUG o.s.o.j.s.OpenEntityManagerInViewInterceptor - Opening JPA EntityManager in OpenEntityManagerInViewInterceptor
2026-02-25 13:50:39 [http-nio-8080-exec-5] DEBUG o.s.w.s.h.SimpleUrlHandlerMapping - Mapped to ResourceHttpRequestHandler [classpath [META-INF/resources/webjars/]]
2026-02-25 13:50:39 [http-nio-8080-exec-5] DEBUG o.s.o.j.s.OpenEntityManagerInViewInterceptor - Opening JPA EntityManager in OpenEntityManagerInViewInterceptor
2026-02-25 13:50:39 [http-nio-8080-exec-4] DEBUG o.s.c.e.PropertySourcesPropertyResolver - Found key 'springdoc.api-docs.path' in PropertySource 'environmentProperties' with value of type String
2026-02-25 13:50:39 [http-nio-8080-exec-5] DEBUG o.s.o.j.s.OpenEntityManagerInViewInterceptor - Closing JPA EntityManager in OpenEntityManagerInViewInterceptor
2026-02-25 13:50:39 [http-nio-8080-exec-5] DEBUG o.s.web.servlet.DispatcherServlet - Completed 200 OK
2026-02-25 13:50:39 [http-nio-8080-exec-4] DEBUG i.s.v.c.c.ModelConverterContextImpl - resolve class java.lang.Long
2026-02-25 13:50:39 [http-nio-8080-exec-4] DEBUG i.s.v.c.c.ModelConverterContextImpl - resolve class com.taskmanagement.dto.request.TaskRequest$Update
2026-02-25 13:50:39 [http-nio-8080-exec-4] DEBUG i.s.v.c.c.ModelConverterContextImpl - resolve [simple type, class java.lang.String]
2026-02-25 13:50:39 [http-nio-8080-exec-4] DEBUG i.s.v.c.c.ModelConverterContextImpl - resolve [simple type, class java.lang.String]
2026-02-25 13:50:39 [http-nio-8080-exec-4] DEBUG i.s.v.c.c.ModelConverterContextImpl - resolve [simple type, class com.taskmanagement.entity.Task$TaskStatus]
2026-02-25 13:50:39 [http-nio-8080-exec-4] DEBUG i.s.v.c.c.ModelConverterContextImpl - resolve [simple type, class com.taskmanagement.entity.Task$Priority]
2026-02-25 13:50:39 [http-nio-8080-exec-4] DEBUG i.s.v.c.c.ModelConverterContextImpl - resolve [simple type, class java.time.LocalDate]
2026-02-25 13:50:39 [http-nio-8080-exec-4] DEBUG i.s.v.c.c.ModelConverterContextImpl - resolve [simple type, class java.lang.Double]
2026-02-25 13:50:39 [http-nio-8080-exec-4] DEBUG i.s.v.c.c.ModelConverterContextImpl - resolve [simple type, class java.lang.Double]
2026-02-25 13:50:39 [http-nio-8080-exec-4] DEBUG i.s.v.c.c.ModelConverterContextImpl - resolve [simple type, class java.lang.Integer]
2026-02-25 13:50:39 [http-nio-8080-exec-4] DEBUG i.s.v.c.c.ModelConverterContextImpl - resolve org.springframework.http.ResponseEntity<com.taskmanagement.dto.response.ApiResponse<com.taskmanagement.dto.response.TaskResponse>>
2026-02-25 13:50:39 [http-nio-8080-exec-4] DEBUG i.s.v.c.c.ModelConverterContextImpl - resolve [simple type, class com.taskmanagement.dto.response.ApiResponse<com.taskmanagement.dto.response.TaskResponse>]
2026-02-25 13:50:39 [http-nio-8080-exec-4] DEBUG i.s.v.c.c.ModelConverterContextImpl - resolve [simple type, class boolean]
2026-02-25 13:50:39 [http-nio-8080-exec-4] DEBUG i.s.v.c.c.ModelConverterContextImpl - resolve [simple type, class java.lang.String]
2026-02-25 13:50:39 [http-nio-8080-exec-4] DEBUG i.s.v.c.c.ModelConverterContextImpl - resolve [simple type, class com.taskmanagement.dto.response.TaskResponse]
2026-02-25 13:50:39 [http-nio-8080-exec-4] DEBUG i.s.v.c.c.ModelConverterContextImpl - resolve [simple type, class java.lang.Long]
2026-02-25 13:50:39 [http-nio-8080-exec-4] DEBUG i.s.v.c.c.ModelConverterContextImpl - resolve [simple type, class com.taskmanagement.entity.Task$TaskStatus]
2026-02-25 13:50:39 [http-nio-8080-exec-4] DEBUG i.s.v.c.c.ModelConverterContextImpl - resolve [simple type, class com.taskmanagement.entity.Task$Priority]
2026-02-25 13:50:39 [http-nio-8080-exec-4] DEBUG i.s.v.c.c.ModelConverterContextImpl - resolve [simple type, class java.time.LocalDate]
2026-02-25 13:50:39 [http-nio-8080-exec-4] DEBUG i.s.v.c.c.ModelConverterContextImpl - resolve [simple type, class java.time.LocalDateTime]
2026-02-25 13:50:39 [http-nio-8080-exec-4] DEBUG i.s.v.c.c.ModelConverterContextImpl - resolve [simple type, class java.lang.Integer]
2026-02-25 13:50:39 [http-nio-8080-exec-4] DEBUG i.s.v.c.c.ModelConverterContextImpl - resolve [simple type, class java.lang.Double]
2026-02-25 13:50:39 [http-nio-8080-exec-4] DEBUG i.s.v.c.c.ModelConverterContextImpl - resolve [collection type; class java.util.List, contains [simple type, class java.lang.String]]
2026-02-25 13:50:39 [http-nio-8080-exec-4] DEBUG i.s.v.c.c.ModelConverterContextImpl - resolve [simple type, class com.taskmanagement.dto.response.ApiResponse$PageInfo]
2026-02-25 13:50:39 [http-nio-8080-exec-4] DEBUG i.s.v.c.c.ModelConverterContextImpl - resolve [simple type, class int]
2026-02-25 13:50:39 [http-nio-8080-exec-4] DEBUG i.s.v.c.c.ModelConverterContextImpl - resolve [simple type, class long]
2026-02-25 13:50:39 [http-nio-8080-exec-4] DEBUG i.s.v.c.c.ModelConverterContextImpl - resolve class com.taskmanagement.dto.request.TaskRequest$ReorderRequest
2026-02-25 13:50:39 [http-nio-8080-exec-4] DEBUG i.s.v.c.c.ModelConverterContextImpl - resolve [collection type; class java.util.List, contains [simple type, class com.taskmanagement.dto.request.TaskRequest$TaskOrder]]
2026-02-25 13:50:39 [http-nio-8080-exec-4] DEBUG i.s.v.c.c.ModelConverterContextImpl - resolve [simple type, class com.taskmanagement.dto.request.TaskRequest$TaskOrder]
2026-02-25 13:50:39 [http-nio-8080-exec-4] DEBUG i.s.v.c.c.ModelConverterContextImpl - resolve [simple type, class java.lang.Long]
2026-02-25 13:50:39 [http-nio-8080-exec-4] DEBUG i.s.v.c.c.ModelConverterContextImpl - resolve [simple type, class java.lang.Integer]
2026-02-25 13:50:39 [http-nio-8080-exec-4] DEBUG i.s.v.c.c.ModelConverterContextImpl - resolve org.springframework.http.ResponseEntity<com.taskmanagement.dto.response.ApiResponse<java.lang.Void>>
2026-02-25 13:50:39 [http-nio-8080-exec-4] DEBUG i.s.v.c.c.ModelConverterContextImpl - resolve [simple type, class com.taskmanagement.dto.response.ApiResponse<java.lang.Void>]
2026-02-25 13:50:39 [http-nio-8080-exec-4] DEBUG i.s.v.c.c.ModelConverterContextImpl - resolve [simple type, class boolean]
2026-02-25 13:50:39 [http-nio-8080-exec-4] DEBUG i.s.v.c.c.ModelConverterContextImpl - resolve [simple type, class java.lang.String]
2026-02-25 13:50:39 [http-nio-8080-exec-4] DEBUG i.s.v.c.c.ModelConverterContextImpl - resolve [simple type, class java.lang.Void]
2026-02-25 13:50:39 [http-nio-8080-exec-4] DEBUG i.s.v.c.c.ModelConverterContextImpl - resolve [collection type; class java.util.List, contains [simple type, class java.lang.String]]
2026-02-25 13:50:39 [http-nio-8080-exec-4] DEBUG i.s.v.c.c.ModelConverterContextImpl - resolve [simple type, class com.taskmanagement.dto.response.ApiResponse$PageInfo]
2026-02-25 13:50:39 [http-nio-8080-exec-4] DEBUG i.s.v.c.c.ModelConverterContextImpl - resolve [simple type, class int]
2026-02-25 13:50:39 [http-nio-8080-exec-4] DEBUG i.s.v.c.c.ModelConverterContextImpl - resolve [simple type, class long]
2026-02-25 13:50:39 [http-nio-8080-exec-4] DEBUG i.s.v.c.c.ModelConverterContextImpl - resolve [simple type, class java.time.LocalDateTime]
2026-02-25 13:50:39 [http-nio-8080-exec-4] DEBUG i.s.v.c.c.ModelConverterContextImpl - resolve class java.lang.Long
2026-02-25 13:50:39 [http-nio-8080-exec-4] DEBUG i.s.v.c.c.ModelConverterContextImpl - resolve class com.taskmanagement.dto.request.GoalRequest$Update
2026-02-25 13:50:39 [http-nio-8080-exec-4] DEBUG i.s.v.c.c.ModelConverterContextImpl - resolve [simple type, class java.lang.String]
2026-02-25 13:50:39 [http-nio-8080-exec-4] DEBUG i.s.v.c.c.ModelConverterContextImpl - resolve [simple type, class java.lang.String]
2026-02-25 13:50:39 [http-nio-8080-exec-4] DEBUG i.s.v.c.c.ModelConverterContextImpl - resolve [simple type, class com.taskmanagement.entity.Goal$GoalStatus]
2026-02-25 13:50:39 [http-nio-8080-exec-4] DEBUG i.s.v.c.c.ModelConverterContextImpl - resolve [simple type, class com.taskmanagement.entity.Goal$Priority]
2026-02-25 13:50:39 [http-nio-8080-exec-4] DEBUG i.s.v.c.c.ModelConverterContextImpl - resolve [simple type, class java.time.LocalDate]
2026-02-25 13:50:39 [http-nio-8080-exec-4] DEBUG i.s.v.c.c.ModelConverterContextImpl - resolve org.springframework.http.ResponseEntity<com.taskmanagement.dto.response.ApiResponse<com.taskmanagement.dto.response.GoalResponse>>
2026-02-25 13:50:39 [http-nio-8080-exec-4] DEBUG i.s.v.c.c.ModelConverterContextImpl - resolve [simple type, class com.taskmanagement.dto.response.ApiResponse<com.taskmanagement.dto.response.GoalResponse>]
2026-02-25 13:50:39 [http-nio-8080-exec-4] DEBUG i.s.v.c.c.ModelConverterContextImpl - resolve [simple type, class boolean]
2026-02-25 13:50:39 [http-nio-8080-exec-4] DEBUG i.s.v.c.c.ModelConverterContextImpl - resolve [simple type, class java.lang.String]
2026-02-25 13:50:39 [http-nio-8080-exec-4] DEBUG i.s.v.c.c.ModelConverterContextImpl - resolve [simple type, class com.taskmanagement.dto.response.GoalResponse]
2026-02-25 13:50:39 [http-nio-8080-exec-4] DEBUG i.s.v.c.c.ModelConverterContextImpl - resolve [simple type, class java.lang.Long]
2026-02-25 13:50:39 [http-nio-8080-exec-4] DEBUG i.s.v.c.c.ModelConverterContextImpl - resolve [simple type, class com.taskmanagement.entity.Goal$GoalStatus]
2026-02-25 13:50:39 [http-nio-8080-exec-4] DEBUG i.s.v.c.c.ModelConverterContextImpl - resolve [simple type, class com.taskmanagement.entity.Goal$Priority]
2026-02-25 13:50:39 [http-nio-8080-exec-4] DEBUG i.s.v.c.c.ModelConverterContextImpl - resolve [simple type, class java.time.LocalDate]
2026-02-25 13:50:39 [http-nio-8080-exec-4] DEBUG i.s.v.c.c.ModelConverterContextImpl - resolve [simple type, class java.lang.Integer]
2026-02-25 13:50:39 [http-nio-8080-exec-4] DEBUG i.s.v.c.c.ModelConverterContextImpl - resolve [simple type, class java.time.LocalDateTime]
2026-02-25 13:50:39 [http-nio-8080-exec-4] DEBUG i.s.v.c.c.ModelConverterContextImpl - resolve [simple type, class com.taskmanagement.dto.response.GoalResponse$GoalStats]
2026-02-25 13:50:39 [http-nio-8080-exec-4] DEBUG i.s.v.c.c.ModelConverterContextImpl - resolve [simple type, class long]
2026-02-25 13:50:39 [http-nio-8080-exec-4] DEBUG i.s.v.c.c.ModelConverterContextImpl - resolve [collection type; class java.util.List, contains [simple type, class com.taskmanagement.dto.response.TaskResponse]]
2026-02-25 13:50:39 [http-nio-8080-exec-4] DEBUG i.s.v.c.c.ModelConverterContextImpl - resolve [simple type, class com.taskmanagement.dto.response.TaskResponse]
2026-02-25 13:50:39 [http-nio-8080-exec-4] DEBUG i.s.v.c.c.ModelConverterContextImpl - resolve [simple type, class com.taskmanagement.entity.Task$TaskStatus]
2026-02-25 13:50:39 [http-nio-8080-exec-4] DEBUG i.s.v.c.c.ModelConverterContextImpl - resolve [simple type, class com.taskmanagement.entity.Task$Priority]
2026-02-25 13:50:39 [http-nio-8080-exec-4] DEBUG i.s.v.c.c.ModelConverterContextImpl - resolve [simple type, class java.lang.Double]
2026-02-25 13:50:39 [http-nio-8080-exec-4] DEBUG i.s.v.c.c.ModelConverterContextImpl - resolve [collection type; class java.util.List, contains [simple type, class java.lang.String]]
2026-02-25 13:50:39 [http-nio-8080-exec-4] DEBUG i.s.v.c.c.ModelConverterContextImpl - resolve [simple type, class com.taskmanagement.dto.response.ApiResponse$PageInfo]
2026-02-25 13:50:39 [http-nio-8080-exec-4] DEBUG i.s.v.c.c.ModelConverterContextImpl - resolve [simple type, class int]
2026-02-25 13:50:39 [http-nio-8080-exec-4] DEBUG i.s.v.c.c.ModelConverterContextImpl - resolve class com.taskmanagement.dto.request.TaskRequest$Create
2026-02-25 13:50:39 [http-nio-8080-exec-4] DEBUG i.s.v.c.c.ModelConverterContextImpl - resolve [simple type, class java.lang.Long]
2026-02-25 13:50:39 [http-nio-8080-exec-4] DEBUG i.s.v.c.c.ModelConverterContextImpl - resolve [simple type, class java.lang.String]
2026-02-25 13:50:39 [http-nio-8080-exec-4] DEBUG i.s.v.c.c.ModelConverterContextImpl - resolve [simple type, class java.lang.String]
2026-02-25 13:50:39 [http-nio-8080-exec-4] DEBUG i.s.v.c.c.ModelConverterContextImpl - resolve [simple type, class com.taskmanagement.entity.Task$Priority]
2026-02-25 13:50:39 [http-nio-8080-exec-4] DEBUG i.s.v.c.c.ModelConverterContextImpl - resolve [simple type, class java.time.LocalDate]
2026-02-25 13:50:39 [http-nio-8080-exec-4] DEBUG i.s.v.c.c.ModelConverterContextImpl - resolve [simple type, class java.lang.Double]
2026-02-25 13:50:39 [http-nio-8080-exec-4] DEBUG i.s.v.c.c.ModelConverterContextImpl - resolve [simple type, class java.lang.Integer]
2026-02-25 13:50:39 [http-nio-8080-exec-4] DEBUG i.s.v.c.c.ModelConverterContextImpl - resolve org.springframework.http.ResponseEntity<com.taskmanagement.dto.response.ApiResponse<com.taskmanagement.dto.response.TaskResponse>>
2026-02-25 13:50:39 [http-nio-8080-exec-4] DEBUG i.s.v.c.c.ModelConverterContextImpl - resolve [simple type, class com.taskmanagement.dto.response.ApiResponse<com.taskmanagement.dto.response.TaskResponse>]
2026-02-25 13:50:39 [http-nio-8080-exec-4] DEBUG i.s.v.c.c.ModelConverterContextImpl - resolve [simple type, class boolean]
2026-02-25 13:50:39 [http-nio-8080-exec-4] DEBUG i.s.v.c.c.ModelConverterContextImpl - resolve [simple type, class java.lang.String]
2026-02-25 13:50:39 [http-nio-8080-exec-4] DEBUG i.s.v.c.c.ModelConverterContextImpl - resolve [simple type, class com.taskmanagement.dto.response.TaskResponse]
2026-02-25 13:50:39 [http-nio-8080-exec-4] DEBUG i.s.v.c.c.ModelConverterContextImpl - resolve [simple type, class java.lang.Long]
2026-02-25 13:50:39 [http-nio-8080-exec-4] DEBUG i.s.v.c.c.ModelConverterContextImpl - resolve [simple type, class com.taskmanagement.entity.Task$TaskStatus]
2026-02-25 13:50:39 [http-nio-8080-exec-4] DEBUG i.s.v.c.c.ModelConverterContextImpl - resolve [simple type, class com.taskmanagement.entity.Task$Priority]
2026-02-25 13:50:39 [http-nio-8080-exec-4] DEBUG i.s.v.c.c.ModelConverterContextImpl - resolve [simple type, class java.time.LocalDate]
2026-02-25 13:50:39 [http-nio-8080-exec-4] DEBUG i.s.v.c.c.ModelConverterContextImpl - resolve [simple type, class java.time.LocalDateTime]
2026-02-25 13:50:39 [http-nio-8080-exec-4] DEBUG i.s.v.c.c.ModelConverterContextImpl - resolve [simple type, class java.lang.Integer]
2026-02-25 13:50:39 [http-nio-8080-exec-4] DEBUG i.s.v.c.c.ModelConverterContextImpl - resolve [simple type, class java.lang.Double]
2026-02-25 13:50:39 [http-nio-8080-exec-4] DEBUG i.s.v.c.c.ModelConverterContextImpl - resolve [collection type; class java.util.List, contains [simple type, class java.lang.String]]
2026-02-25 13:50:39 [http-nio-8080-exec-4] DEBUG i.s.v.c.c.ModelConverterContextImpl - resolve [simple type, class com.taskmanagement.dto.response.ApiResponse$PageInfo]
2026-02-25 13:50:39 [http-nio-8080-exec-4] DEBUG i.s.v.c.c.ModelConverterContextImpl - resolve [simple type, class int]
2026-02-25 13:50:39 [http-nio-8080-exec-4] DEBUG i.s.v.c.c.ModelConverterContextImpl - resolve [simple type, class long]
2026-02-25 13:50:39 [http-nio-8080-exec-4] DEBUG i.s.v.c.c.ModelConverterContextImpl - resolve class com.taskmanagement.dto.request.TaskRequest$BulkCreate
2026-02-25 13:50:39 [http-nio-8080-exec-4] DEBUG i.s.v.c.c.ModelConverterContextImpl - resolve [simple type, class java.lang.Long]
2026-02-25 13:50:39 [http-nio-8080-exec-4] DEBUG i.s.v.c.c.ModelConverterContextImpl - resolve [collection type; class java.util.List, contains [simple type, class com.taskmanagement.dto.request.TaskRequest$TaskItem]]
2026-02-25 13:50:39 [http-nio-8080-exec-4] DEBUG i.s.v.c.c.ModelConverterContextImpl - resolve [simple type, class com.taskmanagement.dto.request.TaskRequest$TaskItem]
2026-02-25 13:50:39 [http-nio-8080-exec-4] DEBUG i.s.v.c.c.ModelConverterContextImpl - resolve [simple type, class java.lang.String]
2026-02-25 13:50:39 [http-nio-8080-exec-4] DEBUG i.s.v.c.c.ModelConverterContextImpl - resolve [simple type, class java.lang.String]
2026-02-25 13:50:39 [http-nio-8080-exec-4] DEBUG i.s.v.c.c.ModelConverterContextImpl - resolve [simple type, class com.taskmanagement.entity.Task$Priority]
2026-02-25 13:50:39 [http-nio-8080-exec-4] DEBUG i.s.v.c.c.ModelConverterContextImpl - resolve [simple type, class java.time.LocalDate]
2026-02-25 13:50:39 [http-nio-8080-exec-4] DEBUG i.s.v.c.c.ModelConverterContextImpl - resolve org.springframework.http.ResponseEntity<com.taskmanagement.dto.response.ApiResponse<java.util.List<com.taskmanagement.dto.response.TaskResponse>>>
2026-02-25 13:50:39 [http-nio-8080-exec-4] DEBUG i.s.v.c.c.ModelConverterContextImpl - resolve [simple type, class com.taskmanagement.dto.response.ApiResponse<java.util.List<com.taskmanagement.dto.response.TaskResponse>>]
2026-02-25 13:50:39 [http-nio-8080-exec-4] DEBUG i.s.v.c.c.ModelConverterContextImpl - resolve [simple type, class boolean]
2026-02-25 13:50:39 [http-nio-8080-exec-4] DEBUG i.s.v.c.c.ModelConverterContextImpl - resolve [simple type, class java.lang.String]
2026-02-25 13:50:39 [http-nio-8080-exec-4] DEBUG i.s.v.c.c.ModelConverterContextImpl - resolve [collection type; class java.util.List, contains [simple type, class com.taskmanagement.dto.response.TaskResponse]]
2026-02-25 13:50:39 [http-nio-8080-exec-4] DEBUG i.s.v.c.c.ModelConverterContextImpl - resolve [simple type, class com.taskmanagement.dto.response.TaskResponse]
2026-02-25 13:50:39 [http-nio-8080-exec-4] DEBUG i.s.v.c.c.ModelConverterContextImpl - resolve [simple type, class java.lang.Long]
2026-02-25 13:50:39 [http-nio-8080-exec-4] DEBUG i.s.v.c.c.ModelConverterContextImpl - resolve [simple type, class com.taskmanagement.entity.Task$TaskStatus]
2026-02-25 13:50:39 [http-nio-8080-exec-4] DEBUG i.s.v.c.c.ModelConverterContextImpl - resolve [simple type, class com.taskmanagement.entity.Task$Priority]
2026-02-25 13:50:39 [http-nio-8080-exec-4] DEBUG i.s.v.c.c.ModelConverterContextImpl - resolve [simple type, class java.time.LocalDate]
2026-02-25 13:50:39 [http-nio-8080-exec-4] DEBUG i.s.v.c.c.ModelConverterContextImpl - resolve [simple type, class java.time.LocalDateTime]
2026-02-25 13:50:39 [http-nio-8080-exec-4] DEBUG i.s.v.c.c.ModelConverterContextImpl - resolve [simple type, class java.lang.Integer]
2026-02-25 13:50:39 [http-nio-8080-exec-4] DEBUG i.s.v.c.c.ModelConverterContextImpl - resolve [simple type, class java.lang.Double]
2026-02-25 13:50:39 [http-nio-8080-exec-4] DEBUG i.s.v.c.c.ModelConverterContextImpl - resolve [collection type; class java.util.List, contains [simple type, class java.lang.String]]
2026-02-25 13:50:39 [http-nio-8080-exec-4] DEBUG i.s.v.c.c.ModelConverterContextImpl - resolve [simple type, class com.taskmanagement.dto.response.ApiResponse$PageInfo]
2026-02-25 13:50:39 [http-nio-8080-exec-4] DEBUG i.s.v.c.c.ModelConverterContextImpl - resolve [simple type, class int]
2026-02-25 13:50:39 [http-nio-8080-exec-4] DEBUG i.s.v.c.c.ModelConverterContextImpl - resolve [simple type, class long]
2026-02-25 13:50:39 [http-nio-8080-exec-4] DEBUG i.s.v.c.c.ModelConverterContextImpl - resolve class com.taskmanagement.dto.request.GoalRequest$Create
2026-02-25 13:50:39 [http-nio-8080-exec-4] DEBUG i.s.v.c.c.ModelConverterContextImpl - resolve [simple type, class java.lang.Long]
2026-02-25 13:50:39 [http-nio-8080-exec-4] DEBUG i.s.v.c.c.ModelConverterContextImpl - resolve [simple type, class java.lang.String]
2026-02-25 13:50:39 [http-nio-8080-exec-4] DEBUG i.s.v.c.c.ModelConverterContextImpl - resolve [simple type, class java.lang.String]
2026-02-25 13:50:39 [http-nio-8080-exec-4] DEBUG i.s.v.c.c.ModelConverterContextImpl - resolve [simple type, class com.taskmanagement.entity.Goal$Priority]
2026-02-25 13:50:39 [http-nio-8080-exec-4] DEBUG i.s.v.c.c.ModelConverterContextImpl - resolve [simple type, class java.time.LocalDate]
2026-02-25 13:50:39 [http-nio-8080-exec-4] DEBUG i.s.v.c.c.ModelConverterContextImpl - resolve org.springframework.http.ResponseEntity<com.taskmanagement.dto.response.ApiResponse<com.taskmanagement.dto.response.GoalResponse>>
2026-02-25 13:50:39 [http-nio-8080-exec-4] DEBUG i.s.v.c.c.ModelConverterContextImpl - resolve [simple type, class com.taskmanagement.dto.response.ApiResponse<com.taskmanagement.dto.response.GoalResponse>]
2026-02-25 13:50:39 [http-nio-8080-exec-4] DEBUG i.s.v.c.c.ModelConverterContextImpl - resolve [simple type, class boolean]
2026-02-25 13:50:39 [http-nio-8080-exec-4] DEBUG i.s.v.c.c.ModelConverterContextImpl - resolve [simple type, class java.lang.String]
2026-02-25 13:50:39 [http-nio-8080-exec-4] DEBUG i.s.v.c.c.ModelConverterContextImpl - resolve [simple type, class com.taskmanagement.dto.response.GoalResponse]
2026-02-25 13:50:39 [http-nio-8080-exec-4] DEBUG i.s.v.c.c.ModelConverterContextImpl - resolve [simple type, class java.lang.Long]
2026-02-25 13:50:39 [http-nio-8080-exec-4] DEBUG i.s.v.c.c.ModelConverterContextImpl - resolve [simple type, class com.taskmanagement.entity.Goal$GoalStatus]
2026-02-25 13:50:39 [http-nio-8080-exec-4] DEBUG i.s.v.c.c.ModelConverterContextImpl - resolve [simple type, class com.taskmanagement.entity.Goal$Priority]
2026-02-25 13:50:39 [http-nio-8080-exec-4] DEBUG i.s.v.c.c.ModelConverterContextImpl - resolve [simple type, class java.time.LocalDate]
2026-02-25 13:50:39 [http-nio-8080-exec-4] DEBUG i.s.v.c.c.ModelConverterContextImpl - resolve [simple type, class java.lang.Integer]
2026-02-25 13:50:39 [http-nio-8080-exec-4] DEBUG i.s.v.c.c.ModelConverterContextImpl - resolve [simple type, class java.time.LocalDateTime]
2026-02-25 13:50:39 [http-nio-8080-exec-4] DEBUG i.s.v.c.c.ModelConverterContextImpl - resolve [simple type, class com.taskmanagement.dto.response.GoalResponse$GoalStats]
2026-02-25 13:50:39 [http-nio-8080-exec-4] DEBUG i.s.v.c.c.ModelConverterContextImpl - resolve [simple type, class long]
2026-02-25 13:50:39 [http-nio-8080-exec-4] DEBUG i.s.v.c.c.ModelConverterContextImpl - resolve [collection type; class java.util.List, contains [simple type, class com.taskmanagement.dto.response.TaskResponse]]
2026-02-25 13:50:39 [http-nio-8080-exec-4] DEBUG i.s.v.c.c.ModelConverterContextImpl - resolve [simple type, class com.taskmanagement.dto.response.TaskResponse]
2026-02-25 13:50:39 [http-nio-8080-exec-4] DEBUG i.s.v.c.c.ModelConverterContextImpl - resolve [simple type, class com.taskmanagement.entity.Task$TaskStatus]
2026-02-25 13:50:39 [http-nio-8080-exec-4] DEBUG i.s.v.c.c.ModelConverterContextImpl - resolve [simple type, class com.taskmanagement.entity.Task$Priority]
2026-02-25 13:50:39 [http-nio-8080-exec-4] DEBUG i.s.v.c.c.ModelConverterContextImpl - resolve [simple type, class java.lang.Double]
2026-02-25 13:50:39 [http-nio-8080-exec-4] DEBUG i.s.v.c.c.ModelConverterContextImpl - resolve [collection type; class java.util.List, contains [simple type, class java.lang.String]]
2026-02-25 13:50:39 [http-nio-8080-exec-4] DEBUG i.s.v.c.c.ModelConverterContextImpl - resolve [simple type, class com.taskmanagement.dto.response.ApiResponse$PageInfo]
2026-02-25 13:50:39 [http-nio-8080-exec-4] DEBUG i.s.v.c.c.ModelConverterContextImpl - resolve [simple type, class int]
2026-02-25 13:50:39 [http-nio-8080-exec-4] DEBUG i.s.v.c.c.ModelConverterContextImpl - resolve class java.lang.Long
2026-02-25 13:50:39 [http-nio-8080-exec-4] DEBUG i.s.v.c.c.ModelConverterContextImpl - resolve class com.taskmanagement.dto.request.TaskRequest$StatusUpdate
2026-02-25 13:50:39 [http-nio-8080-exec-4] DEBUG i.s.v.c.c.ModelConverterContextImpl - resolve [simple type, class java.lang.Boolean]
2026-02-25 13:50:39 [http-nio-8080-exec-4] DEBUG i.s.v.c.c.ModelConverterContextImpl - resolve org.springframework.http.ResponseEntity<com.taskmanagement.dto.response.ApiResponse<com.taskmanagement.dto.response.TaskResponse>>
2026-02-25 13:50:39 [http-nio-8080-exec-4] DEBUG i.s.v.c.c.ModelConverterContextImpl - resolve [simple type, class com.taskmanagement.dto.response.ApiResponse<com.taskmanagement.dto.response.TaskResponse>]
2026-02-25 13:50:39 [http-nio-8080-exec-4] DEBUG i.s.v.c.c.ModelConverterContextImpl - resolve [simple type, class boolean]
2026-02-25 13:50:39 [http-nio-8080-exec-4] DEBUG i.s.v.c.c.ModelConverterContextImpl - resolve [simple type, class java.lang.String]
2026-02-25 13:50:39 [http-nio-8080-exec-4] DEBUG i.s.v.c.c.ModelConverterContextImpl - resolve [simple type, class com.taskmanagement.dto.response.TaskResponse]
2026-02-25 13:50:39 [http-nio-8080-exec-4] DEBUG i.s.v.c.c.ModelConverterContextImpl - resolve [simple type, class java.lang.Long]
2026-02-25 13:50:39 [http-nio-8080-exec-4] DEBUG i.s.v.c.c.ModelConverterContextImpl - resolve [simple type, class com.taskmanagement.entity.Task$TaskStatus]
2026-02-25 13:50:39 [http-nio-8080-exec-4] DEBUG i.s.v.c.c.ModelConverterContextImpl - resolve [simple type, class com.taskmanagement.entity.Task$Priority]
2026-02-25 13:50:39 [http-nio-8080-exec-4] DEBUG i.s.v.c.c.ModelConverterContextImpl - resolve [simple type, class java.time.LocalDate]
2026-02-25 13:50:39 [http-nio-8080-exec-4] DEBUG i.s.v.c.c.ModelConverterContextImpl - resolve [simple type, class java.time.LocalDateTime]
2026-02-25 13:50:39 [http-nio-8080-exec-4] DEBUG i.s.v.c.c.ModelConverterContextImpl - resolve [simple type, class java.lang.Integer]
2026-02-25 13:50:39 [http-nio-8080-exec-4] DEBUG i.s.v.c.c.ModelConverterContextImpl - resolve [simple type, class java.lang.Double]
2026-02-25 13:50:39 [http-nio-8080-exec-4] DEBUG i.s.v.c.c.ModelConverterContextImpl - resolve [collection type; class java.util.List, contains [simple type, class java.lang.String]]
2026-02-25 13:50:39 [http-nio-8080-exec-4] DEBUG i.s.v.c.c.ModelConverterContextImpl - resolve [simple type, class com.taskmanagement.dto.response.ApiResponse$PageInfo]
2026-02-25 13:50:39 [http-nio-8080-exec-4] DEBUG i.s.v.c.c.ModelConverterContextImpl - resolve [simple type, class int]
2026-02-25 13:50:39 [http-nio-8080-exec-4] DEBUG i.s.v.c.c.ModelConverterContextImpl - resolve [simple type, class long]
2026-02-25 13:50:39 [http-nio-8080-exec-4] DEBUG i.s.v.c.c.ModelConverterContextImpl - resolve class java.lang.Long
2026-02-25 13:50:39 [http-nio-8080-exec-4] DEBUG i.s.v.c.c.ModelConverterContextImpl - resolve class com.taskmanagement.dto.request.GoalRequest$StatusUpdate
2026-02-25 13:50:39 [http-nio-8080-exec-4] DEBUG i.s.v.c.c.ModelConverterContextImpl - resolve [simple type, class com.taskmanagement.entity.Goal$GoalStatus]
2026-02-25 13:50:39 [http-nio-8080-exec-4] DEBUG i.s.v.c.c.ModelConverterContextImpl - resolve org.springframework.http.ResponseEntity<com.taskmanagement.dto.response.ApiResponse<com.taskmanagement.dto.response.GoalResponse>>
2026-02-25 13:50:39 [http-nio-8080-exec-4] DEBUG i.s.v.c.c.ModelConverterContextImpl - resolve [simple type, class com.taskmanagement.dto.response.ApiResponse<com.taskmanagement.dto.response.GoalResponse>]
2026-02-25 13:50:39 [http-nio-8080-exec-4] DEBUG i.s.v.c.c.ModelConverterContextImpl - resolve [simple type, class boolean]
2026-02-25 13:50:39 [http-nio-8080-exec-4] DEBUG i.s.v.c.c.ModelConverterContextImpl - resolve [simple type, class java.lang.String]
2026-02-25 13:50:39 [http-nio-8080-exec-4] DEBUG i.s.v.c.c.ModelConverterContextImpl - resolve [simple type, class com.taskmanagement.dto.response.GoalResponse]
2026-02-25 13:50:39 [http-nio-8080-exec-4] DEBUG i.s.v.c.c.ModelConverterContextImpl - resolve [simple type, class java.lang.Long]
2026-02-25 13:50:39 [http-nio-8080-exec-4] DEBUG i.s.v.c.c.ModelConverterContextImpl - resolve [simple type, class com.taskmanagement.entity.Goal$GoalStatus]
2026-02-25 13:50:39 [http-nio-8080-exec-4] DEBUG i.s.v.c.c.ModelConverterContextImpl - resolve [simple type, class com.taskmanagement.entity.Goal$Priority]
2026-02-25 13:50:39 [http-nio-8080-exec-4] DEBUG i.s.v.c.c.ModelConverterContextImpl - resolve [simple type, class java.time.LocalDate]
2026-02-25 13:50:39 [http-nio-8080-exec-4] DEBUG i.s.v.c.c.ModelConverterContextImpl - resolve [simple type, class java.lang.Integer]
2026-02-25 13:50:39 [http-nio-8080-exec-4] DEBUG i.s.v.c.c.ModelConverterContextImpl - resolve [simple type, class java.time.LocalDateTime]
2026-02-25 13:50:39 [http-nio-8080-exec-4] DEBUG i.s.v.c.c.ModelConverterContextImpl - resolve [simple type, class com.taskmanagement.dto.response.GoalResponse$GoalStats]
2026-02-25 13:50:39 [http-nio-8080-exec-4] DEBUG i.s.v.c.c.ModelConverterContextImpl - resolve [simple type, class long]
2026-02-25 13:50:39 [http-nio-8080-exec-4] DEBUG i.s.v.c.c.ModelConverterContextImpl - resolve [collection type; class java.util.List, contains [simple type, class com.taskmanagement.dto.response.TaskResponse]]
2026-02-25 13:50:39 [http-nio-8080-exec-4] DEBUG i.s.v.c.c.ModelConverterContextImpl - resolve [simple type, class com.taskmanagement.dto.response.TaskResponse]
2026-02-25 13:50:39 [http-nio-8080-exec-4] DEBUG i.s.v.c.c.ModelConverterContextImpl - resolve [simple type, class com.taskmanagement.entity.Task$TaskStatus]
2026-02-25 13:50:39 [http-nio-8080-exec-4] DEBUG i.s.v.c.c.ModelConverterContextImpl - resolve [simple type, class com.taskmanagement.entity.Task$Priority]
2026-02-25 13:50:39 [http-nio-8080-exec-4] DEBUG i.s.v.c.c.ModelConverterContextImpl - resolve [simple type, class java.lang.Double]
2026-02-25 13:50:39 [http-nio-8080-exec-4] DEBUG i.s.v.c.c.ModelConverterContextImpl - resolve [collection type; class java.util.List, contains [simple type, class java.lang.String]]
2026-02-25 13:50:39 [http-nio-8080-exec-4] DEBUG i.s.v.c.c.ModelConverterContextImpl - resolve [simple type, class com.taskmanagement.dto.response.ApiResponse$PageInfo]
2026-02-25 13:50:39 [http-nio-8080-exec-4] DEBUG i.s.v.c.c.ModelConverterContextImpl - resolve [simple type, class int]
2026-02-25 13:50:39 [http-nio-8080-exec-4] DEBUG i.s.v.c.c.ModelConverterContextImpl - resolve class java.lang.Long
2026-02-25 13:50:39 [http-nio-8080-exec-4] DEBUG i.s.v.c.c.ModelConverterContextImpl - resolve org.springframework.http.ResponseEntity<com.taskmanagement.dto.response.ApiResponse<com.taskmanagement.dto.response.TaskResponse>>
2026-02-25 13:50:39 [http-nio-8080-exec-4] DEBUG i.s.v.c.c.ModelConverterContextImpl - resolve [simple type, class com.taskmanagement.dto.response.ApiResponse<com.taskmanagement.dto.response.TaskResponse>]
2026-02-25 13:50:39 [http-nio-8080-exec-4] DEBUG i.s.v.c.c.ModelConverterContextImpl - resolve [simple type, class boolean]
2026-02-25 13:50:39 [http-nio-8080-exec-4] DEBUG i.s.v.c.c.ModelConverterContextImpl - resolve [simple type, class java.lang.String]
2026-02-25 13:50:39 [http-nio-8080-exec-4] DEBUG i.s.v.c.c.ModelConverterContextImpl - resolve [simple type, class com.taskmanagement.dto.response.TaskResponse]
2026-02-25 13:50:39 [http-nio-8080-exec-4] DEBUG i.s.v.c.c.ModelConverterContextImpl - resolve [simple type, class java.lang.Long]
2026-02-25 13:50:39 [http-nio-8080-exec-4] DEBUG i.s.v.c.c.ModelConverterContextImpl - resolve [simple type, class com.taskmanagement.entity.Task$TaskStatus]
2026-02-25 13:50:39 [http-nio-8080-exec-4] DEBUG i.s.v.c.c.ModelConverterContextImpl - resolve [simple type, class com.taskmanagement.entity.Task$Priority]
2026-02-25 13:50:39 [http-nio-8080-exec-4] DEBUG i.s.v.c.c.ModelConverterContextImpl - resolve [simple type, class java.time.LocalDate]
2026-02-25 13:50:39 [http-nio-8080-exec-4] DEBUG i.s.v.c.c.ModelConverterContextImpl - resolve [simple type, class java.time.LocalDateTime]
2026-02-25 13:50:39 [http-nio-8080-exec-4] DEBUG i.s.v.c.c.ModelConverterContextImpl - resolve [simple type, class java.lang.Integer]
2026-02-25 13:50:39 [http-nio-8080-exec-4] DEBUG i.s.v.c.c.ModelConverterContextImpl - resolve [simple type, class java.lang.Double]
2026-02-25 13:50:39 [http-nio-8080-exec-4] DEBUG i.s.v.c.c.ModelConverterContextImpl - resolve [collection type; class java.util.List, contains [simple type, class java.lang.String]]
2026-02-25 13:50:39 [http-nio-8080-exec-4] DEBUG i.s.v.c.c.ModelConverterContextImpl - resolve [simple type, class com.taskmanagement.dto.response.ApiResponse$PageInfo]
2026-02-25 13:50:39 [http-nio-8080-exec-4] DEBUG i.s.v.c.c.ModelConverterContextImpl - resolve [simple type, class int]
2026-02-25 13:50:39 [http-nio-8080-exec-4] DEBUG i.s.v.c.c.ModelConverterContextImpl - resolve [simple type, class long]
2026-02-25 13:50:39 [http-nio-8080-exec-4] DEBUG i.s.v.c.c.ModelConverterContextImpl - resolve class java.lang.Long
2026-02-25 13:50:39 [http-nio-8080-exec-4] DEBUG i.s.v.c.c.ModelConverterContextImpl - resolve org.springframework.http.ResponseEntity<com.taskmanagement.dto.response.ApiResponse<java.util.List<com.taskmanagement.dto.response.TaskResponse>>>
2026-02-25 13:50:39 [http-nio-8080-exec-4] DEBUG i.s.v.c.c.ModelConverterContextImpl - resolve [simple type, class com.taskmanagement.dto.response.ApiResponse<java.util.List<com.taskmanagement.dto.response.TaskResponse>>]
2026-02-25 13:50:39 [http-nio-8080-exec-4] DEBUG i.s.v.c.c.ModelConverterContextImpl - resolve [simple type, class boolean]
2026-02-25 13:50:39 [http-nio-8080-exec-4] DEBUG i.s.v.c.c.ModelConverterContextImpl - resolve [simple type, class java.lang.String]
2026-02-25 13:50:39 [http-nio-8080-exec-4] DEBUG i.s.v.c.c.ModelConverterContextImpl - resolve [collection type; class java.util.List, contains [simple type, class com.taskmanagement.dto.response.TaskResponse]]
2026-02-25 13:50:39 [http-nio-8080-exec-4] DEBUG i.s.v.c.c.ModelConverterContextImpl - resolve [simple type, class com.taskmanagement.dto.response.TaskResponse]
2026-02-25 13:50:39 [http-nio-8080-exec-4] DEBUG i.s.v.c.c.ModelConverterContextImpl - resolve [simple type, class java.lang.Long]
2026-02-25 13:50:39 [http-nio-8080-exec-4] DEBUG i.s.v.c.c.ModelConverterContextImpl - resolve [simple type, class com.taskmanagement.entity.Task$TaskStatus]
2026-02-25 13:50:39 [http-nio-8080-exec-4] DEBUG i.s.v.c.c.ModelConverterContextImpl - resolve [simple type, class com.taskmanagement.entity.Task$Priority]
2026-02-25 13:50:39 [http-nio-8080-exec-4] DEBUG i.s.v.c.c.ModelConverterContextImpl - resolve [simple type, class java.time.LocalDate]
2026-02-25 13:50:39 [http-nio-8080-exec-4] DEBUG i.s.v.c.c.ModelConverterContextImpl - resolve [simple type, class java.time.LocalDateTime]
2026-02-25 13:50:39 [http-nio-8080-exec-4] DEBUG i.s.v.c.c.ModelConverterContextImpl - resolve [simple type, class java.lang.Integer]
2026-02-25 13:50:39 [http-nio-8080-exec-4] DEBUG i.s.v.c.c.ModelConverterContextImpl - resolve [simple type, class java.lang.Double]
2026-02-25 13:50:39 [http-nio-8080-exec-4] DEBUG i.s.v.c.c.ModelConverterContextImpl - resolve [collection type; class java.util.List, contains [simple type, class java.lang.String]]
2026-02-25 13:50:39 [http-nio-8080-exec-4] DEBUG i.s.v.c.c.ModelConverterContextImpl - resolve [simple type, class com.taskmanagement.dto.response.ApiResponse$PageInfo]
2026-02-25 13:50:39 [http-nio-8080-exec-4] DEBUG i.s.v.c.c.ModelConverterContextImpl - resolve [simple type, class int]
2026-02-25 13:50:39 [http-nio-8080-exec-4] DEBUG i.s.v.c.c.ModelConverterContextImpl - resolve [simple type, class long]
2026-02-25 13:50:39 [http-nio-8080-exec-4] DEBUG i.s.v.c.c.ModelConverterContextImpl - resolve class java.lang.Long
2026-02-25 13:50:39 [http-nio-8080-exec-4] DEBUG i.s.v.c.c.ModelConverterContextImpl - resolve org.springframework.http.ResponseEntity<com.taskmanagement.dto.response.ApiResponse<java.util.List<com.taskmanagement.dto.response.TaskResponse>>>
2026-02-25 13:50:39 [http-nio-8080-exec-4] DEBUG i.s.v.c.c.ModelConverterContextImpl - resolve [simple type, class com.taskmanagement.dto.response.ApiResponse<java.util.List<com.taskmanagement.dto.response.TaskResponse>>]
2026-02-25 13:50:39 [http-nio-8080-exec-4] DEBUG i.s.v.c.c.ModelConverterContextImpl - resolve [simple type, class boolean]
2026-02-25 13:50:39 [http-nio-8080-exec-4] DEBUG i.s.v.c.c.ModelConverterContextImpl - resolve [simple type, class java.lang.String]
2026-02-25 13:50:39 [http-nio-8080-exec-4] DEBUG i.s.v.c.c.ModelConverterContextImpl - resolve [collection type; class java.util.List, contains [simple type, class com.taskmanagement.dto.response.TaskResponse]]
2026-02-25 13:50:39 [http-nio-8080-exec-4] DEBUG i.s.v.c.c.ModelConverterContextImpl - resolve [simple type, class com.taskmanagement.dto.response.TaskResponse]
2026-02-25 13:50:39 [http-nio-8080-exec-4] DEBUG i.s.v.c.c.ModelConverterContextImpl - resolve [simple type, class java.lang.Long]
2026-02-25 13:50:39 [http-nio-8080-exec-4] DEBUG i.s.v.c.c.ModelConverterContextImpl - resolve [simple type, class com.taskmanagement.entity.Task$TaskStatus]
2026-02-25 13:50:39 [http-nio-8080-exec-4] DEBUG i.s.v.c.c.ModelConverterContextImpl - resolve [simple type, class com.taskmanagement.entity.Task$Priority]
2026-02-25 13:50:39 [http-nio-8080-exec-4] DEBUG i.s.v.c.c.ModelConverterContextImpl - resolve [simple type, class java.time.LocalDate]
2026-02-25 13:50:39 [http-nio-8080-exec-4] DEBUG i.s.v.c.c.ModelConverterContextImpl - resolve [simple type, class java.time.LocalDateTime]
2026-02-25 13:50:39 [http-nio-8080-exec-4] DEBUG i.s.v.c.c.ModelConverterContextImpl - resolve [simple type, class java.lang.Integer]
2026-02-25 13:50:39 [http-nio-8080-exec-4] DEBUG i.s.v.c.c.ModelConverterContextImpl - resolve [simple type, class java.lang.Double]
2026-02-25 13:50:39 [http-nio-8080-exec-4] DEBUG i.s.v.c.c.ModelConverterContextImpl - resolve [collection type; class java.util.List, contains [simple type, class java.lang.String]]
2026-02-25 13:50:39 [http-nio-8080-exec-4] DEBUG i.s.v.c.c.ModelConverterContextImpl - resolve [simple type, class com.taskmanagement.dto.response.ApiResponse$PageInfo]
2026-02-25 13:50:39 [http-nio-8080-exec-4] DEBUG i.s.v.c.c.ModelConverterContextImpl - resolve [simple type, class int]
2026-02-25 13:50:39 [http-nio-8080-exec-4] DEBUG i.s.v.c.c.ModelConverterContextImpl - resolve [simple type, class long]
2026-02-25 13:50:39 [http-nio-8080-exec-4] DEBUG i.s.v.c.c.ModelConverterContextImpl - resolve class java.lang.Long
2026-02-25 13:50:39 [http-nio-8080-exec-4] DEBUG i.s.v.c.c.ModelConverterContextImpl - resolve org.springframework.http.ResponseEntity<com.taskmanagement.dto.response.ApiResponse<java.util.List<com.taskmanagement.dto.response.TaskResponse>>>
2026-02-25 13:50:39 [http-nio-8080-exec-4] DEBUG i.s.v.c.c.ModelConverterContextImpl - resolve [simple type, class com.taskmanagement.dto.response.ApiResponse<java.util.List<com.taskmanagement.dto.response.TaskResponse>>]
2026-02-25 13:50:39 [http-nio-8080-exec-4] DEBUG i.s.v.c.c.ModelConverterContextImpl - resolve [simple type, class boolean]
2026-02-25 13:50:39 [http-nio-8080-exec-4] DEBUG i.s.v.c.c.ModelConverterContextImpl - resolve [simple type, class java.lang.String]
2026-02-25 13:50:39 [http-nio-8080-exec-4] DEBUG i.s.v.c.c.ModelConverterContextImpl - resolve [collection type; class java.util.List, contains [simple type, class com.taskmanagement.dto.response.TaskResponse]]
2026-02-25 13:50:39 [http-nio-8080-exec-4] DEBUG i.s.v.c.c.ModelConverterContextImpl - resolve [simple type, class com.taskmanagement.dto.response.TaskResponse]
2026-02-25 13:50:39 [http-nio-8080-exec-4] DEBUG i.s.v.c.c.ModelConverterContextImpl - resolve [simple type, class java.lang.Long]
2026-02-25 13:50:39 [http-nio-8080-exec-4] DEBUG i.s.v.c.c.ModelConverterContextImpl - resolve [simple type, class com.taskmanagement.entity.Task$TaskStatus]
2026-02-25 13:50:39 [http-nio-8080-exec-4] DEBUG i.s.v.c.c.ModelConverterContextImpl - resolve [simple type, class com.taskmanagement.entity.Task$Priority]
2026-02-25 13:50:39 [http-nio-8080-exec-4] DEBUG i.s.v.c.c.ModelConverterContextImpl - resolve [simple type, class java.time.LocalDate]
2026-02-25 13:50:39 [http-nio-8080-exec-4] DEBUG i.s.v.c.c.ModelConverterContextImpl - resolve [simple type, class java.time.LocalDateTime]
2026-02-25 13:50:39 [http-nio-8080-exec-4] DEBUG i.s.v.c.c.ModelConverterContextImpl - resolve [simple type, class java.lang.Integer]
2026-02-25 13:50:39 [http-nio-8080-exec-4] DEBUG i.s.v.c.c.ModelConverterContextImpl - resolve [simple type, class java.lang.Double]
2026-02-25 13:50:39 [http-nio-8080-exec-4] DEBUG i.s.v.c.c.ModelConverterContextImpl - resolve [collection type; class java.util.List, contains [simple type, class java.lang.String]]
2026-02-25 13:50:39 [http-nio-8080-exec-4] DEBUG i.s.v.c.c.ModelConverterContextImpl - resolve [simple type, class com.taskmanagement.dto.response.ApiResponse$PageInfo]
2026-02-25 13:50:39 [http-nio-8080-exec-4] DEBUG i.s.v.c.c.ModelConverterContextImpl - resolve [simple type, class int]
2026-02-25 13:50:39 [http-nio-8080-exec-4] DEBUG i.s.v.c.c.ModelConverterContextImpl - resolve [simple type, class long]
2026-02-25 13:50:39 [http-nio-8080-exec-4] DEBUG i.s.v.c.c.ModelConverterContextImpl - resolve class java.lang.Long
2026-02-25 13:50:39 [http-nio-8080-exec-4] DEBUG i.s.v.c.c.ModelConverterContextImpl - resolve class java.time.LocalDate
2026-02-25 13:50:39 [http-nio-8080-exec-4] DEBUG i.s.v.c.c.ModelConverterContextImpl - resolve org.springframework.http.ResponseEntity<com.taskmanagement.dto.response.ApiResponse<java.util.List<com.taskmanagement.dto.response.TaskResponse>>>
2026-02-25 13:50:39 [http-nio-8080-exec-4] DEBUG i.s.v.c.c.ModelConverterContextImpl - resolve [simple type, class com.taskmanagement.dto.response.ApiResponse<java.util.List<com.taskmanagement.dto.response.TaskResponse>>]
2026-02-25 13:50:39 [http-nio-8080-exec-4] DEBUG i.s.v.c.c.ModelConverterContextImpl - resolve [simple type, class boolean]
2026-02-25 13:50:39 [http-nio-8080-exec-4] DEBUG i.s.v.c.c.ModelConverterContextImpl - resolve [simple type, class java.lang.String]
2026-02-25 13:50:39 [http-nio-8080-exec-4] DEBUG i.s.v.c.c.ModelConverterContextImpl - resolve [collection type; class java.util.List, contains [simple type, class com.taskmanagement.dto.response.TaskResponse]]
2026-02-25 13:50:39 [http-nio-8080-exec-4] DEBUG i.s.v.c.c.ModelConverterContextImpl - resolve [simple type, class com.taskmanagement.dto.response.TaskResponse]
2026-02-25 13:50:39 [http-nio-8080-exec-4] DEBUG i.s.v.c.c.ModelConverterContextImpl - resolve [simple type, class java.lang.Long]
2026-02-25 13:50:39 [http-nio-8080-exec-4] DEBUG i.s.v.c.c.ModelConverterContextImpl - resolve [simple type, class com.taskmanagement.entity.Task$TaskStatus]
2026-02-25 13:50:39 [http-nio-8080-exec-4] DEBUG i.s.v.c.c.ModelConverterContextImpl - resolve [simple type, class com.taskmanagement.entity.Task$Priority]
2026-02-25 13:50:39 [http-nio-8080-exec-4] DEBUG i.s.v.c.c.ModelConverterContextImpl - resolve [simple type, class java.time.LocalDate]
2026-02-25 13:50:39 [http-nio-8080-exec-4] DEBUG i.s.v.c.c.ModelConverterContextImpl - resolve [simple type, class java.time.LocalDateTime]
2026-02-25 13:50:39 [http-nio-8080-exec-4] DEBUG i.s.v.c.c.ModelConverterContextImpl - resolve [simple type, class java.lang.Integer]
2026-02-25 13:50:39 [http-nio-8080-exec-4] DEBUG i.s.v.c.c.ModelConverterContextImpl - resolve [simple type, class java.lang.Double]
2026-02-25 13:50:39 [http-nio-8080-exec-4] DEBUG i.s.v.c.c.ModelConverterContextImpl - resolve [collection type; class java.util.List, contains [simple type, class java.lang.String]]
2026-02-25 13:50:39 [http-nio-8080-exec-4] DEBUG i.s.v.c.c.ModelConverterContextImpl - resolve [simple type, class com.taskmanagement.dto.response.ApiResponse$PageInfo]
2026-02-25 13:50:39 [http-nio-8080-exec-4] DEBUG i.s.v.c.c.ModelConverterContextImpl - resolve [simple type, class int]
2026-02-25 13:50:39 [http-nio-8080-exec-4] DEBUG i.s.v.c.c.ModelConverterContextImpl - resolve [simple type, class long]
2026-02-25 13:50:39 [http-nio-8080-exec-4] DEBUG i.s.v.c.c.ModelConverterContextImpl - resolve class java.lang.Long
2026-02-25 13:50:39 [http-nio-8080-exec-4] DEBUG i.s.v.c.c.ModelConverterContextImpl - resolve org.springframework.http.ResponseEntity<com.taskmanagement.dto.response.ApiResponse<java.util.List<com.taskmanagement.dto.response.TaskResponse>>>
2026-02-25 13:50:39 [http-nio-8080-exec-4] DEBUG i.s.v.c.c.ModelConverterContextImpl - resolve [simple type, class com.taskmanagement.dto.response.ApiResponse<java.util.List<com.taskmanagement.dto.response.TaskResponse>>]
2026-02-25 13:50:39 [http-nio-8080-exec-4] DEBUG i.s.v.c.c.ModelConverterContextImpl - resolve [simple type, class boolean]
2026-02-25 13:50:39 [http-nio-8080-exec-4] DEBUG i.s.v.c.c.ModelConverterContextImpl - resolve [simple type, class java.lang.String]
2026-02-25 13:50:39 [http-nio-8080-exec-4] DEBUG i.s.v.c.c.ModelConverterContextImpl - resolve [collection type; class java.util.List, contains [simple type, class com.taskmanagement.dto.response.TaskResponse]]
2026-02-25 13:50:39 [http-nio-8080-exec-4] DEBUG i.s.v.c.c.ModelConverterContextImpl - resolve [simple type, class com.taskmanagement.dto.response.TaskResponse]
2026-02-25 13:50:39 [http-nio-8080-exec-4] DEBUG i.s.v.c.c.ModelConverterContextImpl - resolve [simple type, class java.lang.Long]
2026-02-25 13:50:39 [http-nio-8080-exec-4] DEBUG i.s.v.c.c.ModelConverterContextImpl - resolve [simple type, class com.taskmanagement.entity.Task$TaskStatus]
2026-02-25 13:50:39 [http-nio-8080-exec-4] DEBUG i.s.v.c.c.ModelConverterContextImpl - resolve [simple type, class com.taskmanagement.entity.Task$Priority]
2026-02-25 13:50:39 [http-nio-8080-exec-4] DEBUG i.s.v.c.c.ModelConverterContextImpl - resolve [simple type, class java.time.LocalDate]
2026-02-25 13:50:39 [http-nio-8080-exec-4] DEBUG i.s.v.c.c.ModelConverterContextImpl - resolve [simple type, class java.time.LocalDateTime]
2026-02-25 13:50:39 [http-nio-8080-exec-4] DEBUG i.s.v.c.c.ModelConverterContextImpl - resolve [simple type, class java.lang.Integer]
2026-02-25 13:50:39 [http-nio-8080-exec-4] DEBUG i.s.v.c.c.ModelConverterContextImpl - resolve [simple type, class java.lang.Double]
2026-02-25 13:50:39 [http-nio-8080-exec-4] DEBUG i.s.v.c.c.ModelConverterContextImpl - resolve [collection type; class java.util.List, contains [simple type, class java.lang.String]]
2026-02-25 13:50:39 [http-nio-8080-exec-4] DEBUG i.s.v.c.c.ModelConverterContextImpl - resolve [simple type, class com.taskmanagement.dto.response.ApiResponse$PageInfo]
2026-02-25 13:50:39 [http-nio-8080-exec-4] DEBUG i.s.v.c.c.ModelConverterContextImpl - resolve [simple type, class int]
2026-02-25 13:50:39 [http-nio-8080-exec-4] DEBUG i.s.v.c.c.ModelConverterContextImpl - resolve [simple type, class long]
2026-02-25 13:50:39 [http-nio-8080-exec-4] DEBUG i.s.v.c.c.ModelConverterContextImpl - resolve class java.lang.Long
2026-02-25 13:50:39 [http-nio-8080-exec-4] DEBUG i.s.v.c.c.ModelConverterContextImpl - resolve interface org.springframework.data.domain.Pageable
2026-02-25 13:50:39 [http-nio-8080-exec-4] DEBUG i.s.v.c.c.ModelConverterContextImpl - resolve class org.springdoc.core.converters.models.Pageable
2026-02-25 13:50:39 [http-nio-8080-exec-4] DEBUG i.s.v.c.c.ModelConverterContextImpl - resolve [simple type, class java.lang.Integer]
2026-02-25 13:50:39 [http-nio-8080-exec-4] DEBUG i.s.v.c.c.ModelConverterContextImpl - resolve [simple type, class java.lang.Integer]
2026-02-25 13:50:39 [http-nio-8080-exec-4] DEBUG i.s.v.c.c.ModelConverterContextImpl - resolve [collection type; class java.util.List, contains [simple type, class java.lang.String]]
2026-02-25 13:50:39 [http-nio-8080-exec-4] DEBUG i.s.v.c.c.ModelConverterContextImpl - resolve [simple type, class java.lang.String]
2026-02-25 13:50:39 [http-nio-8080-exec-4] DEBUG i.s.v.c.c.ModelConverterContextImpl - resolve org.springframework.http.ResponseEntity<com.taskmanagement.dto.response.ApiResponse<org.springframework.data.domain.Page<com.taskmanagement.dto.response.TaskResponse>>>
2026-02-25 13:50:39 [http-nio-8080-exec-4] DEBUG i.s.v.c.c.ModelConverterContextImpl - resolve [simple type, class com.taskmanagement.dto.response.ApiResponse<org.springframework.data.domain.Page<com.taskmanagement.dto.response.TaskResponse>>]
2026-02-25 13:50:39 [http-nio-8080-exec-4] DEBUG i.s.v.c.c.ModelConverterContextImpl - resolve [simple type, class boolean]
2026-02-25 13:50:39 [http-nio-8080-exec-4] DEBUG i.s.v.c.c.ModelConverterContextImpl - resolve [simple type, class java.lang.String]
2026-02-25 13:50:39 [http-nio-8080-exec-4] DEBUG i.s.v.c.c.ModelConverterContextImpl - resolve [simple type, class org.springframework.data.domain.Page<com.taskmanagement.dto.response.TaskResponse>]
2026-02-25 13:50:39 [http-nio-8080-exec-4] DEBUG i.s.v.c.c.ModelConverterContextImpl - resolve [simple type, class long]
2026-02-25 13:50:39 [http-nio-8080-exec-4] DEBUG i.s.v.c.c.ModelConverterContextImpl - resolve [simple type, class int]
2026-02-25 13:50:39 [http-nio-8080-exec-4] DEBUG i.s.v.c.c.ModelConverterContextImpl - resolve [collection type; class java.util.List, contains [simple type, class com.taskmanagement.dto.response.TaskResponse]]
2026-02-25 13:50:39 [http-nio-8080-exec-4] DEBUG i.s.v.c.c.ModelConverterContextImpl - resolve [simple type, class com.taskmanagement.dto.response.TaskResponse]
2026-02-25 13:50:39 [http-nio-8080-exec-4] DEBUG i.s.v.c.c.ModelConverterContextImpl - resolve [simple type, class java.lang.Long]
2026-02-25 13:50:39 [http-nio-8080-exec-4] DEBUG i.s.v.c.c.ModelConverterContextImpl - resolve [simple type, class com.taskmanagement.entity.Task$TaskStatus]
2026-02-25 13:50:39 [http-nio-8080-exec-4] DEBUG i.s.v.c.c.ModelConverterContextImpl - resolve [simple type, class com.taskmanagement.entity.Task$Priority]
2026-02-25 13:50:39 [http-nio-8080-exec-4] DEBUG i.s.v.c.c.ModelConverterContextImpl - resolve [simple type, class java.time.LocalDate]
2026-02-25 13:50:39 [http-nio-8080-exec-4] DEBUG i.s.v.c.c.ModelConverterContextImpl - resolve [simple type, class java.time.LocalDateTime]
2026-02-25 13:50:39 [http-nio-8080-exec-4] DEBUG i.s.v.c.c.ModelConverterContextImpl - resolve [simple type, class java.lang.Integer]
2026-02-25 13:50:39 [http-nio-8080-exec-4] DEBUG i.s.v.c.c.ModelConverterContextImpl - resolve [simple type, class java.lang.Double]
2026-02-25 13:50:39 [http-nio-8080-exec-4] DEBUG i.s.v.c.c.ModelConverterContextImpl - resolve [simple type, class org.springframework.data.domain.Sort]
2026-02-25 13:50:39 [http-nio-8080-exec-4] DEBUG i.s.v.c.c.ModelConverterContextImpl - resolve class org.springdoc.core.converters.models.SortObject
2026-02-25 13:50:39 [http-nio-8080-exec-4] DEBUG i.s.v.c.c.ModelConverterContextImpl - resolve [simple type, class java.lang.String]
2026-02-25 13:50:39 [http-nio-8080-exec-4] DEBUG i.s.v.c.c.ModelConverterContextImpl - resolve [simple type, class boolean]
2026-02-25 13:50:39 [http-nio-8080-exec-4] DEBUG i.s.v.c.c.ModelConverterContextImpl - resolve [simple type, class org.springframework.data.domain.Pageable]
2026-02-25 13:50:39 [http-nio-8080-exec-4] DEBUG i.s.v.c.c.ModelConverterContextImpl - resolve [collection type; class java.util.List, contains [simple type, class java.lang.String]]
2026-02-25 13:50:39 [http-nio-8080-exec-4] DEBUG i.s.v.c.c.ModelConverterContextImpl - resolve [simple type, class com.taskmanagement.dto.response.ApiResponse$PageInfo]
2026-02-25 13:50:39 [http-nio-8080-exec-4] DEBUG i.s.v.c.c.ModelConverterContextImpl - resolve org.springframework.http.ResponseEntity<com.taskmanagement.controller.HealthController$ServiceInfo>
2026-02-25 13:50:39 [http-nio-8080-exec-4] DEBUG i.s.v.c.c.ModelConverterContextImpl - resolve [simple type, class com.taskmanagement.controller.HealthController$ServiceInfo]
2026-02-25 13:50:39 [http-nio-8080-exec-4] DEBUG i.s.v.c.c.ModelConverterContextImpl - resolve [simple type, class java.lang.String]
2026-02-25 13:50:39 [http-nio-8080-exec-4] DEBUG i.s.v.c.c.ModelConverterContextImpl - resolve org.springframework.http.ResponseEntity<com.taskmanagement.controller.HealthController$HealthStatus>
2026-02-25 13:50:39 [http-nio-8080-exec-4] DEBUG i.s.v.c.c.ModelConverterContextImpl - resolve [simple type, class com.taskmanagement.controller.HealthController$HealthStatus]
2026-02-25 13:50:39 [http-nio-8080-exec-4] DEBUG i.s.v.c.c.ModelConverterContextImpl - resolve [simple type, class java.lang.String]
2026-02-25 13:50:39 [http-nio-8080-exec-4] DEBUG i.s.v.c.c.ModelConverterContextImpl - resolve [simple type, class java.time.LocalDateTime]
2026-02-25 13:50:39 [http-nio-8080-exec-4] DEBUG i.s.v.c.c.ModelConverterContextImpl - resolve class java.lang.Long
2026-02-25 13:50:39 [http-nio-8080-exec-4] DEBUG i.s.v.c.c.ModelConverterContextImpl - resolve boolean
2026-02-25 13:50:39 [http-nio-8080-exec-4] DEBUG i.s.v.c.c.ModelConverterContextImpl - resolve org.springframework.http.ResponseEntity<com.taskmanagement.dto.response.ApiResponse<com.taskmanagement.dto.response.GoalResponse>>
2026-02-25 13:50:39 [http-nio-8080-exec-4] DEBUG i.s.v.c.c.ModelConverterContextImpl - resolve [simple type, class com.taskmanagement.dto.response.ApiResponse<com.taskmanagement.dto.response.GoalResponse>]
2026-02-25 13:50:39 [http-nio-8080-exec-4] DEBUG i.s.v.c.c.ModelConverterContextImpl - resolve [simple type, class boolean]
2026-02-25 13:50:39 [http-nio-8080-exec-4] DEBUG i.s.v.c.c.ModelConverterContextImpl - resolve [simple type, class java.lang.String]
2026-02-25 13:50:39 [http-nio-8080-exec-4] DEBUG i.s.v.c.c.ModelConverterContextImpl - resolve [simple type, class com.taskmanagement.dto.response.GoalResponse]
2026-02-25 13:50:39 [http-nio-8080-exec-4] DEBUG i.s.v.c.c.ModelConverterContextImpl - resolve [simple type, class java.lang.Long]
2026-02-25 13:50:39 [http-nio-8080-exec-4] DEBUG i.s.v.c.c.ModelConverterContextImpl - resolve [simple type, class com.taskmanagement.entity.Goal$GoalStatus]
2026-02-25 13:50:39 [http-nio-8080-exec-4] DEBUG i.s.v.c.c.ModelConverterContextImpl - resolve [simple type, class com.taskmanagement.entity.Goal$Priority]
2026-02-25 13:50:39 [http-nio-8080-exec-4] DEBUG i.s.v.c.c.ModelConverterContextImpl - resolve [simple type, class java.time.LocalDate]
2026-02-25 13:50:39 [http-nio-8080-exec-4] DEBUG i.s.v.c.c.ModelConverterContextImpl - resolve [simple type, class java.lang.Integer]
2026-02-25 13:50:39 [http-nio-8080-exec-4] DEBUG i.s.v.c.c.ModelConverterContextImpl - resolve [simple type, class java.time.LocalDateTime]
2026-02-25 13:50:39 [http-nio-8080-exec-4] DEBUG i.s.v.c.c.ModelConverterContextImpl - resolve [simple type, class com.taskmanagement.dto.response.GoalResponse$GoalStats]
2026-02-25 13:50:39 [http-nio-8080-exec-4] DEBUG i.s.v.c.c.ModelConverterContextImpl - resolve [simple type, class long]
2026-02-25 13:50:39 [http-nio-8080-exec-4] DEBUG i.s.v.c.c.ModelConverterContextImpl - resolve [collection type; class java.util.List, contains [simple type, class com.taskmanagement.dto.response.TaskResponse]]
2026-02-25 13:50:39 [http-nio-8080-exec-4] DEBUG i.s.v.c.c.ModelConverterContextImpl - resolve [simple type, class com.taskmanagement.dto.response.TaskResponse]
2026-02-25 13:50:39 [http-nio-8080-exec-4] DEBUG i.s.v.c.c.ModelConverterContextImpl - resolve [simple type, class com.taskmanagement.entity.Task$TaskStatus]
2026-02-25 13:50:39 [http-nio-8080-exec-4] DEBUG i.s.v.c.c.ModelConverterContextImpl - resolve [simple type, class com.taskmanagement.entity.Task$Priority]
2026-02-25 13:50:39 [http-nio-8080-exec-4] DEBUG i.s.v.c.c.ModelConverterContextImpl - resolve [simple type, class java.lang.Double]
2026-02-25 13:50:39 [http-nio-8080-exec-4] DEBUG i.s.v.c.c.ModelConverterContextImpl - resolve [collection type; class java.util.List, contains [simple type, class java.lang.String]]
2026-02-25 13:50:39 [http-nio-8080-exec-4] DEBUG i.s.v.c.c.ModelConverterContextImpl - resolve [simple type, class com.taskmanagement.dto.response.ApiResponse$PageInfo]
2026-02-25 13:50:39 [http-nio-8080-exec-4] DEBUG i.s.v.c.c.ModelConverterContextImpl - resolve [simple type, class int]
2026-02-25 13:50:39 [http-nio-8080-exec-4] DEBUG i.s.v.c.c.ModelConverterContextImpl - resolve class java.lang.Long
2026-02-25 13:50:39 [http-nio-8080-exec-4] DEBUG i.s.v.c.c.ModelConverterContextImpl - resolve org.springframework.http.ResponseEntity<com.taskmanagement.dto.response.ApiResponse<com.taskmanagement.dto.response.GoalResponse$GoalStats>>
2026-02-25 13:50:39 [http-nio-8080-exec-4] DEBUG i.s.v.c.c.ModelConverterContextImpl - resolve [simple type, class com.taskmanagement.dto.response.ApiResponse<com.taskmanagement.dto.response.GoalResponse$GoalStats>]
2026-02-25 13:50:39 [http-nio-8080-exec-4] DEBUG i.s.v.c.c.ModelConverterContextImpl - resolve [simple type, class boolean]
2026-02-25 13:50:39 [http-nio-8080-exec-4] DEBUG i.s.v.c.c.ModelConverterContextImpl - resolve [simple type, class java.lang.String]
2026-02-25 13:50:39 [http-nio-8080-exec-4] DEBUG i.s.v.c.c.ModelConverterContextImpl - resolve [simple type, class com.taskmanagement.dto.response.GoalResponse$GoalStats]
2026-02-25 13:50:39 [http-nio-8080-exec-4] DEBUG i.s.v.c.c.ModelConverterContextImpl - resolve [simple type, class long]
2026-02-25 13:50:39 [http-nio-8080-exec-4] DEBUG i.s.v.c.c.ModelConverterContextImpl - resolve [collection type; class java.util.List, contains [simple type, class java.lang.String]]
2026-02-25 13:50:39 [http-nio-8080-exec-4] DEBUG i.s.v.c.c.ModelConverterContextImpl - resolve [simple type, class com.taskmanagement.dto.response.ApiResponse$PageInfo]
2026-02-25 13:50:39 [http-nio-8080-exec-4] DEBUG i.s.v.c.c.ModelConverterContextImpl - resolve [simple type, class int]
2026-02-25 13:50:39 [http-nio-8080-exec-4] DEBUG i.s.v.c.c.ModelConverterContextImpl - resolve [simple type, class java.time.LocalDateTime]
2026-02-25 13:50:39 [http-nio-8080-exec-4] DEBUG i.s.v.c.c.ModelConverterContextImpl - resolve class java.lang.Long
2026-02-25 13:50:39 [http-nio-8080-exec-4] DEBUG i.s.v.c.c.ModelConverterContextImpl - resolve org.springframework.http.ResponseEntity<com.taskmanagement.dto.response.ApiResponse<java.util.List<com.taskmanagement.dto.response.GoalResponse>>>
2026-02-25 13:50:39 [http-nio-8080-exec-4] DEBUG i.s.v.c.c.ModelConverterContextImpl - resolve [simple type, class com.taskmanagement.dto.response.ApiResponse<java.util.List<com.taskmanagement.dto.response.GoalResponse>>]
2026-02-25 13:50:39 [http-nio-8080-exec-4] DEBUG i.s.v.c.c.ModelConverterContextImpl - resolve [simple type, class boolean]
2026-02-25 13:50:39 [http-nio-8080-exec-4] DEBUG i.s.v.c.c.ModelConverterContextImpl - resolve [simple type, class java.lang.String]
2026-02-25 13:50:39 [http-nio-8080-exec-4] DEBUG i.s.v.c.c.ModelConverterContextImpl - resolve [collection type; class java.util.List, contains [simple type, class com.taskmanagement.dto.response.GoalResponse]]
2026-02-25 13:50:39 [http-nio-8080-exec-4] DEBUG i.s.v.c.c.ModelConverterContextImpl - resolve [simple type, class com.taskmanagement.dto.response.GoalResponse]
2026-02-25 13:50:39 [http-nio-8080-exec-4] DEBUG i.s.v.c.c.ModelConverterContextImpl - resolve [simple type, class java.lang.Long]
2026-02-25 13:50:39 [http-nio-8080-exec-4] DEBUG i.s.v.c.c.ModelConverterContextImpl - resolve [simple type, class com.taskmanagement.entity.Goal$GoalStatus]
2026-02-25 13:50:39 [http-nio-8080-exec-4] DEBUG i.s.v.c.c.ModelConverterContextImpl - resolve [simple type, class com.taskmanagement.entity.Goal$Priority]
2026-02-25 13:50:39 [http-nio-8080-exec-4] DEBUG i.s.v.c.c.ModelConverterContextImpl - resolve [simple type, class java.time.LocalDate]
2026-02-25 13:50:39 [http-nio-8080-exec-4] DEBUG i.s.v.c.c.ModelConverterContextImpl - resolve [simple type, class java.lang.Integer]
2026-02-25 13:50:39 [http-nio-8080-exec-4] DEBUG i.s.v.c.c.ModelConverterContextImpl - resolve [simple type, class java.time.LocalDateTime]
2026-02-25 13:50:39 [http-nio-8080-exec-4] DEBUG i.s.v.c.c.ModelConverterContextImpl - resolve [simple type, class com.taskmanagement.dto.response.GoalResponse$GoalStats]
2026-02-25 13:50:39 [http-nio-8080-exec-4] DEBUG i.s.v.c.c.ModelConverterContextImpl - resolve [simple type, class long]
2026-02-25 13:50:39 [http-nio-8080-exec-4] DEBUG i.s.v.c.c.ModelConverterContextImpl - resolve [collection type; class java.util.List, contains [simple type, class com.taskmanagement.dto.response.TaskResponse]]
2026-02-25 13:50:39 [http-nio-8080-exec-4] DEBUG i.s.v.c.c.ModelConverterContextImpl - resolve [simple type, class com.taskmanagement.dto.response.TaskResponse]
2026-02-25 13:50:39 [http-nio-8080-exec-4] DEBUG i.s.v.c.c.ModelConverterContextImpl - resolve [simple type, class com.taskmanagement.entity.Task$TaskStatus]
2026-02-25 13:50:39 [http-nio-8080-exec-4] DEBUG i.s.v.c.c.ModelConverterContextImpl - resolve [simple type, class com.taskmanagement.entity.Task$Priority]
2026-02-25 13:50:39 [http-nio-8080-exec-4] DEBUG i.s.v.c.c.ModelConverterContextImpl - resolve [simple type, class java.lang.Double]
2026-02-25 13:50:39 [http-nio-8080-exec-4] DEBUG i.s.v.c.c.ModelConverterContextImpl - resolve [collection type; class java.util.List, contains [simple type, class java.lang.String]]
2026-02-25 13:50:39 [http-nio-8080-exec-4] DEBUG i.s.v.c.c.ModelConverterContextImpl - resolve [simple type, class com.taskmanagement.dto.response.ApiResponse$PageInfo]
2026-02-25 13:50:39 [http-nio-8080-exec-4] DEBUG i.s.v.c.c.ModelConverterContextImpl - resolve [simple type, class int]
2026-02-25 13:50:39 [http-nio-8080-exec-4] DEBUG i.s.v.c.c.ModelConverterContextImpl - resolve class java.lang.Long
2026-02-25 13:50:39 [http-nio-8080-exec-4] DEBUG i.s.v.c.c.ModelConverterContextImpl - resolve class java.time.LocalDate
2026-02-25 13:50:39 [http-nio-8080-exec-4] DEBUG i.s.v.c.c.ModelConverterContextImpl - resolve org.springframework.http.ResponseEntity<com.taskmanagement.dto.response.ApiResponse<java.util.List<com.taskmanagement.dto.response.GoalResponse>>>
2026-02-25 13:50:39 [http-nio-8080-exec-4] DEBUG i.s.v.c.c.ModelConverterContextImpl - resolve [simple type, class com.taskmanagement.dto.response.ApiResponse<java.util.List<com.taskmanagement.dto.response.GoalResponse>>]
2026-02-25 13:50:39 [http-nio-8080-exec-4] DEBUG i.s.v.c.c.ModelConverterContextImpl - resolve [simple type, class boolean]
2026-02-25 13:50:39 [http-nio-8080-exec-4] DEBUG i.s.v.c.c.ModelConverterContextImpl - resolve [simple type, class java.lang.String]
2026-02-25 13:50:39 [http-nio-8080-exec-4] DEBUG i.s.v.c.c.ModelConverterContextImpl - resolve [collection type; class java.util.List, contains [simple type, class com.taskmanagement.dto.response.GoalResponse]]
2026-02-25 13:50:39 [http-nio-8080-exec-4] DEBUG i.s.v.c.c.ModelConverterContextImpl - resolve [simple type, class com.taskmanagement.dto.response.GoalResponse]
2026-02-25 13:50:39 [http-nio-8080-exec-4] DEBUG i.s.v.c.c.ModelConverterContextImpl - resolve [simple type, class java.lang.Long]
2026-02-25 13:50:39 [http-nio-8080-exec-4] DEBUG i.s.v.c.c.ModelConverterContextImpl - resolve [simple type, class com.taskmanagement.entity.Goal$GoalStatus]
2026-02-25 13:50:39 [http-nio-8080-exec-4] DEBUG i.s.v.c.c.ModelConverterContextImpl - resolve [simple type, class com.taskmanagement.entity.Goal$Priority]
2026-02-25 13:50:39 [http-nio-8080-exec-4] DEBUG i.s.v.c.c.ModelConverterContextImpl - resolve [simple type, class java.time.LocalDate]
2026-02-25 13:50:39 [http-nio-8080-exec-4] DEBUG i.s.v.c.c.ModelConverterContextImpl - resolve [simple type, class java.lang.Integer]
2026-02-25 13:50:39 [http-nio-8080-exec-4] DEBUG i.s.v.c.c.ModelConverterContextImpl - resolve [simple type, class java.time.LocalDateTime]
2026-02-25 13:50:39 [http-nio-8080-exec-4] DEBUG i.s.v.c.c.ModelConverterContextImpl - resolve [simple type, class com.taskmanagement.dto.response.GoalResponse$GoalStats]
2026-02-25 13:50:39 [http-nio-8080-exec-4] DEBUG i.s.v.c.c.ModelConverterContextImpl - resolve [simple type, class long]
2026-02-25 13:50:39 [http-nio-8080-exec-4] DEBUG i.s.v.c.c.ModelConverterContextImpl - resolve [collection type; class java.util.List, contains [simple type, class com.taskmanagement.dto.response.TaskResponse]]
2026-02-25 13:50:39 [http-nio-8080-exec-4] DEBUG i.s.v.c.c.ModelConverterContextImpl - resolve [simple type, class com.taskmanagement.dto.response.TaskResponse]
2026-02-25 13:50:39 [http-nio-8080-exec-4] DEBUG i.s.v.c.c.ModelConverterContextImpl - resolve [simple type, class com.taskmanagement.entity.Task$TaskStatus]
2026-02-25 13:50:39 [http-nio-8080-exec-4] DEBUG i.s.v.c.c.ModelConverterContextImpl - resolve [simple type, class com.taskmanagement.entity.Task$Priority]
2026-02-25 13:50:39 [http-nio-8080-exec-4] DEBUG i.s.v.c.c.ModelConverterContextImpl - resolve [simple type, class java.lang.Double]
2026-02-25 13:50:39 [http-nio-8080-exec-4] DEBUG i.s.v.c.c.ModelConverterContextImpl - resolve [collection type; class java.util.List, contains [simple type, class java.lang.String]]
2026-02-25 13:50:39 [http-nio-8080-exec-4] DEBUG i.s.v.c.c.ModelConverterContextImpl - resolve [simple type, class com.taskmanagement.dto.response.ApiResponse$PageInfo]
2026-02-25 13:50:39 [http-nio-8080-exec-4] DEBUG i.s.v.c.c.ModelConverterContextImpl - resolve [simple type, class int]
2026-02-25 13:50:39 [http-nio-8080-exec-4] DEBUG i.s.v.c.c.ModelConverterContextImpl - resolve class java.lang.Long
2026-02-25 13:50:39 [http-nio-8080-exec-4] DEBUG i.s.v.c.c.ModelConverterContextImpl - resolve interface org.springframework.data.domain.Pageable
2026-02-25 13:50:39 [http-nio-8080-exec-4] DEBUG i.s.v.c.c.ModelConverterContextImpl - resolve class org.springdoc.core.converters.models.Pageable
2026-02-25 13:50:39 [http-nio-8080-exec-4] DEBUG i.s.v.c.c.ModelConverterContextImpl - resolve [simple type, class java.lang.Integer]
2026-02-25 13:50:39 [http-nio-8080-exec-4] DEBUG i.s.v.c.c.ModelConverterContextImpl - resolve [simple type, class java.lang.Integer]
2026-02-25 13:50:39 [http-nio-8080-exec-4] DEBUG i.s.v.c.c.ModelConverterContextImpl - resolve [collection type; class java.util.List, contains [simple type, class java.lang.String]]
2026-02-25 13:50:39 [http-nio-8080-exec-4] DEBUG i.s.v.c.c.ModelConverterContextImpl - resolve [simple type, class java.lang.String]
2026-02-25 13:50:39 [http-nio-8080-exec-4] DEBUG i.s.v.c.c.ModelConverterContextImpl - resolve org.springframework.http.ResponseEntity<com.taskmanagement.dto.response.ApiResponse<org.springframework.data.domain.Page<com.taskmanagement.dto.response.GoalResponse>>>
2026-02-25 13:50:39 [http-nio-8080-exec-4] DEBUG i.s.v.c.c.ModelConverterContextImpl - resolve [simple type, class com.taskmanagement.dto.response.ApiResponse<org.springframework.data.domain.Page<com.taskmanagement.dto.response.GoalResponse>>]
2026-02-25 13:50:39 [http-nio-8080-exec-4] DEBUG i.s.v.c.c.ModelConverterContextImpl - resolve [simple type, class boolean]
2026-02-25 13:50:39 [http-nio-8080-exec-4] DEBUG i.s.v.c.c.ModelConverterContextImpl - resolve [simple type, class java.lang.String]
2026-02-25 13:50:39 [http-nio-8080-exec-4] DEBUG i.s.v.c.c.ModelConverterContextImpl - resolve [simple type, class org.springframework.data.domain.Page<com.taskmanagement.dto.response.GoalResponse>]
2026-02-25 13:50:39 [http-nio-8080-exec-4] DEBUG i.s.v.c.c.ModelConverterContextImpl - resolve [simple type, class long]
2026-02-25 13:50:39 [http-nio-8080-exec-4] DEBUG i.s.v.c.c.ModelConverterContextImpl - resolve [simple type, class int]
2026-02-25 13:50:39 [http-nio-8080-exec-4] DEBUG i.s.v.c.c.ModelConverterContextImpl - resolve [collection type; class java.util.List, contains [simple type, class com.taskmanagement.dto.response.GoalResponse]]
2026-02-25 13:50:39 [http-nio-8080-exec-4] DEBUG i.s.v.c.c.ModelConverterContextImpl - resolve [simple type, class com.taskmanagement.dto.response.GoalResponse]
2026-02-25 13:50:39 [http-nio-8080-exec-4] DEBUG i.s.v.c.c.ModelConverterContextImpl - resolve [simple type, class java.lang.Long]
2026-02-25 13:50:39 [http-nio-8080-exec-4] DEBUG i.s.v.c.c.ModelConverterContextImpl - resolve [simple type, class com.taskmanagement.entity.Goal$GoalStatus]
2026-02-25 13:50:39 [http-nio-8080-exec-4] DEBUG i.s.v.c.c.ModelConverterContextImpl - resolve [simple type, class com.taskmanagement.entity.Goal$Priority]
2026-02-25 13:50:39 [http-nio-8080-exec-4] DEBUG i.s.v.c.c.ModelConverterContextImpl - resolve [simple type, class java.time.LocalDate]
2026-02-25 13:50:39 [http-nio-8080-exec-4] DEBUG i.s.v.c.c.ModelConverterContextImpl - resolve [simple type, class java.lang.Integer]
2026-02-25 13:50:39 [http-nio-8080-exec-4] DEBUG i.s.v.c.c.ModelConverterContextImpl - resolve [simple type, class java.time.LocalDateTime]
2026-02-25 13:50:39 [http-nio-8080-exec-4] DEBUG i.s.v.c.c.ModelConverterContextImpl - resolve [simple type, class com.taskmanagement.dto.response.GoalResponse$GoalStats]
2026-02-25 13:50:39 [http-nio-8080-exec-4] DEBUG i.s.v.c.c.ModelConverterContextImpl - resolve [collection type; class java.util.List, contains [simple type, class com.taskmanagement.dto.response.TaskResponse]]
2026-02-25 13:50:39 [http-nio-8080-exec-4] DEBUG i.s.v.c.c.ModelConverterContextImpl - resolve [simple type, class com.taskmanagement.dto.response.TaskResponse]
2026-02-25 13:50:39 [http-nio-8080-exec-4] DEBUG i.s.v.c.c.ModelConverterContextImpl - resolve [simple type, class com.taskmanagement.entity.Task$TaskStatus]
2026-02-25 13:50:39 [http-nio-8080-exec-4] DEBUG i.s.v.c.c.ModelConverterContextImpl - resolve [simple type, class com.taskmanagement.entity.Task$Priority]
2026-02-25 13:50:39 [http-nio-8080-exec-4] DEBUG i.s.v.c.c.ModelConverterContextImpl - resolve [simple type, class java.lang.Double]
2026-02-25 13:50:39 [http-nio-8080-exec-4] DEBUG i.s.v.c.c.ModelConverterContextImpl - resolve [simple type, class org.springframework.data.domain.Sort]
2026-02-25 13:50:39 [http-nio-8080-exec-4] DEBUG i.s.v.c.c.ModelConverterContextImpl - resolve class org.springdoc.core.converters.models.SortObject
2026-02-25 13:50:39 [http-nio-8080-exec-4] DEBUG i.s.v.c.c.ModelConverterContextImpl - resolve [simple type, class java.lang.String]
2026-02-25 13:50:39 [http-nio-8080-exec-4] DEBUG i.s.v.c.c.ModelConverterContextImpl - resolve [simple type, class boolean]
2026-02-25 13:50:39 [http-nio-8080-exec-4] DEBUG i.s.v.c.c.ModelConverterContextImpl - resolve [simple type, class org.springframework.data.domain.Pageable]
2026-02-25 13:50:39 [http-nio-8080-exec-4] DEBUG i.s.v.c.c.ModelConverterContextImpl - resolve [collection type; class java.util.List, contains [simple type, class java.lang.String]]
2026-02-25 13:50:39 [http-nio-8080-exec-4] DEBUG i.s.v.c.c.ModelConverterContextImpl - resolve [simple type, class com.taskmanagement.dto.response.ApiResponse$PageInfo]
2026-02-25 13:50:39 [http-nio-8080-exec-4] DEBUG i.s.v.c.c.ModelConverterContextImpl - resolve class java.lang.Long
2026-02-25 13:50:39 [http-nio-8080-exec-4] DEBUG i.s.v.c.c.ModelConverterContextImpl - resolve class com.taskmanagement.entity.Goal$GoalStatus
2026-02-25 13:50:39 [http-nio-8080-exec-4] DEBUG i.s.v.c.c.ModelConverterContextImpl - resolve class com.taskmanagement.entity.Goal$Priority
2026-02-25 13:50:39 [http-nio-8080-exec-4] DEBUG i.s.v.c.c.ModelConverterContextImpl - resolve interface org.springframework.data.domain.Pageable
2026-02-25 13:50:39 [http-nio-8080-exec-4] DEBUG i.s.v.c.c.ModelConverterContextImpl - resolve class org.springdoc.core.converters.models.Pageable
2026-02-25 13:50:39 [http-nio-8080-exec-4] DEBUG i.s.v.c.c.ModelConverterContextImpl - resolve [simple type, class java.lang.Integer]
2026-02-25 13:50:39 [http-nio-8080-exec-4] DEBUG i.s.v.c.c.ModelConverterContextImpl - resolve [simple type, class java.lang.Integer]
2026-02-25 13:50:39 [http-nio-8080-exec-4] DEBUG i.s.v.c.c.ModelConverterContextImpl - resolve [collection type; class java.util.List, contains [simple type, class java.lang.String]]
2026-02-25 13:50:39 [http-nio-8080-exec-4] DEBUG i.s.v.c.c.ModelConverterContextImpl - resolve [simple type, class java.lang.String]
2026-02-25 13:50:39 [http-nio-8080-exec-4] DEBUG i.s.v.c.c.ModelConverterContextImpl - resolve org.springframework.http.ResponseEntity<com.taskmanagement.dto.response.ApiResponse<org.springframework.data.domain.Page<com.taskmanagement.dto.response.GoalResponse>>>
2026-02-25 13:50:39 [http-nio-8080-exec-4] DEBUG i.s.v.c.c.ModelConverterContextImpl - resolve [simple type, class com.taskmanagement.dto.response.ApiResponse<org.springframework.data.domain.Page<com.taskmanagement.dto.response.GoalResponse>>]
2026-02-25 13:50:39 [http-nio-8080-exec-4] DEBUG i.s.v.c.c.ModelConverterContextImpl - resolve [simple type, class boolean]
2026-02-25 13:50:39 [http-nio-8080-exec-4] DEBUG i.s.v.c.c.ModelConverterContextImpl - resolve [simple type, class java.lang.String]
2026-02-25 13:50:39 [http-nio-8080-exec-4] DEBUG i.s.v.c.c.ModelConverterContextImpl - resolve [simple type, class org.springframework.data.domain.Page<com.taskmanagement.dto.response.GoalResponse>]
2026-02-25 13:50:39 [http-nio-8080-exec-4] DEBUG i.s.v.c.c.ModelConverterContextImpl - resolve [simple type, class long]
2026-02-25 13:50:39 [http-nio-8080-exec-4] DEBUG i.s.v.c.c.ModelConverterContextImpl - resolve [simple type, class int]
2026-02-25 13:50:39 [http-nio-8080-exec-4] DEBUG i.s.v.c.c.ModelConverterContextImpl - resolve [collection type; class java.util.List, contains [simple type, class com.taskmanagement.dto.response.GoalResponse]]
2026-02-25 13:50:39 [http-nio-8080-exec-4] DEBUG i.s.v.c.c.ModelConverterContextImpl - resolve [simple type, class com.taskmanagement.dto.response.GoalResponse]
2026-02-25 13:50:39 [http-nio-8080-exec-4] DEBUG i.s.v.c.c.ModelConverterContextImpl - resolve [simple type, class java.lang.Long]
2026-02-25 13:50:39 [http-nio-8080-exec-4] DEBUG i.s.v.c.c.ModelConverterContextImpl - resolve [simple type, class com.taskmanagement.entity.Goal$GoalStatus]
2026-02-25 13:50:39 [http-nio-8080-exec-4] DEBUG i.s.v.c.c.ModelConverterContextImpl - resolve [simple type, class com.taskmanagement.entity.Goal$Priority]
2026-02-25 13:50:39 [http-nio-8080-exec-4] DEBUG i.s.v.c.c.ModelConverterContextImpl - resolve [simple type, class java.time.LocalDate]
2026-02-25 13:50:39 [http-nio-8080-exec-4] DEBUG i.s.v.c.c.ModelConverterContextImpl - resolve [simple type, class java.lang.Integer]
2026-02-25 13:50:39 [http-nio-8080-exec-4] DEBUG i.s.v.c.c.ModelConverterContextImpl - resolve [simple type, class java.time.LocalDateTime]
2026-02-25 13:50:39 [http-nio-8080-exec-4] DEBUG i.s.v.c.c.ModelConverterContextImpl - resolve [simple type, class com.taskmanagement.dto.response.GoalResponse$GoalStats]
2026-02-25 13:50:39 [http-nio-8080-exec-4] DEBUG i.s.v.c.c.ModelConverterContextImpl - resolve [collection type; class java.util.List, contains [simple type, class com.taskmanagement.dto.response.TaskResponse]]
2026-02-25 13:50:39 [http-nio-8080-exec-4] DEBUG i.s.v.c.c.ModelConverterContextImpl - resolve [simple type, class com.taskmanagement.dto.response.TaskResponse]
2026-02-25 13:50:39 [http-nio-8080-exec-4] DEBUG i.s.v.c.c.ModelConverterContextImpl - resolve [simple type, class com.taskmanagement.entity.Task$TaskStatus]
2026-02-25 13:50:39 [http-nio-8080-exec-4] DEBUG i.s.v.c.c.ModelConverterContextImpl - resolve [simple type, class com.taskmanagement.entity.Task$Priority]
2026-02-25 13:50:39 [http-nio-8080-exec-4] DEBUG i.s.v.c.c.ModelConverterContextImpl - resolve [simple type, class java.lang.Double]
2026-02-25 13:50:39 [http-nio-8080-exec-4] DEBUG i.s.v.c.c.ModelConverterContextImpl - resolve [simple type, class org.springframework.data.domain.Sort]
2026-02-25 13:50:39 [http-nio-8080-exec-4] DEBUG i.s.v.c.c.ModelConverterContextImpl - resolve class org.springdoc.core.converters.models.SortObject
2026-02-25 13:50:39 [http-nio-8080-exec-4] DEBUG i.s.v.c.c.ModelConverterContextImpl - resolve [simple type, class java.lang.String]
2026-02-25 13:50:39 [http-nio-8080-exec-4] DEBUG i.s.v.c.c.ModelConverterContextImpl - resolve [simple type, class boolean]
2026-02-25 13:50:39 [http-nio-8080-exec-4] DEBUG i.s.v.c.c.ModelConverterContextImpl - resolve [simple type, class org.springframework.data.domain.Pageable]
2026-02-25 13:50:39 [http-nio-8080-exec-4] DEBUG i.s.v.c.c.ModelConverterContextImpl - resolve [collection type; class java.util.List, contains [simple type, class java.lang.String]]
2026-02-25 13:50:39 [http-nio-8080-exec-4] DEBUG i.s.v.c.c.ModelConverterContextImpl - resolve [simple type, class com.taskmanagement.dto.response.ApiResponse$PageInfo]
2026-02-25 13:50:39 [http-nio-8080-exec-4] DEBUG i.s.v.c.c.ModelConverterContextImpl - resolve class java.lang.Long
2026-02-25 13:50:39 [http-nio-8080-exec-4] DEBUG i.s.v.c.c.ModelConverterContextImpl - resolve org.springframework.http.ResponseEntity<com.taskmanagement.dto.response.ApiResponse<java.lang.Void>>
2026-02-25 13:50:39 [http-nio-8080-exec-4] DEBUG i.s.v.c.c.ModelConverterContextImpl - resolve [simple type, class com.taskmanagement.dto.response.ApiResponse<java.lang.Void>]
2026-02-25 13:50:39 [http-nio-8080-exec-4] DEBUG i.s.v.c.c.ModelConverterContextImpl - resolve [simple type, class boolean]
2026-02-25 13:50:39 [http-nio-8080-exec-4] DEBUG i.s.v.c.c.ModelConverterContextImpl - resolve [simple type, class java.lang.String]
2026-02-25 13:50:39 [http-nio-8080-exec-4] DEBUG i.s.v.c.c.ModelConverterContextImpl - resolve [simple type, class java.lang.Void]
2026-02-25 13:50:39 [http-nio-8080-exec-4] DEBUG i.s.v.c.c.ModelConverterContextImpl - resolve [collection type; class java.util.List, contains [simple type, class java.lang.String]]
2026-02-25 13:50:39 [http-nio-8080-exec-4] DEBUG i.s.v.c.c.ModelConverterContextImpl - resolve [simple type, class com.taskmanagement.dto.response.ApiResponse$PageInfo]
2026-02-25 13:50:39 [http-nio-8080-exec-4] DEBUG i.s.v.c.c.ModelConverterContextImpl - resolve [simple type, class int]
2026-02-25 13:50:39 [http-nio-8080-exec-4] DEBUG i.s.v.c.c.ModelConverterContextImpl - resolve [simple type, class long]
2026-02-25 13:50:39 [http-nio-8080-exec-4] DEBUG i.s.v.c.c.ModelConverterContextImpl - resolve [simple type, class java.time.LocalDateTime]
2026-02-25 13:50:39 [http-nio-8080-exec-4] DEBUG i.s.v.c.c.ModelConverterContextImpl - resolve class java.lang.Long
2026-02-25 13:50:39 [http-nio-8080-exec-4] DEBUG i.s.v.c.c.ModelConverterContextImpl - resolve org.springframework.http.ResponseEntity<com.taskmanagement.dto.response.ApiResponse<java.lang.Void>>
2026-02-25 13:50:39 [http-nio-8080-exec-4] DEBUG i.s.v.c.c.ModelConverterContextImpl - resolve [simple type, class com.taskmanagement.dto.response.ApiResponse<java.lang.Void>]
2026-02-25 13:50:39 [http-nio-8080-exec-4] DEBUG i.s.v.c.c.ModelConverterContextImpl - resolve [simple type, class boolean]
2026-02-25 13:50:39 [http-nio-8080-exec-4] DEBUG i.s.v.c.c.ModelConverterContextImpl - resolve [simple type, class java.lang.String]
2026-02-25 13:50:39 [http-nio-8080-exec-4] DEBUG i.s.v.c.c.ModelConverterContextImpl - resolve [simple type, class java.lang.Void]
2026-02-25 13:50:39 [http-nio-8080-exec-4] DEBUG i.s.v.c.c.ModelConverterContextImpl - resolve [collection type; class java.util.List, contains [simple type, class java.lang.String]]
2026-02-25 13:50:39 [http-nio-8080-exec-4] DEBUG i.s.v.c.c.ModelConverterContextImpl - resolve [simple type, class com.taskmanagement.dto.response.ApiResponse$PageInfo]
2026-02-25 13:50:39 [http-nio-8080-exec-4] DEBUG i.s.v.c.c.ModelConverterContextImpl - resolve [simple type, class int]
2026-02-25 13:50:39 [http-nio-8080-exec-4] DEBUG i.s.v.c.c.ModelConverterContextImpl - resolve [simple type, class long]
2026-02-25 13:50:39 [http-nio-8080-exec-4] DEBUG i.s.v.c.c.ModelConverterContextImpl - resolve [simple type, class java.time.LocalDateTime]
2026-02-25 13:50:39 [http-nio-8080-exec-4] INFO  o.s.api.AbstractOpenApiResource - Init duration for springdoc-openapi is: 661 ms
2026-02-25 13:50:39 [http-nio-8080-exec-4] DEBUG o.s.w.s.m.m.a.RequestResponseBodyMethodProcessor - Using 'application/json', given [application/json, */*] and supported [application/json]
2026-02-25 13:50:39 [http-nio-8080-exec-4] DEBUG o.s.w.s.m.m.a.RequestResponseBodyMethodProcessor - Writing [{123, 34, 111, 112, 101, 110, 97, 112, 105, 34, 58, 34, 51, 46, 48, 46, 49, 34, 44, 34, 105, 110, 10 (truncated)...]
2026-02-25 13:50:39 [http-nio-8080-exec-4] DEBUG o.s.o.j.s.OpenEntityManagerInViewInterceptor - Closing JPA EntityManager in OpenEntityManagerInViewInterceptor
2026-02-25 13:50:39 [http-nio-8080-exec-4] DEBUG o.s.web.servlet.DispatcherServlet - Completed 200 OK
2026-02-25 13:50:44 [RMI TCP Connection(3)-10.2.3.185] DEBUG sun.rmi.transport.tcp - RMI TCP Connection(3)-10.2.3.185: (port 57284) connection closed
2026-02-25 13:50:44 [RMI TCP Connection(3)-10.2.3.185] DEBUG sun.rmi.transport.tcp - RMI TCP Connection(3)-10.2.3.185: close connection, socket: Socket[addr=/10.2.3.185,port=61142,localport=57284]
2026-02-25 13:50:44 [RMI TCP Connection(3)-10.2.3.185] DEBUG sun.rmi.transport.tcp - RMI TCP Connection(3)-10.2.3.185: socket close: Socket[addr=/10.2.3.185,port=61142,localport=57284]
2026-02-25 13:51:00 [HikariPool-1 housekeeper] DEBUG com.zaxxer.hikari.pool.HikariPool - HikariPool-1 - Before cleanup stats (total=5, active=0, idle=5, waiting=0)
2026-02-25 13:51:00 [HikariPool-1 housekeeper] DEBUG com.zaxxer.hikari.pool.HikariPool - HikariPool-1 - After cleanup  stats (total=5, active=0, idle=5, waiting=0)
2026-02-25 13:51:00 [HikariPool-1 housekeeper] DEBUG com.zaxxer.hikari.pool.HikariPool - HikariPool-1 - Fill pool skipped, pool has sufficient level or currently being filled (queueDepth=0).
2026-02-25 13:51:11 [http-nio-8080-exec-1] DEBUG o.a.coyote.http11.Http11Processor - Error parsing HTTP request header
java.io.EOFException: null
	at org.apache.tomcat.util.net.NioEndpoint$NioSocketWrapper.fillReadBuffer(NioEndpoint.java:1288)
	at org.apache.tomcat.util.net.NioEndpoint$NioSocketWrapper.read(NioEndpoint.java:1176)
	at org.apache.coyote.http11.Http11InputBuffer.fill(Http11InputBuffer.java:785)
	at org.apache.coyote.http11.Http11InputBuffer.parseRequestLine(Http11InputBuffer.java:348)
	at org.apache.coyote.http11.Http11Processor.service(Http11Processor.java:264)
	at org.apache.coyote.AbstractProcessorLight.process(AbstractProcessorLight.java:63)
	at org.apache.coyote.AbstractProtocol$ConnectionHandler.process(AbstractProtocol.java:896)
	at org.apache.tomcat.util.net.NioEndpoint$SocketProcessor.doRun(NioEndpoint.java:1736)
	at org.apache.tomcat.util.net.SocketProcessorBase.run(SocketProcessorBase.java:52)
	at org.apache.tomcat.util.threads.ThreadPoolExecutor.runWorker(ThreadPoolExecutor.java:1191)
	at org.apache.tomcat.util.threads.ThreadPoolExecutor$Worker.run(ThreadPoolExecutor.java:659)
	at org.apache.tomcat.util.threads.TaskThread$WrappingRunnable.run(TaskThread.java:63)
	at java.base/java.lang.Thread.run(Thread.java:840)
2026-02-25 13:51:11 [http-nio-8080-exec-1] DEBUG o.a.coyote.http11.Http11Processor - Error state [CLOSE_CONNECTION_NOW] reported while processing request
java.io.EOFException: null
	at org.apache.tomcat.util.net.NioEndpoint$NioSocketWrapper.fillReadBuffer(NioEndpoint.java:1288)
	at org.apache.tomcat.util.net.NioEndpoint$NioSocketWrapper.read(NioEndpoint.java:1176)
	at org.apache.coyote.http11.Http11InputBuffer.fill(Http11InputBuffer.java:785)
	at org.apache.coyote.http11.Http11InputBuffer.parseRequestLine(Http11InputBuffer.java:348)
	at org.apache.coyote.http11.Http11Processor.service(Http11Processor.java:264)
	at org.apache.coyote.AbstractProcessorLight.process(AbstractProcessorLight.java:63)
	at org.apache.coyote.AbstractProtocol$ConnectionHandler.process(AbstractProtocol.java:896)
	at org.apache.tomcat.util.net.NioEndpoint$SocketProcessor.doRun(NioEndpoint.java:1736)
	at org.apache.tomcat.util.net.SocketProcessorBase.run(SocketProcessorBase.java:52)
	at org.apache.tomcat.util.threads.ThreadPoolExecutor.runWorker(ThreadPoolExecutor.java:1191)
	at org.apache.tomcat.util.threads.ThreadPoolExecutor$Worker.run(ThreadPoolExecutor.java:659)
	at org.apache.tomcat.util.threads.TaskThread$WrappingRunnable.run(TaskThread.java:63)
	at java.base/java.lang.Thread.run(Thread.java:840)
2026-02-25 13:51:11 [http-nio-8080-exec-2] DEBUG o.s.web.servlet.DispatcherServlet - POST "/api/v1/goals", parameters={}
2026-02-25 13:51:11 [http-nio-8080-exec-2] DEBUG o.s.w.s.m.m.a.RequestMappingHandlerMapping - Mapped to com.taskmanagement.controller.GoalController#createGoal(Create)
2026-02-25 13:51:11 [http-nio-8080-exec-2] DEBUG o.s.o.j.s.OpenEntityManagerInViewInterceptor - Opening JPA EntityManager in OpenEntityManagerInViewInterceptor
2026-02-25 13:51:11 [http-nio-8080-exec-2] DEBUG o.s.w.s.m.m.a.RequestResponseBodyMethodProcessor - Read "application/json;charset=UTF-8" to [GoalRequest.Create(userId=1, title=Complete API Testing, description=Test all endpoints of the Task  (truncated)...]
2026-02-25 13:51:11 [http-nio-8080-exec-2] DEBUG o.s.orm.jpa.JpaTransactionManager - Found thread-bound EntityManager [SessionImpl(2042452194<open>)] for JPA transaction
2026-02-25 13:51:11 [http-nio-8080-exec-2] DEBUG o.s.orm.jpa.JpaTransactionManager - Creating new transaction with name [com.taskmanagement.service.impl.GoalServiceImpl.createGoal]: PROPAGATION_REQUIRED,ISOLATION_DEFAULT
2026-02-25 13:51:11 [http-nio-8080-exec-2] DEBUG o.h.e.t.internal.TransactionImpl - On TransactionImpl creation, JpaCompliance#isJpaTransactionComplianceEnabled == false
2026-02-25 13:51:11 [http-nio-8080-exec-2] DEBUG o.h.e.t.internal.TransactionImpl - begin
2026-02-25 13:51:11 [http-nio-8080-exec-2] DEBUG o.s.orm.jpa.JpaTransactionManager - Exposing JPA transaction as JDBC [org.springframework.orm.jpa.vendor.HibernateJpaDialect$HibernateConnectionHandle@178b182c]
2026-02-25 13:51:11 [http-nio-8080-exec-2] INFO  c.t.service.impl.GoalServiceImpl - Creating goal 'Complete API Testing' for user ID: 1
2026-02-25 13:51:11 [http-nio-8080-exec-2] DEBUG o.s.orm.jpa.JpaTransactionManager - Found thread-bound EntityManager [SessionImpl(2042452194<open>)] for JPA transaction
2026-02-25 13:51:11 [http-nio-8080-exec-2] DEBUG o.s.orm.jpa.JpaTransactionManager - Participating in existing transaction
2026-02-25 13:51:11 [http-nio-8080-exec-2] DEBUG o.h.j.i.PersistenceUnitUtilImpl - jakarta.persistence.PersistenceUnitUtil.getIdentifier is only intended to work with enhanced entities (although Hibernate also adapts this support to its proxies); however the passed entity was not enhanced (nor a proxy).. may not be able to read identifier
2026-02-25 13:51:11 [http-nio-8080-exec-2] DEBUG o.s.d.a.AuditingHandlerSupport - Touched com.taskmanagement.entity.Goal@723c9dba - Last modification at 2026-02-25T13:51:11.164095100 by unknown
2026-02-25 13:51:11 [http-nio-8080-exec-2] DEBUG o.hibernate.engine.spi.ActionQueue - Executing identity-insert immediately
2026-02-25 13:51:11 [http-nio-8080-exec-2] DEBUG org.hibernate.SQL - 
    insert 
    into
        goals
        (completion_date, created_at, description, priority, progress_percentage, status, target_date, title, updated_at, user_id, id) 
    values
        (?, ?, ?, ?, ?, ?, ?, ?, ?, ?, default)
2026-02-25 13:51:11 [http-nio-8080-exec-2] DEBUG o.h.id.IdentifierGeneratorHelper - Natively generated identity (com.taskmanagement.entity.Goal) : 1
2026-02-25 13:51:11 [http-nio-8080-exec-2] INFO  c.t.service.impl.GoalServiceImpl - Goal created successfully with ID: 1
2026-02-25 13:51:11 [http-nio-8080-exec-2] DEBUG o.s.orm.jpa.JpaTransactionManager - Initiating transaction commit
2026-02-25 13:51:11 [http-nio-8080-exec-2] DEBUG o.s.orm.jpa.JpaTransactionManager - Committing JPA transaction on EntityManager [SessionImpl(2042452194<open>)]
2026-02-25 13:51:11 [http-nio-8080-exec-2] DEBUG o.h.e.t.internal.TransactionImpl - committing
2026-02-25 13:51:11 [http-nio-8080-exec-2] DEBUG o.h.e.i.AbstractFlushingEventListener - Processing flush-time cascades
2026-02-25 13:51:11 [http-nio-8080-exec-2] DEBUG o.h.e.i.AbstractFlushingEventListener - Dirty checking collections
2026-02-25 13:51:11 [http-nio-8080-exec-2] DEBUG o.h.engine.internal.Collections - Collection found: [com.taskmanagement.entity.Goal.tasks#1], was: [<unreferenced>] (initialized)
2026-02-25 13:51:11 [http-nio-8080-exec-2] DEBUG o.h.e.i.AbstractFlushingEventListener - Flushed: 0 insertions, 0 updates, 0 deletions to 1 objects
2026-02-25 13:51:11 [http-nio-8080-exec-2] DEBUG o.h.e.i.AbstractFlushingEventListener - Flushed: 1 (re)creations, 0 updates, 0 removals to 1 collections
2026-02-25 13:51:11 [http-nio-8080-exec-2] DEBUG o.h.internal.util.EntityPrinter - Listing entities:
2026-02-25 13:51:11 [http-nio-8080-exec-2] DEBUG o.h.internal.util.EntityPrinter - com.taskmanagement.entity.Goal{createdAt=2026-02-25T13:51:11.164095100, targetDate=2026-02-28, description=Test all endpoints of the Task Management Service, completionDate=null, progressPercentage=0, id=1, priority=HIGH, title=Complete API Testing, userId=1, tasks=[], status=NOT_STARTED, updatedAt=2026-02-25T13:51:11.164095100}
2026-02-25 13:51:11 [http-nio-8080-exec-2] DEBUG o.s.orm.jpa.JpaTransactionManager - Not closing pre-bound JPA EntityManager after transaction
2026-02-25 13:51:11 [http-nio-8080-exec-2] DEBUG o.s.w.s.m.m.a.HttpEntityMethodProcessor - Using 'application/json', given [*/*] and supported [application/json, application/*+json]
2026-02-25 13:51:11 [http-nio-8080-exec-2] DEBUG o.s.w.s.m.m.a.HttpEntityMethodProcessor - Writing [ApiResponse(success=true, message=Goal created successfully, data=GoalResponse(id=1, title=Complete  (truncated)...]
2026-02-25 13:51:11 [http-nio-8080-exec-2] DEBUG o.s.o.j.s.OpenEntityManagerInViewInterceptor - Closing JPA EntityManager in OpenEntityManagerInViewInterceptor
2026-02-25 13:51:11 [http-nio-8080-exec-2] DEBUG o.s.web.servlet.DispatcherServlet - Completed 201 CREATED
2026-02-25 13:51:11 [http-nio-8080-exec-9] DEBUG o.s.web.servlet.DispatcherServlet - POST "/api/v1/tasks/bulk", parameters={}
2026-02-25 13:51:11 [http-nio-8080-exec-9] DEBUG o.s.w.s.m.m.a.RequestMappingHandlerMapping - Mapped to com.taskmanagement.controller.TaskController#createBulkTasks(BulkCreate)
2026-02-25 13:51:11 [http-nio-8080-exec-9] DEBUG o.s.o.j.s.OpenEntityManagerInViewInterceptor - Opening JPA EntityManager in OpenEntityManagerInViewInterceptor
2026-02-25 13:51:11 [http-nio-8080-exec-9] DEBUG o.s.w.s.m.m.a.RequestResponseBodyMethodProcessor - Read "application/json;charset=UTF-8" to [TaskRequest.BulkCreate(goalId=1, tasks=[TaskRequest.TaskItem(title=Test Health endpoint, description (truncated)...]
2026-02-25 13:51:11 [http-nio-8080-exec-9] DEBUG o.s.orm.jpa.JpaTransactionManager - Found thread-bound EntityManager [SessionImpl(1837493555<open>)] for JPA transaction
2026-02-25 13:51:11 [http-nio-8080-exec-9] DEBUG o.s.orm.jpa.JpaTransactionManager - Creating new transaction with name [com.taskmanagement.service.impl.TaskServiceImpl.createBulkTasks]: PROPAGATION_REQUIRED,ISOLATION_DEFAULT
2026-02-25 13:51:11 [http-nio-8080-exec-9] DEBUG o.h.e.t.internal.TransactionImpl - On TransactionImpl creation, JpaCompliance#isJpaTransactionComplianceEnabled == false
2026-02-25 13:51:11 [http-nio-8080-exec-9] DEBUG o.h.e.t.internal.TransactionImpl - begin
2026-02-25 13:51:11 [http-nio-8080-exec-9] DEBUG o.s.orm.jpa.JpaTransactionManager - Exposing JPA transaction as JDBC [org.springframework.orm.jpa.vendor.HibernateJpaDialect$HibernateConnectionHandle@616e5b82]
2026-02-25 13:51:11 [http-nio-8080-exec-9] INFO  c.t.service.impl.TaskServiceImpl - Creating 3 tasks for goal ID: 1
2026-02-25 13:51:11 [http-nio-8080-exec-9] DEBUG o.s.orm.jpa.JpaTransactionManager - Found thread-bound EntityManager [SessionImpl(1837493555<open>)] for JPA transaction
2026-02-25 13:51:11 [http-nio-8080-exec-9] DEBUG o.s.orm.jpa.JpaTransactionManager - Participating in existing transaction
2026-02-25 13:51:11 [http-nio-8080-exec-9] DEBUG org.hibernate.orm.sql.exec - Skipping reading Query result cache data: cache-enabled = false, cache-mode = IGNORE
2026-02-25 13:51:11 [http-nio-8080-exec-9] DEBUG org.hibernate.orm.results - Initializer list:
	  com.taskmanagement.entity.Goal -> EntityResultInitializer(com.taskmanagement.entity.Goal)@444125990 (SingleTableEntityPersister(com.taskmanagement.entity.Goal))
	  com.taskmanagement.entity.Goal.tasks -> DelayedCollectionInitializer(com.taskmanagement.entity.Goal.tasks)@595870341 (PluralAttribute(com.taskmanagement.entity.Goal.tasks))

2026-02-25 13:51:11 [http-nio-8080-exec-9] DEBUG org.hibernate.SQL - 
    select
        g1_0.id,
        g1_0.completion_date,
        g1_0.created_at,
        g1_0.description,
        g1_0.priority,
        g1_0.progress_percentage,
        g1_0.status,
        g1_0.target_date,
        g1_0.title,
        g1_0.updated_at,
        g1_0.user_id 
    from
        goals g1_0 
    where
        g1_0.id=?
2026-02-25 13:51:11 [http-nio-8080-exec-9] DEBUG o.h.orm.results.loading.entity - (EntityResultInitializer) Hydrated EntityKey (com.taskmanagement.entity.Goal): 1
2026-02-25 13:51:11 [http-nio-8080-exec-9] DEBUG org.hibernate.orm.results - Extracted JDBC value [0] - [1]
2026-02-25 13:51:11 [http-nio-8080-exec-9] DEBUG o.h.o.r.l.o.h.o.r.loading.collection - (DelayedCollectionInitializer) Current row collection key : com.taskmanagement.entity.Goal.tasks#1
2026-02-25 13:51:11 [http-nio-8080-exec-9] DEBUG o.h.orm.results.loading.entity - (EntityResultInitializer) Created new entity instance [com.taskmanagement.entity.Goal#1] : 316866074
2026-02-25 13:51:11 [http-nio-8080-exec-9] DEBUG org.hibernate.orm.results - Extracted JDBC value [1] - [null]
2026-02-25 13:51:11 [http-nio-8080-exec-9] DEBUG org.hibernate.orm.results - Extracted JDBC value [2] - [2026-02-25T13:51:11.164095]
2026-02-25 13:51:11 [http-nio-8080-exec-9] DEBUG org.hibernate.orm.results - Extracted JDBC value [3] - [Test all endpoints of the Task Management Service]
2026-02-25 13:51:11 [http-nio-8080-exec-9] DEBUG org.hibernate.orm.results - Extracted JDBC value [4] - [HIGH]
2026-02-25 13:51:11 [http-nio-8080-exec-9] DEBUG org.hibernate.orm.results - Extracted JDBC value [5] - [0]
2026-02-25 13:51:11 [http-nio-8080-exec-9] DEBUG org.hibernate.orm.results - Extracted JDBC value [6] - [NOT_STARTED]
2026-02-25 13:51:11 [http-nio-8080-exec-9] DEBUG org.hibernate.orm.results - Extracted JDBC value [7] - [2026-02-28]
2026-02-25 13:51:11 [http-nio-8080-exec-9] DEBUG org.hibernate.orm.results - Extracted JDBC value [8] - [Complete API Testing]
2026-02-25 13:51:11 [http-nio-8080-exec-9] DEBUG org.hibernate.orm.results - Extracted JDBC value [9] - [2026-02-25T13:51:11.164095]
2026-02-25 13:51:11 [http-nio-8080-exec-9] DEBUG org.hibernate.orm.results - Extracted JDBC value [10] - [1]
2026-02-25 13:51:11 [http-nio-8080-exec-9] DEBUG o.h.orm.results.loading.entity - (EntityResultInitializer) Done materializing entityInstance : com.taskmanagement.entity.Goal#1
2026-02-25 13:51:11 [http-nio-8080-exec-9] DEBUG org.hibernate.orm.results.loading - Calling top-level assembler (0 / 1) : org.hibernate.sql.results.graph.entity.internal.EntityAssembler@7cd66496
2026-02-25 13:51:11 [http-nio-8080-exec-9] DEBUG org.hibernate.orm.sql.ast.create - Created new SQL alias : t1_0
2026-02-25 13:51:11 [http-nio-8080-exec-9] DEBUG org.hibernate.orm.sql.ast.create - Registration of TableGroup [StandardTableGroup(com.taskmanagement.entity.Task(t))] with identifierForTableGroup [com.taskmanagement.entity.Task] for NavigablePath [com.taskmanagement.entity.Task] 
2026-02-25 13:51:11 [http-nio-8080-exec-9] DEBUG org.hibernate.orm.sql.ast.create - Registration of TableGroup [org.hibernate.sql.ast.tree.from.LazyTableGroup@633e5eec] with identifierForTableGroup [com.taskmanagement.entity.Task.goal] for NavigablePath [com.taskmanagement.entity.Task.goal] 
2026-02-25 13:51:11 [http-nio-8080-exec-9] DEBUG o.h.q.s.sql.BaseSqmToSqlAstConverter - Determining mapping-model type for SqmParameter : SqmNamedParameter(goalId)
2026-02-25 13:51:11 [http-nio-8080-exec-9] DEBUG o.h.q.s.sql.BaseSqmToSqlAstConverter - Determining mapping-model type for SqmPath : SqmBasicValuedSimplePath(com.taskmanagement.entity.Task(t).goal.id) 
2026-02-25 13:51:11 [http-nio-8080-exec-9] DEBUG org.hibernate.orm.results.graph.AST - DomainResult Graph:
 \-BasicResult

2026-02-25 13:51:11 [http-nio-8080-exec-9] DEBUG org.hibernate.orm.sql.ast.tree - SQL AST Tree:
    SelectStatement {
      FromClause {
        StandardTableGroup (t1 : com.taskmanagement.entity.Task(t)) {
          primaryTableReference : tasks as t1_0
          TableGroupJoins {
             join LazyTableGroup (g1 : com.taskmanagement.entity.Task(t).goal) {
            }
          }
        }
      }
    }

2026-02-25 13:51:11 [http-nio-8080-exec-9] DEBUG o.h.e.i.AbstractFlushingEventListener - Processing flush-time cascades
2026-02-25 13:51:11 [http-nio-8080-exec-9] DEBUG o.h.e.i.AbstractFlushingEventListener - Dirty checking collections
2026-02-25 13:51:11 [http-nio-8080-exec-9] DEBUG o.h.engine.internal.Collections - Collection found: [com.taskmanagement.entity.Goal.tasks#1], was: [com.taskmanagement.entity.Goal.tasks#1] (uninitialized)
2026-02-25 13:51:11 [http-nio-8080-exec-9] DEBUG o.h.e.i.AbstractFlushingEventListener - Flushed: 0 insertions, 0 updates, 0 deletions to 1 objects
2026-02-25 13:51:11 [http-nio-8080-exec-9] DEBUG o.h.e.i.AbstractFlushingEventListener - Flushed: 0 (re)creations, 0 updates, 0 removals to 1 collections
2026-02-25 13:51:11 [http-nio-8080-exec-9] DEBUG o.h.internal.util.EntityPrinter - Listing entities:
2026-02-25 13:51:11 [http-nio-8080-exec-9] DEBUG o.h.internal.util.EntityPrinter - com.taskmanagement.entity.Goal{createdAt=2026-02-25T13:51:11.164095, targetDate=2026-02-28, description=Test all endpoints of the Task Management Service, completionDate=null, progressPercentage=0, id=1, priority=HIGH, title=Complete API Testing, userId=1, tasks=<uninitialized>, status=NOT_STARTED, updatedAt=2026-02-25T13:51:11.164095}
2026-02-25 13:51:11 [http-nio-8080-exec-9] DEBUG org.hibernate.orm.sql.exec - Skipping reading Query result cache data: cache-enabled = false, cache-mode = NORMAL
2026-02-25 13:51:11 [http-nio-8080-exec-9] DEBUG org.hibernate.orm.results - Initializer list is empty
2026-02-25 13:51:11 [http-nio-8080-exec-9] DEBUG org.hibernate.SQL - 
    select
        count(t1_0.id) 
    from
        tasks t1_0 
    where
        t1_0.goal_id=?
2026-02-25 13:51:11 [http-nio-8080-exec-9] DEBUG org.hibernate.orm.results.loading - Calling top-level assembler (0 / 1) : org.hibernate.sql.results.graph.basic.BasicResultAssembler@645d16d9
2026-02-25 13:51:11 [http-nio-8080-exec-9] DEBUG org.hibernate.orm.results - Extracted JDBC value [0] - [0]
2026-02-25 13:51:11 [http-nio-8080-exec-9] DEBUG o.s.orm.jpa.JpaTransactionManager - Found thread-bound EntityManager [SessionImpl(1837493555<open>)] for JPA transaction
2026-02-25 13:51:11 [http-nio-8080-exec-9] DEBUG o.s.orm.jpa.JpaTransactionManager - Participating in existing transaction
2026-02-25 13:51:11 [http-nio-8080-exec-9] DEBUG o.h.j.i.PersistenceUnitUtilImpl - jakarta.persistence.PersistenceUnitUtil.getIdentifier is only intended to work with enhanced entities (although Hibernate also adapts this support to its proxies); however the passed entity was not enhanced (nor a proxy).. may not be able to read identifier
2026-02-25 13:51:11 [http-nio-8080-exec-9] DEBUG o.s.d.a.AuditingHandlerSupport - Touched com.taskmanagement.entity.Task@54d3b696 - Last modification at 2026-02-25T13:51:11.455631700 by unknown
2026-02-25 13:51:11 [http-nio-8080-exec-9] DEBUG o.hibernate.engine.spi.ActionQueue - Executing identity-insert immediately
2026-02-25 13:51:11 [http-nio-8080-exec-9] DEBUG org.hibernate.SQL - 
    insert 
    into
        tasks
        (actual_hours, is_completed, completed_at, created_at, description, display_order, due_date, estimated_hours, goal_id, priority, status, title, updated_at, id) 
    values
        (?, ?, ?, ?, ?, ?, ?, ?, ?, ?, ?, ?, ?, default)
2026-02-25 13:51:11 [http-nio-8080-exec-9] DEBUG o.h.id.IdentifierGeneratorHelper - Natively generated identity (com.taskmanagement.entity.Task) : 1
2026-02-25 13:51:11 [http-nio-8080-exec-9] DEBUG o.h.j.i.PersistenceUnitUtilImpl - jakarta.persistence.PersistenceUnitUtil.getIdentifier is only intended to work with enhanced entities (although Hibernate also adapts this support to its proxies); however the passed entity was not enhanced (nor a proxy).. may not be able to read identifier
2026-02-25 13:51:11 [http-nio-8080-exec-9] DEBUG o.s.d.a.AuditingHandlerSupport - Touched com.taskmanagement.entity.Task@1b3a8d91 - Last modification at 2026-02-25T13:51:11.461715900 by unknown
2026-02-25 13:51:11 [http-nio-8080-exec-9] DEBUG o.hibernate.engine.spi.ActionQueue - Executing identity-insert immediately
2026-02-25 13:51:11 [http-nio-8080-exec-9] DEBUG org.hibernate.SQL - 
    insert 
    into
        tasks
        (actual_hours, is_completed, completed_at, created_at, description, display_order, due_date, estimated_hours, goal_id, priority, status, title, updated_at, id) 
    values
        (?, ?, ?, ?, ?, ?, ?, ?, ?, ?, ?, ?, ?, default)
2026-02-25 13:51:11 [http-nio-8080-exec-9] DEBUG o.h.id.IdentifierGeneratorHelper - Natively generated identity (com.taskmanagement.entity.Task) : 2
2026-02-25 13:51:11 [http-nio-8080-exec-9] DEBUG o.h.j.i.PersistenceUnitUtilImpl - jakarta.persistence.PersistenceUnitUtil.getIdentifier is only intended to work with enhanced entities (although Hibernate also adapts this support to its proxies); however the passed entity was not enhanced (nor a proxy).. may not be able to read identifier
2026-02-25 13:51:11 [http-nio-8080-exec-9] DEBUG o.s.d.a.AuditingHandlerSupport - Touched com.taskmanagement.entity.Task@55fabdd8 - Last modification at 2026-02-25T13:51:11.464294700 by unknown
2026-02-25 13:51:11 [http-nio-8080-exec-9] DEBUG o.hibernate.engine.spi.ActionQueue - Executing identity-insert immediately
2026-02-25 13:51:11 [http-nio-8080-exec-9] DEBUG org.hibernate.SQL - 
    insert 
    into
        tasks
        (actual_hours, is_completed, completed_at, created_at, description, display_order, due_date, estimated_hours, goal_id, priority, status, title, updated_at, id) 
    values
        (?, ?, ?, ?, ?, ?, ?, ?, ?, ?, ?, ?, ?, default)
2026-02-25 13:51:11 [http-nio-8080-exec-9] DEBUG o.h.id.IdentifierGeneratorHelper - Natively generated identity (com.taskmanagement.entity.Task) : 3
2026-02-25 13:51:11 [http-nio-8080-exec-9] DEBUG org.hibernate.orm.sql.exec - Skipping reading Query result cache data: cache-enabled = false, cache-mode = IGNORE
2026-02-25 13:51:11 [http-nio-8080-exec-9] DEBUG org.hibernate.orm.results - Initializer list:
	  com.taskmanagement.entity.Goal.tasks -> BagInitializer(com.taskmanagement.entity.Goal.tasks)@1340333856 (PluralAttribute(com.taskmanagement.entity.Goal.tasks))
	  com.taskmanagement.entity.Goal.tasks.{element} -> EntityJoinedFetchInitializer(com.taskmanagement.entity.Goal.tasks.{element})@441434852 (EntityCollectionPart(com.taskmanagement.entity.Goal.tasks#{element})@1132975070)
	  com.taskmanagement.entity.Goal.tasks.{element}.goal -> EntityDelayedFetchInitializer(com.taskmanagement.entity.Goal.tasks.{element}.goal)@1463104160 (ToOneAttributeMapping(NavigableRole[com.taskmanagement.entity.Task.goal])@117370297)

2026-02-25 13:51:11 [http-nio-8080-exec-9] DEBUG org.hibernate.SQL - 
    select
        t1_0.goal_id,
        t1_0.id,
        t1_0.actual_hours,
        t1_0.is_completed,
        t1_0.completed_at,
        t1_0.created_at,
        t1_0.description,
        t1_0.display_order,
        t1_0.due_date,
        t1_0.estimated_hours,
        t1_0.priority,
        t1_0.status,
        t1_0.title,
        t1_0.updated_at 
    from
        tasks t1_0 
    where
        t1_0.goal_id=? 
    order by
        t1_0.display_order,
        t1_0.created_at
2026-02-25 13:51:11 [http-nio-8080-exec-9] DEBUG org.hibernate.orm.results - Extracted JDBC value [1] - [1]
2026-02-25 13:51:11 [http-nio-8080-exec-9] DEBUG o.h.orm.results.loading.entity - (EntityJoinedFetchInitializer) Hydrated EntityKey (com.taskmanagement.entity.Goal.tasks.{element}): 1
2026-02-25 13:51:11 [http-nio-8080-exec-9] DEBUG org.hibernate.orm.results - Extracted JDBC value [0] - [1]
2026-02-25 13:51:11 [http-nio-8080-exec-9] DEBUG o.h.o.r.l.o.h.o.r.loading.collection - (BagInitializer) Current row collection key : com.taskmanagement.entity.Goal.tasks#1
2026-02-25 13:51:11 [http-nio-8080-exec-9] DEBUG org.hibernate.orm.results - Extracted JDBC value [0] - [1]
2026-02-25 13:51:11 [http-nio-8080-exec-9] DEBUG o.h.o.r.l.o.h.o.r.loading.collection - (BagInitializer) Responsible for loading collection [com.taskmanagement.entity.Goal.tasks#1] : org.hibernate.collection.spi.PersistentBag@1762850370
2026-02-25 13:51:11 [http-nio-8080-exec-9] DEBUG o.h.o.r.l.o.h.o.r.loading.collection - (BagInitializer) Reading element from row for collection [com.taskmanagement.entity.Goal.tasks#1] -> org.hibernate.collection.spi.PersistentBag@1762850370
2026-02-25 13:51:11 [http-nio-8080-exec-9] DEBUG org.hibernate.orm.results.loading - Calling top-level assembler (0 / 1) : org.hibernate.sql.results.graph.collection.internal.EagerCollectionAssembler@5719fb1a
2026-02-25 13:51:11 [http-nio-8080-exec-9] DEBUG org.hibernate.orm.results - Extracted JDBC value [1] - [2]
2026-02-25 13:51:11 [http-nio-8080-exec-9] DEBUG o.h.orm.results.loading.entity - (EntityJoinedFetchInitializer) Hydrated EntityKey (com.taskmanagement.entity.Goal.tasks.{element}): 2
2026-02-25 13:51:11 [http-nio-8080-exec-9] DEBUG org.hibernate.orm.results - Extracted JDBC value [0] - [1]
2026-02-25 13:51:11 [http-nio-8080-exec-9] DEBUG o.h.o.r.l.o.h.o.r.loading.collection - (BagInitializer) Current row collection key : com.taskmanagement.entity.Goal.tasks#1
2026-02-25 13:51:11 [http-nio-8080-exec-9] DEBUG org.hibernate.orm.results - Extracted JDBC value [0] - [1]
2026-02-25 13:51:11 [http-nio-8080-exec-9] DEBUG o.h.o.r.l.o.h.o.r.loading.collection - (BagInitializer) Found existing loading collection entry [com.taskmanagement.entity.Goal.tasks#1]; using loading collection instance - org.hibernate.collection.spi.PersistentBag@1762850370
2026-02-25 13:51:11 [http-nio-8080-exec-9] DEBUG o.h.o.r.l.o.h.o.r.loading.collection - (BagInitializer) Responsible for loading collection [com.taskmanagement.entity.Goal.tasks#1] : org.hibernate.collection.spi.PersistentBag@1762850370
2026-02-25 13:51:11 [http-nio-8080-exec-9] DEBUG o.h.o.r.l.o.h.o.r.loading.collection - (BagInitializer) Reading element from row for collection [com.taskmanagement.entity.Goal.tasks#1] -> org.hibernate.collection.spi.PersistentBag@1762850370
2026-02-25 13:51:11 [http-nio-8080-exec-9] DEBUG org.hibernate.orm.results.loading - Calling top-level assembler (0 / 1) : org.hibernate.sql.results.graph.collection.internal.EagerCollectionAssembler@5719fb1a
2026-02-25 13:51:11 [http-nio-8080-exec-9] DEBUG org.hibernate.orm.results - Extracted JDBC value [1] - [3]
2026-02-25 13:51:11 [http-nio-8080-exec-9] DEBUG o.h.orm.results.loading.entity - (EntityJoinedFetchInitializer) Hydrated EntityKey (com.taskmanagement.entity.Goal.tasks.{element}): 3
2026-02-25 13:51:11 [http-nio-8080-exec-9] DEBUG org.hibernate.orm.results - Extracted JDBC value [0] - [1]
2026-02-25 13:51:11 [http-nio-8080-exec-9] DEBUG o.h.o.r.l.o.h.o.r.loading.collection - (BagInitializer) Current row collection key : com.taskmanagement.entity.Goal.tasks#1
2026-02-25 13:51:11 [http-nio-8080-exec-9] DEBUG org.hibernate.orm.results - Extracted JDBC value [0] - [1]
2026-02-25 13:51:11 [http-nio-8080-exec-9] DEBUG o.h.o.r.l.o.h.o.r.loading.collection - (BagInitializer) Found existing loading collection entry [com.taskmanagement.entity.Goal.tasks#1]; using loading collection instance - org.hibernate.collection.spi.PersistentBag@1762850370
2026-02-25 13:51:11 [http-nio-8080-exec-9] DEBUG o.h.o.r.l.o.h.o.r.loading.collection - (BagInitializer) Responsible for loading collection [com.taskmanagement.entity.Goal.tasks#1] : org.hibernate.collection.spi.PersistentBag@1762850370
2026-02-25 13:51:11 [http-nio-8080-exec-9] DEBUG o.h.o.r.l.o.h.o.r.loading.collection - (BagInitializer) Reading element from row for collection [com.taskmanagement.entity.Goal.tasks#1] -> org.hibernate.collection.spi.PersistentBag@1762850370
2026-02-25 13:51:11 [http-nio-8080-exec-9] DEBUG org.hibernate.orm.results.loading - Calling top-level assembler (0 / 1) : org.hibernate.sql.results.graph.collection.internal.EagerCollectionAssembler@5719fb1a
2026-02-25 13:51:11 [http-nio-8080-exec-9] DEBUG o.h.s.results.internal.ResultsHelper - Collection fully initialized: [com.taskmanagement.entity.Goal.tasks#1]
2026-02-25 13:51:11 [http-nio-8080-exec-9] DEBUG o.s.orm.jpa.JpaTransactionManager - Found thread-bound EntityManager [SessionImpl(1837493555<open>)] for JPA transaction
2026-02-25 13:51:11 [http-nio-8080-exec-9] DEBUG o.s.orm.jpa.JpaTransactionManager - Participating in existing transaction
2026-02-25 13:51:11 [http-nio-8080-exec-9] DEBUG o.h.j.i.PersistenceUnitUtilImpl - jakarta.persistence.PersistenceUnitUtil.getIdentifier is only intended to work with enhanced entities (although Hibernate also adapts this support to its proxies); however the passed entity was not enhanced (nor a proxy).. may not be able to read identifier
2026-02-25 13:51:11 [http-nio-8080-exec-9] INFO  c.t.service.impl.TaskServiceImpl - Created 3 tasks successfully
2026-02-25 13:51:11 [http-nio-8080-exec-9] DEBUG o.s.orm.jpa.JpaTransactionManager - Initiating transaction commit
2026-02-25 13:51:11 [http-nio-8080-exec-9] DEBUG o.s.orm.jpa.JpaTransactionManager - Committing JPA transaction on EntityManager [SessionImpl(1837493555<open>)]
2026-02-25 13:51:11 [http-nio-8080-exec-9] DEBUG o.h.e.t.internal.TransactionImpl - committing
2026-02-25 13:51:11 [http-nio-8080-exec-9] DEBUG o.h.e.i.AbstractFlushingEventListener - Processing flush-time cascades
2026-02-25 13:51:11 [http-nio-8080-exec-9] DEBUG o.h.e.i.AbstractFlushingEventListener - Dirty checking collections
2026-02-25 13:51:11 [http-nio-8080-exec-9] DEBUG o.h.engine.internal.Collections - Collection found: [com.taskmanagement.entity.Goal.tasks#1], was: [com.taskmanagement.entity.Goal.tasks#1] (initialized)
2026-02-25 13:51:11 [http-nio-8080-exec-9] DEBUG o.h.e.i.AbstractFlushingEventListener - Flushed: 0 insertions, 0 updates, 0 deletions to 4 objects
2026-02-25 13:51:11 [http-nio-8080-exec-9] DEBUG o.h.e.i.AbstractFlushingEventListener - Flushed: 0 (re)creations, 0 updates, 0 removals to 1 collections
2026-02-25 13:51:11 [http-nio-8080-exec-9] DEBUG o.h.internal.util.EntityPrinter - Listing entities:
2026-02-25 13:51:11 [http-nio-8080-exec-9] DEBUG o.h.internal.util.EntityPrinter - com.taskmanagement.entity.Goal{createdAt=2026-02-25T13:51:11.164095, targetDate=2026-02-28, description=Test all endpoints of the Task Management Service, completionDate=null, progressPercentage=0, id=1, priority=HIGH, title=Complete API Testing, userId=1, tasks=[com.taskmanagement.entity.Task#1, com.taskmanagement.entity.Task#2, com.taskmanagement.entity.Task#3], status=NOT_STARTED, updatedAt=2026-02-25T13:51:11.164095}
2026-02-25 13:51:11 [http-nio-8080-exec-9] DEBUG o.h.internal.util.EntityPrinter - com.taskmanagement.entity.Task{completedAt=null, goal=com.taskmanagement.entity.Goal#1, dueDate=2026-02-12, displayOrder=0, description=null, completed=false, priority=LOW, title=Test Health endpoint, actualHours=null, createdAt=2026-02-25T13:51:11.455631700, estimatedHours=null, id=1, status=TODO, updatedAt=2026-02-25T13:51:11.455631700}
2026-02-25 13:51:11 [http-nio-8080-exec-9] DEBUG o.h.internal.util.EntityPrinter - com.taskmanagement.entity.Task{completedAt=null, goal=com.taskmanagement.entity.Goal#1, dueDate=2026-02-13, displayOrder=1, description=null, completed=false, priority=HIGH, title=Test Goals CRUD, actualHours=null, createdAt=2026-02-25T13:51:11.461715900, estimatedHours=null, id=2, status=TODO, updatedAt=2026-02-25T13:51:11.461715900}
2026-02-25 13:51:11 [http-nio-8080-exec-9] DEBUG o.h.internal.util.EntityPrinter - com.taskmanagement.entity.Task{completedAt=null, goal=com.taskmanagement.entity.Goal#1, dueDate=2026-02-14, displayOrder=2, description=null, completed=false, priority=HIGH, title=Test Tasks CRUD, actualHours=null, createdAt=2026-02-25T13:51:11.464294700, estimatedHours=null, id=3, status=TODO, updatedAt=2026-02-25T13:51:11.464294700}
2026-02-25 13:51:11 [http-nio-8080-exec-9] DEBUG o.s.orm.jpa.JpaTransactionManager - Not closing pre-bound JPA EntityManager after transaction
2026-02-25 13:51:11 [http-nio-8080-exec-9] DEBUG o.s.w.s.m.m.a.HttpEntityMethodProcessor - Using 'application/json', given [*/*] and supported [application/json, application/*+json]
2026-02-25 13:51:11 [http-nio-8080-exec-9] DEBUG o.s.w.s.m.m.a.HttpEntityMethodProcessor - Writing [ApiResponse(success=true, message=Tasks created successfully, data=[TaskResponse(id=1, title=Test He (truncated)...]
2026-02-25 13:51:11 [http-nio-8080-exec-9] DEBUG o.s.o.j.s.OpenEntityManagerInViewInterceptor - Closing JPA EntityManager in OpenEntityManagerInViewInterceptor
2026-02-25 13:51:11 [http-nio-8080-exec-9] DEBUG o.s.web.servlet.DispatcherServlet - Completed 201 CREATED
2026-02-25 13:51:11 [http-nio-8080-exec-3] DEBUG o.s.web.servlet.DispatcherServlet - GET "/api/v1/goals/1?includeTasks=true", parameters={masked}
2026-02-25 13:51:11 [http-nio-8080-exec-3] DEBUG o.s.w.s.m.m.a.RequestMappingHandlerMapping - Mapped to com.taskmanagement.controller.GoalController#getGoalById(Long, boolean)
2026-02-25 13:51:11 [http-nio-8080-exec-3] DEBUG o.s.o.j.s.OpenEntityManagerInViewInterceptor - Opening JPA EntityManager in OpenEntityManagerInViewInterceptor
2026-02-25 13:51:11 [http-nio-8080-exec-3] DEBUG o.s.orm.jpa.JpaTransactionManager - Found thread-bound EntityManager [SessionImpl(1245903800<open>)] for JPA transaction
2026-02-25 13:51:11 [http-nio-8080-exec-3] DEBUG o.s.orm.jpa.JpaTransactionManager - Creating new transaction with name [com.taskmanagement.service.impl.GoalServiceImpl.getGoalByIdWithTasks]: PROPAGATION_REQUIRED,ISOLATION_DEFAULT,readOnly
2026-02-25 13:51:11 [http-nio-8080-exec-3] DEBUG o.s.jdbc.datasource.DataSourceUtils - Setting JDBC Connection [HikariProxyConnection@1302279387 wrapping conn0: url=jdbc:h2:mem:taskmanagement user=SA] read-only
2026-02-25 13:51:11 [http-nio-8080-exec-3] DEBUG o.h.e.t.internal.TransactionImpl - On TransactionImpl creation, JpaCompliance#isJpaTransactionComplianceEnabled == false
2026-02-25 13:51:11 [http-nio-8080-exec-3] DEBUG o.h.e.t.internal.TransactionImpl - begin
2026-02-25 13:51:11 [http-nio-8080-exec-3] DEBUG o.s.orm.jpa.JpaTransactionManager - Exposing JPA transaction as JDBC [org.springframework.orm.jpa.vendor.HibernateJpaDialect$HibernateConnectionHandle@4fe6ae62]
2026-02-25 13:51:11 [http-nio-8080-exec-3] DEBUG c.t.service.impl.GoalServiceImpl - Fetching goal with tasks for ID: 1
2026-02-25 13:51:11 [http-nio-8080-exec-3] DEBUG org.hibernate.orm.sql.ast.create - Created new SQL alias : g1_0
2026-02-25 13:51:11 [http-nio-8080-exec-3] DEBUG org.hibernate.orm.sql.ast.create - Registration of TableGroup [StandardTableGroup(com.taskmanagement.entity.Goal(g))] with identifierForTableGroup [com.taskmanagement.entity.Goal] for NavigablePath [com.taskmanagement.entity.Goal] 
2026-02-25 13:51:11 [http-nio-8080-exec-3] DEBUG org.hibernate.orm.sql.ast.create - Created new SQL alias : t1_0
2026-02-25 13:51:11 [http-nio-8080-exec-3] DEBUG org.hibernate.orm.sql.ast.create - Registration of TableGroup [org.hibernate.sql.ast.tree.from.OneToManyTableGroup@57f404e1] with identifierForTableGroup [com.taskmanagement.entity.Goal.tasks] for NavigablePath [com.taskmanagement.entity.Goal.tasks] 
2026-02-25 13:51:11 [http-nio-8080-exec-3] DEBUG org.hibernate.orm.sql.ast.create - Registration of TableGroup [StandardTableGroup(com.taskmanagement.entity.Goal(g).tasks(104270904119500).{element})] with identifierForTableGroup [com.taskmanagement.entity.Goal.tasks.{element}] for NavigablePath [com.taskmanagement.entity.Goal.tasks.{element}] 
2026-02-25 13:51:11 [http-nio-8080-exec-3] DEBUG org.hibernate.orm.sql.ast.create - Registration of TableGroup [org.hibernate.sql.ast.tree.from.LazyTableGroup@59164bb8] with identifierForTableGroup [com.taskmanagement.entity.Goal.tasks.{element}.goal] for NavigablePath [com.taskmanagement.entity.Goal.tasks.{element}.goal] 
2026-02-25 13:51:11 [http-nio-8080-exec-3] DEBUG o.h.q.s.sql.BaseSqmToSqlAstConverter - Determining mapping-model type for SqmParameter : SqmNamedParameter(id)
2026-02-25 13:51:11 [http-nio-8080-exec-3] DEBUG o.h.q.s.sql.BaseSqmToSqlAstConverter - Determining mapping-model type for SqmPath : SqmBasicValuedSimplePath(com.taskmanagement.entity.Goal(g).id) 
2026-02-25 13:51:11 [http-nio-8080-exec-3] DEBUG org.hibernate.orm.results.graph.AST - DomainResult Graph:
 \-EntityResultImpl [com.taskmanagement.entity.Goal(g)]
 |  +-BasicFetch [com.taskmanagement.entity.Goal(g).completionDate]
 |  +-BasicFetch [com.taskmanagement.entity.Goal(g).createdAt]
 |  +-BasicFetch [com.taskmanagement.entity.Goal(g).description]
 |  +-BasicFetch [com.taskmanagement.entity.Goal(g).priority]
 |  +-BasicFetch [com.taskmanagement.entity.Goal(g).progressPercentage]
 |  +-BasicFetch [com.taskmanagement.entity.Goal(g).status]
 |  +-BasicFetch [com.taskmanagement.entity.Goal(g).targetDate]
 |  +-EagerCollectionFetch [com.taskmanagement.entity.Goal(g).tasks(104270904119500)]
 |  |  \-EntityFetchJoinedImpl [com.taskmanagement.entity.Goal(g).tasks(104270904119500).{element}]
 |  +-BasicFetch [com.taskmanagement.entity.Goal(g).title]
 |  +-BasicFetch [com.taskmanagement.entity.Goal(g).updatedAt]
 |  \-BasicFetch [com.taskmanagement.entity.Goal(g).userId]

2026-02-25 13:51:11 [http-nio-8080-exec-3] DEBUG org.hibernate.orm.sql.ast.tree - SQL AST Tree:
    SelectStatement {
      FromClause {
        StandardTableGroup (g1 : com.taskmanagement.entity.Goal(g)) {
          primaryTableReference : goals as g1_0
          TableGroupJoins {
            left  join OneToManyTableGroup (t1 : com.taskmanagement.entity.Goal(g).tasks(104270904119500)) {
              primaryTableReference : tasks as t1_0
              TableGroupJoins {
                left  join LazyTableGroup (g2 : com.taskmanagement.entity.Goal(g).tasks(104270904119500).{element}.goal) {
                }
              }
            }
          }
        }
      }
    }

2026-02-25 13:51:11 [http-nio-8080-exec-3] DEBUG org.hibernate.orm.sql.exec - Skipping reading Query result cache data: cache-enabled = false, cache-mode = NORMAL
2026-02-25 13:51:11 [http-nio-8080-exec-3] DEBUG org.hibernate.orm.results - Initializer list:
	  com.taskmanagement.entity.Goal(g).tasks(104270904119500).{element} -> EntityJoinedFetchInitializer(com.taskmanagement.entity.Goal(g).tasks(104270904119500).{element})@14826182 (EntityCollectionPart(com.taskmanagement.entity.Goal.tasks#{element})@1132975070)
	  com.taskmanagement.entity.Goal(g).tasks(104270904119500) -> BagInitializer(com.taskmanagement.entity.Goal(g).tasks(104270904119500))@239097421 (PluralAttribute(com.taskmanagement.entity.Goal.tasks))
	  com.taskmanagement.entity.Goal(g) -> EntityResultInitializer(com.taskmanagement.entity.Goal(g))@53901548 (SingleTableEntityPersister(com.taskmanagement.entity.Goal))

2026-02-25 13:51:11 [http-nio-8080-exec-3] DEBUG org.hibernate.SQL - 
    select
        g1_0.id,
        g1_0.completion_date,
        g1_0.created_at,
        g1_0.description,
        g1_0.priority,
        g1_0.progress_percentage,
        g1_0.status,
        g1_0.target_date,
        t1_0.goal_id,
        t1_0.id,
        t1_0.actual_hours,
        t1_0.is_completed,
        t1_0.completed_at,
        t1_0.created_at,
        t1_0.description,
        t1_0.display_order,
        t1_0.due_date,
        t1_0.estimated_hours,
        t1_0.priority,
        t1_0.status,
        t1_0.title,
        t1_0.updated_at,
        g1_0.title,
        g1_0.updated_at,
        g1_0.user_id 
    from
        goals g1_0 
    left join
        tasks t1_0 
            on g1_0.id=t1_0.goal_id 
    where
        g1_0.id=? 
    order by
        t1_0.display_order,
        t1_0.created_at
2026-02-25 13:51:11 [http-nio-8080-exec-3] DEBUG org.hibernate.orm.results - Extracted JDBC value [9] - [1]
2026-02-25 13:51:11 [http-nio-8080-exec-3] DEBUG o.h.orm.results.loading.entity - (EntityJoinedFetchInitializer) Hydrated EntityKey (com.taskmanagement.entity.Goal(g).tasks(104270904119500).{element}): 1
2026-02-25 13:51:11 [http-nio-8080-exec-3] DEBUG org.hibernate.orm.results - Extracted JDBC value [0] - [1]
2026-02-25 13:51:11 [http-nio-8080-exec-3] DEBUG o.h.orm.results.loading.entity - (EntityResultInitializer) Hydrated EntityKey (com.taskmanagement.entity.Goal(g)): 1
2026-02-25 13:51:11 [http-nio-8080-exec-3] DEBUG org.hibernate.orm.results - Extracted JDBC value [0] - [1]
2026-02-25 13:51:11 [http-nio-8080-exec-3] DEBUG o.h.o.r.l.o.h.o.r.loading.collection - (BagInitializer) Current row collection key : com.taskmanagement.entity.Goal(g).tasks(104270904119500)#1
2026-02-25 13:51:11 [http-nio-8080-exec-3] DEBUG org.hibernate.orm.results - Extracted JDBC value [8] - [1]
2026-02-25 13:51:11 [http-nio-8080-exec-3] DEBUG o.h.orm.results.loading.entity - (EntityJoinedFetchInitializer) Created new entity instance [com.taskmanagement.entity.Goal(g).tasks(104270904119500).{element}#1] : 261126369
2026-02-25 13:51:11 [http-nio-8080-exec-3] DEBUG o.h.orm.results.loading.entity - (EntityResultInitializer) Created new entity instance [com.taskmanagement.entity.Goal(g)#1] : 779770902
2026-02-25 13:51:11 [http-nio-8080-exec-3] DEBUG o.h.o.r.l.o.h.o.r.loading.collection - (BagInitializer) Created new collection wrapper [com.taskmanagement.entity.Goal(g).tasks(104270904119500)#1] : org.hibernate.collection.spi.PersistentBag@581008968
2026-02-25 13:51:11 [http-nio-8080-exec-3] DEBUG o.h.o.r.l.o.h.o.r.loading.collection - (BagInitializer) Responsible for loading collection [com.taskmanagement.entity.Goal(g).tasks(104270904119500)#1] : org.hibernate.collection.spi.PersistentBag@581008968
2026-02-25 13:51:11 [http-nio-8080-exec-3] DEBUG org.hibernate.orm.results - Extracted JDBC value [10] - [null]
2026-02-25 13:51:11 [http-nio-8080-exec-3] DEBUG org.hibernate.orm.results - Extracted JDBC value [11] - [false]
2026-02-25 13:51:11 [http-nio-8080-exec-3] DEBUG org.hibernate.orm.results - Extracted JDBC value [12] - [null]
2026-02-25 13:51:11 [http-nio-8080-exec-3] DEBUG org.hibernate.orm.results - Extracted JDBC value [13] - [2026-02-25T13:51:11.455632]
2026-02-25 13:51:11 [http-nio-8080-exec-3] DEBUG org.hibernate.orm.results - Extracted JDBC value [14] - [null]
2026-02-25 13:51:11 [http-nio-8080-exec-3] DEBUG org.hibernate.orm.results - Extracted JDBC value [15] - [0]
2026-02-25 13:51:11 [http-nio-8080-exec-3] DEBUG org.hibernate.orm.results - Extracted JDBC value [16] - [2026-02-12]
2026-02-25 13:51:11 [http-nio-8080-exec-3] DEBUG org.hibernate.orm.results - Extracted JDBC value [17] - [null]
2026-02-25 13:51:11 [http-nio-8080-exec-3] DEBUG org.hibernate.orm.results - Extracted JDBC value [8] - [1]
2026-02-25 13:51:11 [http-nio-8080-exec-3] DEBUG org.hibernate.orm.results - Extracted JDBC value [18] - [LOW]
2026-02-25 13:51:11 [http-nio-8080-exec-3] DEBUG org.hibernate.orm.results - Extracted JDBC value [19] - [TODO]
2026-02-25 13:51:11 [http-nio-8080-exec-3] DEBUG org.hibernate.orm.results - Extracted JDBC value [20] - [Test Health endpoint]
2026-02-25 13:51:11 [http-nio-8080-exec-3] DEBUG org.hibernate.orm.results - Extracted JDBC value [21] - [2026-02-25T13:51:11.455632]
2026-02-25 13:51:11 [http-nio-8080-exec-3] DEBUG o.h.orm.results.loading.entity - (EntityJoinedFetchInitializer) Done materializing entityInstance : com.taskmanagement.entity.Goal(g).tasks(104270904119500).{element}#1
2026-02-25 13:51:11 [http-nio-8080-exec-3] DEBUG o.h.o.r.l.o.h.o.r.loading.collection - (BagInitializer) Reading element from row for collection [com.taskmanagement.entity.Goal(g).tasks(104270904119500)#1] -> org.hibernate.collection.spi.PersistentBag@581008968
2026-02-25 13:51:11 [http-nio-8080-exec-3] DEBUG org.hibernate.orm.results - Extracted JDBC value [1] - [null]
2026-02-25 13:51:11 [http-nio-8080-exec-3] DEBUG org.hibernate.orm.results - Extracted JDBC value [2] - [2026-02-25T13:51:11.164095]
2026-02-25 13:51:11 [http-nio-8080-exec-3] DEBUG org.hibernate.orm.results - Extracted JDBC value [3] - [Test all endpoints of the Task Management Service]
2026-02-25 13:51:11 [http-nio-8080-exec-3] DEBUG org.hibernate.orm.results - Extracted JDBC value [4] - [HIGH]
2026-02-25 13:51:11 [http-nio-8080-exec-3] DEBUG org.hibernate.orm.results - Extracted JDBC value [5] - [0]
2026-02-25 13:51:11 [http-nio-8080-exec-3] DEBUG org.hibernate.orm.results - Extracted JDBC value [6] - [NOT_STARTED]
2026-02-25 13:51:11 [http-nio-8080-exec-3] DEBUG org.hibernate.orm.results - Extracted JDBC value [7] - [2026-02-28]
2026-02-25 13:51:11 [http-nio-8080-exec-3] DEBUG org.hibernate.orm.results - Extracted JDBC value [22] - [Complete API Testing]
2026-02-25 13:51:11 [http-nio-8080-exec-3] DEBUG org.hibernate.orm.results - Extracted JDBC value [23] - [2026-02-25T13:51:11.164095]
2026-02-25 13:51:11 [http-nio-8080-exec-3] DEBUG org.hibernate.orm.results - Extracted JDBC value [24] - [1]
2026-02-25 13:51:11 [http-nio-8080-exec-3] DEBUG o.h.orm.results.loading.entity - (EntityResultInitializer) Done materializing entityInstance : com.taskmanagement.entity.Goal(g)#1
2026-02-25 13:51:11 [http-nio-8080-exec-3] DEBUG org.hibernate.orm.results.loading - Calling top-level assembler (0 / 1) : org.hibernate.sql.results.graph.entity.internal.EntityAssembler@4ca4f1ac
2026-02-25 13:51:11 [http-nio-8080-exec-3] DEBUG org.hibernate.orm.results - Extracted JDBC value [9] - [2]
2026-02-25 13:51:11 [http-nio-8080-exec-3] DEBUG o.h.orm.results.loading.entity - (EntityJoinedFetchInitializer) Hydrated EntityKey (com.taskmanagement.entity.Goal(g).tasks(104270904119500).{element}): 2
2026-02-25 13:51:11 [http-nio-8080-exec-3] DEBUG org.hibernate.orm.results - Extracted JDBC value [0] - [1]
2026-02-25 13:51:11 [http-nio-8080-exec-3] DEBUG o.h.orm.results.loading.entity - (EntityResultInitializer) Hydrated EntityKey (com.taskmanagement.entity.Goal(g)): 1
2026-02-25 13:51:11 [http-nio-8080-exec-3] DEBUG org.hibernate.orm.results - Extracted JDBC value [0] - [1]
2026-02-25 13:51:11 [http-nio-8080-exec-3] DEBUG o.h.o.r.l.o.h.o.r.loading.collection - (BagInitializer) Current row collection key : com.taskmanagement.entity.Goal(g).tasks(104270904119500)#1
2026-02-25 13:51:11 [http-nio-8080-exec-3] DEBUG org.hibernate.orm.results - Extracted JDBC value [8] - [1]
2026-02-25 13:51:11 [http-nio-8080-exec-3] DEBUG o.h.orm.results.loading.entity - (EntityJoinedFetchInitializer) Created new entity instance [com.taskmanagement.entity.Goal(g).tasks(104270904119500).{element}#2] : 818060994
2026-02-25 13:51:11 [http-nio-8080-exec-3] DEBUG o.h.o.r.l.o.h.o.r.loading.collection - (BagInitializer) Found existing loading collection entry [com.taskmanagement.entity.Goal(g).tasks(104270904119500)#1]; using loading collection instance - org.hibernate.collection.spi.PersistentBag@581008968
2026-02-25 13:51:11 [http-nio-8080-exec-3] DEBUG o.h.o.r.l.o.h.o.r.loading.collection - (BagInitializer) Responsible for loading collection [com.taskmanagement.entity.Goal(g).tasks(104270904119500)#1] : org.hibernate.collection.spi.PersistentBag@581008968
2026-02-25 13:51:11 [http-nio-8080-exec-3] DEBUG org.hibernate.orm.results - Extracted JDBC value [10] - [null]
2026-02-25 13:51:11 [http-nio-8080-exec-3] DEBUG org.hibernate.orm.results - Extracted JDBC value [11] - [false]
2026-02-25 13:51:11 [http-nio-8080-exec-3] DEBUG org.hibernate.orm.results - Extracted JDBC value [12] - [null]
2026-02-25 13:51:11 [http-nio-8080-exec-3] DEBUG org.hibernate.orm.results - Extracted JDBC value [13] - [2026-02-25T13:51:11.461716]
2026-02-25 13:51:11 [http-nio-8080-exec-3] DEBUG org.hibernate.orm.results - Extracted JDBC value [14] - [null]
2026-02-25 13:51:11 [http-nio-8080-exec-3] DEBUG org.hibernate.orm.results - Extracted JDBC value [15] - [1]
2026-02-25 13:51:11 [http-nio-8080-exec-3] DEBUG org.hibernate.orm.results - Extracted JDBC value [16] - [2026-02-13]
2026-02-25 13:51:11 [http-nio-8080-exec-3] DEBUG org.hibernate.orm.results - Extracted JDBC value [17] - [null]
2026-02-25 13:51:11 [http-nio-8080-exec-3] DEBUG org.hibernate.orm.results - Extracted JDBC value [8] - [1]
2026-02-25 13:51:11 [http-nio-8080-exec-3] DEBUG org.hibernate.orm.results - Extracted JDBC value [18] - [HIGH]
2026-02-25 13:51:11 [http-nio-8080-exec-3] DEBUG org.hibernate.orm.results - Extracted JDBC value [19] - [TODO]
2026-02-25 13:51:11 [http-nio-8080-exec-3] DEBUG org.hibernate.orm.results - Extracted JDBC value [20] - [Test Goals CRUD]
2026-02-25 13:51:11 [http-nio-8080-exec-3] DEBUG org.hibernate.orm.results - Extracted JDBC value [21] - [2026-02-25T13:51:11.461716]
2026-02-25 13:51:11 [http-nio-8080-exec-3] DEBUG o.h.orm.results.loading.entity - (EntityJoinedFetchInitializer) Done materializing entityInstance : com.taskmanagement.entity.Goal(g).tasks(104270904119500).{element}#2
2026-02-25 13:51:11 [http-nio-8080-exec-3] DEBUG o.h.o.r.l.o.h.o.r.loading.collection - (BagInitializer) Reading element from row for collection [com.taskmanagement.entity.Goal(g).tasks(104270904119500)#1] -> org.hibernate.collection.spi.PersistentBag@581008968
2026-02-25 13:51:11 [http-nio-8080-exec-3] DEBUG org.hibernate.orm.results.loading - Calling top-level assembler (0 / 1) : org.hibernate.sql.results.graph.entity.internal.EntityAssembler@4ca4f1ac
2026-02-25 13:51:11 [http-nio-8080-exec-3] DEBUG org.hibernate.orm.results - Extracted JDBC value [9] - [3]
2026-02-25 13:51:11 [http-nio-8080-exec-3] DEBUG o.h.orm.results.loading.entity - (EntityJoinedFetchInitializer) Hydrated EntityKey (com.taskmanagement.entity.Goal(g).tasks(104270904119500).{element}): 3
2026-02-25 13:51:11 [http-nio-8080-exec-3] DEBUG org.hibernate.orm.results - Extracted JDBC value [0] - [1]
2026-02-25 13:51:11 [http-nio-8080-exec-3] DEBUG o.h.orm.results.loading.entity - (EntityResultInitializer) Hydrated EntityKey (com.taskmanagement.entity.Goal(g)): 1
2026-02-25 13:51:11 [http-nio-8080-exec-3] DEBUG org.hibernate.orm.results - Extracted JDBC value [0] - [1]
2026-02-25 13:51:11 [http-nio-8080-exec-3] DEBUG o.h.o.r.l.o.h.o.r.loading.collection - (BagInitializer) Current row collection key : com.taskmanagement.entity.Goal(g).tasks(104270904119500)#1
2026-02-25 13:51:11 [http-nio-8080-exec-3] DEBUG org.hibernate.orm.results - Extracted JDBC value [8] - [1]
2026-02-25 13:51:11 [http-nio-8080-exec-3] DEBUG o.h.orm.results.loading.entity - (EntityJoinedFetchInitializer) Created new entity instance [com.taskmanagement.entity.Goal(g).tasks(104270904119500).{element}#3] : 423163308
2026-02-25 13:51:11 [http-nio-8080-exec-3] DEBUG o.h.o.r.l.o.h.o.r.loading.collection - (BagInitializer) Found existing loading collection entry [com.taskmanagement.entity.Goal(g).tasks(104270904119500)#1]; using loading collection instance - org.hibernate.collection.spi.PersistentBag@581008968
2026-02-25 13:51:11 [http-nio-8080-exec-3] DEBUG o.h.o.r.l.o.h.o.r.loading.collection - (BagInitializer) Responsible for loading collection [com.taskmanagement.entity.Goal(g).tasks(104270904119500)#1] : org.hibernate.collection.spi.PersistentBag@581008968
2026-02-25 13:51:11 [http-nio-8080-exec-3] DEBUG org.hibernate.orm.results - Extracted JDBC value [10] - [null]
2026-02-25 13:51:11 [http-nio-8080-exec-3] DEBUG org.hibernate.orm.results - Extracted JDBC value [11] - [false]
2026-02-25 13:51:11 [http-nio-8080-exec-3] DEBUG org.hibernate.orm.results - Extracted JDBC value [12] - [null]
2026-02-25 13:51:11 [http-nio-8080-exec-3] DEBUG org.hibernate.orm.results - Extracted JDBC value [13] - [2026-02-25T13:51:11.464295]
2026-02-25 13:51:11 [http-nio-8080-exec-3] DEBUG org.hibernate.orm.results - Extracted JDBC value [14] - [null]
2026-02-25 13:51:11 [http-nio-8080-exec-3] DEBUG org.hibernate.orm.results - Extracted JDBC value [15] - [2]
2026-02-25 13:51:11 [http-nio-8080-exec-3] DEBUG org.hibernate.orm.results - Extracted JDBC value [16] - [2026-02-14]
2026-02-25 13:51:11 [http-nio-8080-exec-3] DEBUG org.hibernate.orm.results - Extracted JDBC value [17] - [null]
2026-02-25 13:51:11 [http-nio-8080-exec-3] DEBUG org.hibernate.orm.results - Extracted JDBC value [8] - [1]
2026-02-25 13:51:11 [http-nio-8080-exec-3] DEBUG org.hibernate.orm.results - Extracted JDBC value [18] - [HIGH]
2026-02-25 13:51:11 [http-nio-8080-exec-3] DEBUG org.hibernate.orm.results - Extracted JDBC value [19] - [TODO]
2026-02-25 13:51:11 [http-nio-8080-exec-3] DEBUG org.hibernate.orm.results - Extracted JDBC value [20] - [Test Tasks CRUD]
2026-02-25 13:51:11 [http-nio-8080-exec-3] DEBUG org.hibernate.orm.results - Extracted JDBC value [21] - [2026-02-25T13:51:11.464295]
2026-02-25 13:51:11 [http-nio-8080-exec-3] DEBUG o.h.orm.results.loading.entity - (EntityJoinedFetchInitializer) Done materializing entityInstance : com.taskmanagement.entity.Goal(g).tasks(104270904119500).{element}#3
2026-02-25 13:51:11 [http-nio-8080-exec-3] DEBUG o.h.o.r.l.o.h.o.r.loading.collection - (BagInitializer) Reading element from row for collection [com.taskmanagement.entity.Goal(g).tasks(104270904119500)#1] -> org.hibernate.collection.spi.PersistentBag@581008968
2026-02-25 13:51:11 [http-nio-8080-exec-3] DEBUG org.hibernate.orm.results.loading - Calling top-level assembler (0 / 1) : org.hibernate.sql.results.graph.entity.internal.EntityAssembler@4ca4f1ac
2026-02-25 13:51:11 [http-nio-8080-exec-3] DEBUG o.h.s.results.internal.ResultsHelper - Collection fully initialized: [com.taskmanagement.entity.Goal.tasks#1]
2026-02-25 13:51:11 [http-nio-8080-exec-3] DEBUG org.hibernate.orm.sql.exec - Skipping reading Query result cache data: cache-enabled = false, cache-mode = NORMAL
2026-02-25 13:51:11 [http-nio-8080-exec-3] DEBUG org.hibernate.orm.results - Initializer list is empty
2026-02-25 13:51:11 [http-nio-8080-exec-3] DEBUG org.hibernate.SQL - 
    select
        count(t1_0.id) 
    from
        tasks t1_0 
    where
        t1_0.goal_id=?
2026-02-25 13:51:11 [http-nio-8080-exec-3] DEBUG org.hibernate.orm.results.loading - Calling top-level assembler (0 / 1) : org.hibernate.sql.results.graph.basic.BasicResultAssembler@645d16d9
2026-02-25 13:51:11 [http-nio-8080-exec-3] DEBUG org.hibernate.orm.results - Extracted JDBC value [0] - [3]
2026-02-25 13:51:11 [http-nio-8080-exec-3] DEBUG org.hibernate.orm.sql.ast.create - Created new SQL alias : t1_0
2026-02-25 13:51:11 [http-nio-8080-exec-3] DEBUG org.hibernate.orm.sql.ast.create - Registration of TableGroup [StandardTableGroup(com.taskmanagement.entity.Task(t))] with identifierForTableGroup [com.taskmanagement.entity.Task] for NavigablePath [com.taskmanagement.entity.Task] 
2026-02-25 13:51:11 [http-nio-8080-exec-3] DEBUG org.hibernate.orm.sql.ast.create - Registration of TableGroup [org.hibernate.sql.ast.tree.from.LazyTableGroup@23d8c88] with identifierForTableGroup [com.taskmanagement.entity.Task.goal] for NavigablePath [com.taskmanagement.entity.Task.goal] 
2026-02-25 13:51:11 [http-nio-8080-exec-3] DEBUG o.h.q.s.sql.BaseSqmToSqlAstConverter - Determining mapping-model type for SqmParameter : SqmNamedParameter(goalId)
2026-02-25 13:51:11 [http-nio-8080-exec-3] DEBUG o.h.q.s.sql.BaseSqmToSqlAstConverter - Determining mapping-model type for SqmPath : SqmBasicValuedSimplePath(com.taskmanagement.entity.Task(t).goal.id) 
2026-02-25 13:51:11 [http-nio-8080-exec-3] DEBUG o.h.q.s.sql.BaseSqmToSqlAstConverter - Determining mapping-model type for SqmPath : SqmBasicValuedSimplePath(com.taskmanagement.entity.Task(t).completed) 
2026-02-25 13:51:11 [http-nio-8080-exec-3] DEBUG org.hibernate.orm.results.graph.AST - DomainResult Graph:
 \-BasicResult

2026-02-25 13:51:11 [http-nio-8080-exec-3] DEBUG org.hibernate.orm.sql.ast.tree - SQL AST Tree:
    SelectStatement {
      FromClause {
        StandardTableGroup (t1 : com.taskmanagement.entity.Task(t)) {
          primaryTableReference : tasks as t1_0
          TableGroupJoins {
             join LazyTableGroup (g1 : com.taskmanagement.entity.Task(t).goal) {
            }
          }
        }
      }
    }

2026-02-25 13:51:11 [http-nio-8080-exec-3] DEBUG org.hibernate.orm.sql.exec - Skipping reading Query result cache data: cache-enabled = false, cache-mode = NORMAL
2026-02-25 13:51:11 [http-nio-8080-exec-3] DEBUG org.hibernate.orm.results - Initializer list is empty
2026-02-25 13:51:11 [http-nio-8080-exec-3] DEBUG org.hibernate.SQL - 
    select
        count(t1_0.id) 
    from
        tasks t1_0 
    where
        t1_0.goal_id=? 
        and t1_0.is_completed=true
2026-02-25 13:51:11 [http-nio-8080-exec-3] DEBUG org.hibernate.orm.results.loading - Calling top-level assembler (0 / 1) : org.hibernate.sql.results.graph.basic.BasicResultAssembler@72e9ea26
2026-02-25 13:51:11 [http-nio-8080-exec-3] DEBUG org.hibernate.orm.results - Extracted JDBC value [0] - [0]
2026-02-25 13:51:11 [http-nio-8080-exec-3] DEBUG org.hibernate.orm.sql.ast.create - Created new SQL alias : t1_0
2026-02-25 13:51:11 [http-nio-8080-exec-3] DEBUG org.hibernate.orm.sql.ast.create - Registration of TableGroup [StandardTableGroup(com.taskmanagement.entity.Task(104271010434400))] with identifierForTableGroup [com.taskmanagement.entity.Task] for NavigablePath [com.taskmanagement.entity.Task] 
2026-02-25 13:51:11 [http-nio-8080-exec-3] DEBUG org.hibernate.orm.sql.ast.create - Registration of TableGroup [org.hibernate.sql.ast.tree.from.LazyTableGroup@10f29f01] with identifierForTableGroup [com.taskmanagement.entity.Task.goal] for NavigablePath [com.taskmanagement.entity.Task.goal] 
2026-02-25 13:51:11 [http-nio-8080-exec-3] DEBUG org.hibernate.orm.sql.ast.create - Created new SQL alias : g1_0
2026-02-25 13:51:11 [http-nio-8080-exec-3] DEBUG o.h.q.s.sql.BaseSqmToSqlAstConverter - Determining mapping-model type for SqmParameter : org.hibernate.query.sqm.tree.expression.SqmJpaCriteriaParameterWrapper@6aec21d2
2026-02-25 13:51:11 [http-nio-8080-exec-3] DEBUG o.h.q.s.sql.BaseSqmToSqlAstConverter - Determining mapping-model type for SqmPath : SqmBasicValuedSimplePath(com.taskmanagement.entity.Task(104271010434400).goal(104271010496400).id) 
2026-02-25 13:51:11 [http-nio-8080-exec-3] DEBUG org.hibernate.orm.results.graph.AST - DomainResult Graph:
 \-EntityResultImpl [com.taskmanagement.entity.Task(104271010434400)]
 |  +-BasicFetch [com.taskmanagement.entity.Task(104271010434400).actualHours]
 |  +-BasicFetch [com.taskmanagement.entity.Task(104271010434400).completed]
 |  +-BasicFetch [com.taskmanagement.entity.Task(104271010434400).completedAt]
 |  +-BasicFetch [com.taskmanagement.entity.Task(104271010434400).createdAt]
 |  +-BasicFetch [com.taskmanagement.entity.Task(104271010434400).description]
 |  +-BasicFetch [com.taskmanagement.entity.Task(104271010434400).displayOrder]
 |  +-BasicFetch [com.taskmanagement.entity.Task(104271010434400).dueDate]
 |  +-BasicFetch [com.taskmanagement.entity.Task(104271010434400).estimatedHours]
 |  +-CircularFetchImpl [com.taskmanagement.entity.Task(104271010434400).goal]
 |  +-BasicFetch [com.taskmanagement.entity.Task(104271010434400).priority]
 |  +-BasicFetch [com.taskmanagement.entity.Task(104271010434400).status]
 |  +-BasicFetch [com.taskmanagement.entity.Task(104271010434400).title]
 |  \-BasicFetch [com.taskmanagement.entity.Task(104271010434400).updatedAt]

2026-02-25 13:51:11 [http-nio-8080-exec-3] DEBUG org.hibernate.orm.sql.ast.tree - SQL AST Tree:
    SelectStatement {
      FromClause {
        StandardTableGroup (t1 : com.taskmanagement.entity.Task(104271010434400)) {
          primaryTableReference : tasks as t1_0
          TableGroupJoins {
            left  join LazyTableGroup (g1 : com.taskmanagement.entity.Task(104271010434400).goal(104271010496400)) {
              primaryTableReference : goals as g1_0
            }
          }
        }
      }
    }

2026-02-25 13:51:11 [http-nio-8080-exec-3] DEBUG org.hibernate.orm.sql.exec - Skipping reading Query result cache data: cache-enabled = false, cache-mode = NORMAL
2026-02-25 13:51:11 [http-nio-8080-exec-3] DEBUG org.hibernate.orm.results - Initializer list:
	  com.taskmanagement.entity.Task(104271010434400).goal -> EntityDelayedFetchInitializer(com.taskmanagement.entity.Task(104271010434400).goal)@2089340570 (ToOneAttributeMapping(NavigableRole[com.taskmanagement.entity.Task.goal])@117370297)
	  com.taskmanagement.entity.Task(104271010434400) -> EntityResultInitializer(com.taskmanagement.entity.Task(104271010434400))@1409671858 (SingleTableEntityPersister(com.taskmanagement.entity.Task))

2026-02-25 13:51:11 [http-nio-8080-exec-3] DEBUG org.hibernate.SQL - 
    select
        t1_0.id,
        t1_0.actual_hours,
        t1_0.is_completed,
        t1_0.completed_at,
        t1_0.created_at,
        t1_0.description,
        t1_0.display_order,
        t1_0.due_date,
        t1_0.estimated_hours,
        t1_0.goal_id,
        t1_0.priority,
        t1_0.status,
        t1_0.title,
        t1_0.updated_at 
    from
        tasks t1_0 
    left join
        goals g1_0 
            on g1_0.id=t1_0.goal_id 
    where
        g1_0.id=?
2026-02-25 13:51:11 [http-nio-8080-exec-3] DEBUG org.hibernate.orm.results - Extracted JDBC value [0] - [1]
2026-02-25 13:51:11 [http-nio-8080-exec-3] DEBUG o.h.orm.results.loading.entity - (EntityResultInitializer) Hydrated EntityKey (com.taskmanagement.entity.Task(104271010434400)): 1
2026-02-25 13:51:11 [http-nio-8080-exec-3] DEBUG org.hibernate.orm.results.loading - Calling top-level assembler (0 / 1) : org.hibernate.sql.results.graph.entity.internal.EntityAssembler@76ea7296
2026-02-25 13:51:11 [http-nio-8080-exec-3] DEBUG org.hibernate.orm.results - Extracted JDBC value [0] - [2]
2026-02-25 13:51:11 [http-nio-8080-exec-3] DEBUG o.h.orm.results.loading.entity - (EntityResultInitializer) Hydrated EntityKey (com.taskmanagement.entity.Task(104271010434400)): 2
2026-02-25 13:51:11 [http-nio-8080-exec-3] DEBUG org.hibernate.orm.results.loading - Calling top-level assembler (0 / 1) : org.hibernate.sql.results.graph.entity.internal.EntityAssembler@76ea7296
2026-02-25 13:51:11 [http-nio-8080-exec-3] DEBUG org.hibernate.orm.results - Extracted JDBC value [0] - [3]
2026-02-25 13:51:11 [http-nio-8080-exec-3] DEBUG o.h.orm.results.loading.entity - (EntityResultInitializer) Hydrated EntityKey (com.taskmanagement.entity.Task(104271010434400)): 3
2026-02-25 13:51:11 [http-nio-8080-exec-3] DEBUG org.hibernate.orm.results.loading - Calling top-level assembler (0 / 1) : org.hibernate.sql.results.graph.entity.internal.EntityAssembler@76ea7296
2026-02-25 13:51:11 [http-nio-8080-exec-3] DEBUG o.s.orm.jpa.JpaTransactionManager - Initiating transaction commit
2026-02-25 13:51:11 [http-nio-8080-exec-3] DEBUG o.s.orm.jpa.JpaTransactionManager - Committing JPA transaction on EntityManager [SessionImpl(1245903800<open>)]
2026-02-25 13:51:11 [http-nio-8080-exec-3] DEBUG o.h.e.t.internal.TransactionImpl - committing
2026-02-25 13:51:11 [http-nio-8080-exec-3] DEBUG o.s.jdbc.datasource.DataSourceUtils - Resetting read-only flag of JDBC Connection [HikariProxyConnection@1302279387 wrapping conn0: url=jdbc:h2:mem:taskmanagement user=SA]
2026-02-25 13:51:11 [http-nio-8080-exec-3] DEBUG o.s.orm.jpa.JpaTransactionManager - Not closing pre-bound JPA EntityManager after transaction
2026-02-25 13:51:11 [http-nio-8080-exec-3] DEBUG o.s.w.s.m.m.a.HttpEntityMethodProcessor - Using 'application/json', given [*/*] and supported [application/json, application/*+json]
2026-02-25 13:51:11 [http-nio-8080-exec-3] DEBUG o.s.w.s.m.m.a.HttpEntityMethodProcessor - Writing [ApiResponse(success=true, message=null, data=GoalResponse(id=1, title=Complete API Testing, descript (truncated)...]
2026-02-25 13:51:11 [http-nio-8080-exec-3] DEBUG o.s.o.j.s.OpenEntityManagerInViewInterceptor - Closing JPA EntityManager in OpenEntityManagerInViewInterceptor
2026-02-25 13:51:11 [http-nio-8080-exec-3] DEBUG o.s.web.servlet.DispatcherServlet - Completed 200 OK
2026-02-25 13:51:11 [http-nio-8080-exec-6] DEBUG o.s.web.servlet.DispatcherServlet - PATCH "/api/v1/tasks/1/complete", parameters={}
2026-02-25 13:51:11 [http-nio-8080-exec-6] DEBUG o.s.w.s.m.m.a.RequestMappingHandlerMapping - Mapped to com.taskmanagement.controller.TaskController#toggleTaskCompletion(Long, StatusUpdate)
2026-02-25 13:51:11 [http-nio-8080-exec-6] DEBUG o.s.o.j.s.OpenEntityManagerInViewInterceptor - Opening JPA EntityManager in OpenEntityManagerInViewInterceptor
2026-02-25 13:51:11 [http-nio-8080-exec-6] DEBUG o.s.w.s.m.m.a.RequestResponseBodyMethodProcessor - Read "application/json;charset=UTF-8" to [TaskRequest.StatusUpdate(completed=true)]
2026-02-25 13:51:11 [http-nio-8080-exec-6] DEBUG o.s.orm.jpa.JpaTransactionManager - Found thread-bound EntityManager [SessionImpl(1149797600<open>)] for JPA transaction
2026-02-25 13:51:11 [http-nio-8080-exec-6] DEBUG o.s.orm.jpa.JpaTransactionManager - Creating new transaction with name [com.taskmanagement.service.impl.TaskServiceImpl.toggleTaskCompletion]: PROPAGATION_REQUIRED,ISOLATION_DEFAULT
2026-02-25 13:51:11 [http-nio-8080-exec-6] DEBUG o.h.e.t.internal.TransactionImpl - On TransactionImpl creation, JpaCompliance#isJpaTransactionComplianceEnabled == false
2026-02-25 13:51:11 [http-nio-8080-exec-6] DEBUG o.h.e.t.internal.TransactionImpl - begin
2026-02-25 13:51:11 [http-nio-8080-exec-6] DEBUG o.s.orm.jpa.JpaTransactionManager - Exposing JPA transaction as JDBC [org.springframework.orm.jpa.vendor.HibernateJpaDialect$HibernateConnectionHandle@5cec39ed]
2026-02-25 13:51:11 [http-nio-8080-exec-6] INFO  c.t.service.impl.TaskServiceImpl - Toggling completion for task ID: 1 to true
2026-02-25 13:51:11 [http-nio-8080-exec-6] DEBUG o.s.orm.jpa.JpaTransactionManager - Found thread-bound EntityManager [SessionImpl(1149797600<open>)] for JPA transaction
2026-02-25 13:51:11 [http-nio-8080-exec-6] DEBUG o.s.orm.jpa.JpaTransactionManager - Participating in existing transaction
2026-02-25 13:51:11 [http-nio-8080-exec-6] DEBUG org.hibernate.orm.sql.exec - Skipping reading Query result cache data: cache-enabled = false, cache-mode = IGNORE
2026-02-25 13:51:11 [http-nio-8080-exec-6] DEBUG org.hibernate.orm.results - Initializer list:
	  com.taskmanagement.entity.Task.goal -> EntityDelayedFetchInitializer(com.taskmanagement.entity.Task.goal)@612910170 (ToOneAttributeMapping(NavigableRole[com.taskmanagement.entity.Task.goal])@117370297)
	  com.taskmanagement.entity.Task -> EntityResultInitializer(com.taskmanagement.entity.Task)@614955951 (SingleTableEntityPersister(com.taskmanagement.entity.Task))

2026-02-25 13:51:11 [http-nio-8080-exec-6] DEBUG org.hibernate.SQL - 
    select
        t1_0.id,
        t1_0.actual_hours,
        t1_0.is_completed,
        t1_0.completed_at,
        t1_0.created_at,
        t1_0.description,
        t1_0.display_order,
        t1_0.due_date,
        t1_0.estimated_hours,
        t1_0.goal_id,
        t1_0.priority,
        t1_0.status,
        t1_0.title,
        t1_0.updated_at 
    from
        tasks t1_0 
    where
        t1_0.id=?
2026-02-25 13:51:11 [http-nio-8080-exec-6] DEBUG o.h.orm.results.loading.entity - (EntityResultInitializer) Hydrated EntityKey (com.taskmanagement.entity.Task): 1
2026-02-25 13:51:11 [http-nio-8080-exec-6] DEBUG o.h.orm.results.loading.entity - (EntityResultInitializer) Created new entity instance [com.taskmanagement.entity.Task#1] : 1066159604
2026-02-25 13:51:11 [http-nio-8080-exec-6] DEBUG org.hibernate.orm.results - Extracted JDBC value [9] - [1]
2026-02-25 13:51:11 [http-nio-8080-exec-6] DEBUG org.hibernate.orm.results - Extracted JDBC value [1] - [null]
2026-02-25 13:51:11 [http-nio-8080-exec-6] DEBUG org.hibernate.orm.results - Extracted JDBC value [2] - [false]
2026-02-25 13:51:11 [http-nio-8080-exec-6] DEBUG org.hibernate.orm.results - Extracted JDBC value [3] - [null]
2026-02-25 13:51:11 [http-nio-8080-exec-6] DEBUG org.hibernate.orm.results - Extracted JDBC value [4] - [2026-02-25T13:51:11.455632]
2026-02-25 13:51:11 [http-nio-8080-exec-6] DEBUG org.hibernate.orm.results - Extracted JDBC value [5] - [null]
2026-02-25 13:51:11 [http-nio-8080-exec-6] DEBUG org.hibernate.orm.results - Extracted JDBC value [6] - [0]
2026-02-25 13:51:11 [http-nio-8080-exec-6] DEBUG org.hibernate.orm.results - Extracted JDBC value [7] - [2026-02-12]
2026-02-25 13:51:11 [http-nio-8080-exec-6] DEBUG org.hibernate.orm.results - Extracted JDBC value [8] - [null]
2026-02-25 13:51:11 [http-nio-8080-exec-6] DEBUG org.hibernate.orm.results - Extracted JDBC value [10] - [LOW]
2026-02-25 13:51:11 [http-nio-8080-exec-6] DEBUG org.hibernate.orm.results - Extracted JDBC value [11] - [TODO]
2026-02-25 13:51:11 [http-nio-8080-exec-6] DEBUG org.hibernate.orm.results - Extracted JDBC value [12] - [Test Health endpoint]
2026-02-25 13:51:11 [http-nio-8080-exec-6] DEBUG org.hibernate.orm.results - Extracted JDBC value [13] - [2026-02-25T13:51:11.455632]
2026-02-25 13:51:11 [http-nio-8080-exec-6] DEBUG o.h.orm.results.loading.entity - (EntityResultInitializer) Done materializing entityInstance : com.taskmanagement.entity.Task#1
2026-02-25 13:51:11 [http-nio-8080-exec-6] DEBUG org.hibernate.orm.results.loading - Calling top-level assembler (0 / 1) : org.hibernate.sql.results.graph.entity.internal.EntityAssembler@6f32b15f
2026-02-25 13:51:11 [http-nio-8080-exec-6] DEBUG org.hibernate.internal.SessionImpl - Initializing proxy: [com.taskmanagement.entity.Goal#1]
2026-02-25 13:51:11 [http-nio-8080-exec-6] DEBUG org.hibernate.orm.sql.exec - Skipping reading Query result cache data: cache-enabled = false, cache-mode = IGNORE
2026-02-25 13:51:11 [http-nio-8080-exec-6] DEBUG org.hibernate.orm.results - Initializer list:
	  com.taskmanagement.entity.Goal -> EntityResultInitializer(com.taskmanagement.entity.Goal)@821483261 (SingleTableEntityPersister(com.taskmanagement.entity.Goal))
	  com.taskmanagement.entity.Goal.tasks -> DelayedCollectionInitializer(com.taskmanagement.entity.Goal.tasks)@221641954 (PluralAttribute(com.taskmanagement.entity.Goal.tasks))

2026-02-25 13:51:11 [http-nio-8080-exec-6] DEBUG org.hibernate.SQL - 
    select
        g1_0.id,
        g1_0.completion_date,
        g1_0.created_at,
        g1_0.description,
        g1_0.priority,
        g1_0.progress_percentage,
        g1_0.status,
        g1_0.target_date,
        g1_0.title,
        g1_0.updated_at,
        g1_0.user_id 
    from
        goals g1_0 
    where
        g1_0.id=?
2026-02-25 13:51:11 [http-nio-8080-exec-6] DEBUG o.h.orm.results.loading.entity - (EntityResultInitializer) Hydrated EntityKey (com.taskmanagement.entity.Goal): 1
2026-02-25 13:51:11 [http-nio-8080-exec-6] DEBUG org.hibernate.orm.results - Extracted JDBC value [0] - [1]
2026-02-25 13:51:11 [http-nio-8080-exec-6] DEBUG o.h.o.r.l.o.h.o.r.loading.collection - (DelayedCollectionInitializer) Current row collection key : com.taskmanagement.entity.Goal.tasks#1
2026-02-25 13:51:11 [http-nio-8080-exec-6] DEBUG o.h.orm.results.loading.entity - (EntityResultInitializer) Created new entity instance [com.taskmanagement.entity.Goal#1] : 1675295320
2026-02-25 13:51:11 [http-nio-8080-exec-6] DEBUG org.hibernate.orm.results - Extracted JDBC value [1] - [null]
2026-02-25 13:51:11 [http-nio-8080-exec-6] DEBUG org.hibernate.orm.results - Extracted JDBC value [2] - [2026-02-25T13:51:11.164095]
2026-02-25 13:51:11 [http-nio-8080-exec-6] DEBUG org.hibernate.orm.results - Extracted JDBC value [3] - [Test all endpoints of the Task Management Service]
2026-02-25 13:51:11 [http-nio-8080-exec-6] DEBUG org.hibernate.orm.results - Extracted JDBC value [4] - [HIGH]
2026-02-25 13:51:11 [http-nio-8080-exec-6] DEBUG org.hibernate.orm.results - Extracted JDBC value [5] - [0]
2026-02-25 13:51:11 [http-nio-8080-exec-6] DEBUG org.hibernate.orm.results - Extracted JDBC value [6] - [NOT_STARTED]
2026-02-25 13:51:11 [http-nio-8080-exec-6] DEBUG org.hibernate.orm.results - Extracted JDBC value [7] - [2026-02-28]
2026-02-25 13:51:11 [http-nio-8080-exec-6] DEBUG org.hibernate.orm.results - Extracted JDBC value [8] - [Complete API Testing]
2026-02-25 13:51:11 [http-nio-8080-exec-6] DEBUG org.hibernate.orm.results - Extracted JDBC value [9] - [2026-02-25T13:51:11.164095]
2026-02-25 13:51:11 [http-nio-8080-exec-6] DEBUG org.hibernate.orm.results - Extracted JDBC value [10] - [1]
2026-02-25 13:51:11 [http-nio-8080-exec-6] DEBUG o.h.orm.results.loading.entity - (EntityResultInitializer) Done materializing entityInstance : com.taskmanagement.entity.Goal#1
2026-02-25 13:51:11 [http-nio-8080-exec-6] DEBUG org.hibernate.orm.results.loading - Calling top-level assembler (0 / 1) : org.hibernate.sql.results.graph.entity.internal.EntityAssembler@5e560bfc
2026-02-25 13:51:11 [http-nio-8080-exec-6] DEBUG org.hibernate.orm.sql.exec - Skipping reading Query result cache data: cache-enabled = false, cache-mode = IGNORE
2026-02-25 13:51:11 [http-nio-8080-exec-6] DEBUG org.hibernate.orm.results - Initializer list:
	  com.taskmanagement.entity.Goal.tasks -> BagInitializer(com.taskmanagement.entity.Goal.tasks)@1909024502 (PluralAttribute(com.taskmanagement.entity.Goal.tasks))
	  com.taskmanagement.entity.Goal.tasks.{element} -> EntityJoinedFetchInitializer(com.taskmanagement.entity.Goal.tasks.{element})@1165318829 (EntityCollectionPart(com.taskmanagement.entity.Goal.tasks#{element})@1132975070)
	  com.taskmanagement.entity.Goal.tasks.{element}.goal -> EntityDelayedFetchInitializer(com.taskmanagement.entity.Goal.tasks.{element}.goal)@903163058 (ToOneAttributeMapping(NavigableRole[com.taskmanagement.entity.Task.goal])@117370297)

2026-02-25 13:51:11 [http-nio-8080-exec-6] DEBUG org.hibernate.SQL - 
    select
        t1_0.goal_id,
        t1_0.id,
        t1_0.actual_hours,
        t1_0.is_completed,
        t1_0.completed_at,
        t1_0.created_at,
        t1_0.description,
        t1_0.display_order,
        t1_0.due_date,
        t1_0.estimated_hours,
        t1_0.priority,
        t1_0.status,
        t1_0.title,
        t1_0.updated_at 
    from
        tasks t1_0 
    where
        t1_0.goal_id=? 
    order by
        t1_0.display_order,
        t1_0.created_at
2026-02-25 13:51:11 [http-nio-8080-exec-6] DEBUG org.hibernate.orm.results - Extracted JDBC value [1] - [1]
2026-02-25 13:51:11 [http-nio-8080-exec-6] DEBUG o.h.orm.results.loading.entity - (EntityJoinedFetchInitializer) Hydrated EntityKey (com.taskmanagement.entity.Goal.tasks.{element}): 1
2026-02-25 13:51:11 [http-nio-8080-exec-6] DEBUG org.hibernate.orm.results - Extracted JDBC value [0] - [1]
2026-02-25 13:51:11 [http-nio-8080-exec-6] DEBUG o.h.o.r.l.o.h.o.r.loading.collection - (BagInitializer) Current row collection key : com.taskmanagement.entity.Goal.tasks#1
2026-02-25 13:51:11 [http-nio-8080-exec-6] DEBUG org.hibernate.orm.results - Extracted JDBC value [0] - [1]
2026-02-25 13:51:11 [http-nio-8080-exec-6] DEBUG o.h.o.r.l.o.h.o.r.loading.collection - (BagInitializer) Responsible for loading collection [com.taskmanagement.entity.Goal.tasks#1] : org.hibernate.collection.spi.PersistentBag@1382303375
2026-02-25 13:51:11 [http-nio-8080-exec-6] DEBUG o.h.o.r.l.o.h.o.r.loading.collection - (BagInitializer) Reading element from row for collection [com.taskmanagement.entity.Goal.tasks#1] -> org.hibernate.collection.spi.PersistentBag@1382303375
2026-02-25 13:51:11 [http-nio-8080-exec-6] DEBUG org.hibernate.orm.results.loading - Calling top-level assembler (0 / 1) : org.hibernate.sql.results.graph.collection.internal.EagerCollectionAssembler@e3975f8
2026-02-25 13:51:11 [http-nio-8080-exec-6] DEBUG org.hibernate.orm.results - Extracted JDBC value [1] - [2]
2026-02-25 13:51:11 [http-nio-8080-exec-6] DEBUG o.h.orm.results.loading.entity - (EntityJoinedFetchInitializer) Hydrated EntityKey (com.taskmanagement.entity.Goal.tasks.{element}): 2
2026-02-25 13:51:11 [http-nio-8080-exec-6] DEBUG org.hibernate.orm.results - Extracted JDBC value [0] - [1]
2026-02-25 13:51:11 [http-nio-8080-exec-6] DEBUG o.h.o.r.l.o.h.o.r.loading.collection - (BagInitializer) Current row collection key : com.taskmanagement.entity.Goal.tasks#1
2026-02-25 13:51:11 [http-nio-8080-exec-6] DEBUG org.hibernate.orm.results - Extracted JDBC value [0] - [1]
2026-02-25 13:51:11 [http-nio-8080-exec-6] DEBUG o.h.orm.results.loading.entity - (EntityJoinedFetchInitializer) Created new entity instance [com.taskmanagement.entity.Goal.tasks.{element}#2] : 303392817
2026-02-25 13:51:11 [http-nio-8080-exec-6] DEBUG org.hibernate.orm.results - Extracted JDBC value [0] - [1]
2026-02-25 13:51:11 [http-nio-8080-exec-6] DEBUG o.h.o.r.l.o.h.o.r.loading.collection - (BagInitializer) Found existing loading collection entry [com.taskmanagement.entity.Goal.tasks#1]; using loading collection instance - org.hibernate.collection.spi.PersistentBag@1382303375
2026-02-25 13:51:11 [http-nio-8080-exec-6] DEBUG o.h.o.r.l.o.h.o.r.loading.collection - (BagInitializer) Responsible for loading collection [com.taskmanagement.entity.Goal.tasks#1] : org.hibernate.collection.spi.PersistentBag@1382303375
2026-02-25 13:51:11 [http-nio-8080-exec-6] DEBUG org.hibernate.orm.results - Extracted JDBC value [2] - [null]
2026-02-25 13:51:11 [http-nio-8080-exec-6] DEBUG org.hibernate.orm.results - Extracted JDBC value [3] - [false]
2026-02-25 13:51:11 [http-nio-8080-exec-6] DEBUG org.hibernate.orm.results - Extracted JDBC value [4] - [null]
2026-02-25 13:51:11 [http-nio-8080-exec-6] DEBUG org.hibernate.orm.results - Extracted JDBC value [5] - [2026-02-25T13:51:11.461716]
2026-02-25 13:51:11 [http-nio-8080-exec-6] DEBUG org.hibernate.orm.results - Extracted JDBC value [6] - [null]
2026-02-25 13:51:11 [http-nio-8080-exec-6] DEBUG org.hibernate.orm.results - Extracted JDBC value [7] - [1]
2026-02-25 13:51:11 [http-nio-8080-exec-6] DEBUG org.hibernate.orm.results - Extracted JDBC value [8] - [2026-02-13]
2026-02-25 13:51:11 [http-nio-8080-exec-6] DEBUG org.hibernate.orm.results - Extracted JDBC value [9] - [null]
2026-02-25 13:51:11 [http-nio-8080-exec-6] DEBUG org.hibernate.orm.results - Extracted JDBC value [10] - [HIGH]
2026-02-25 13:51:11 [http-nio-8080-exec-6] DEBUG org.hibernate.orm.results - Extracted JDBC value [11] - [TODO]
2026-02-25 13:51:11 [http-nio-8080-exec-6] DEBUG org.hibernate.orm.results - Extracted JDBC value [12] - [Test Goals CRUD]
2026-02-25 13:51:11 [http-nio-8080-exec-6] DEBUG org.hibernate.orm.results - Extracted JDBC value [13] - [2026-02-25T13:51:11.461716]
2026-02-25 13:51:11 [http-nio-8080-exec-6] DEBUG o.h.orm.results.loading.entity - (EntityJoinedFetchInitializer) Done materializing entityInstance : com.taskmanagement.entity.Goal.tasks.{element}#2
2026-02-25 13:51:11 [http-nio-8080-exec-6] DEBUG o.h.o.r.l.o.h.o.r.loading.collection - (BagInitializer) Reading element from row for collection [com.taskmanagement.entity.Goal.tasks#1] -> org.hibernate.collection.spi.PersistentBag@1382303375
2026-02-25 13:51:11 [http-nio-8080-exec-6] DEBUG org.hibernate.orm.results.loading - Calling top-level assembler (0 / 1) : org.hibernate.sql.results.graph.collection.internal.EagerCollectionAssembler@e3975f8
2026-02-25 13:51:11 [http-nio-8080-exec-6] DEBUG org.hibernate.orm.results - Extracted JDBC value [1] - [3]
2026-02-25 13:51:11 [http-nio-8080-exec-6] DEBUG o.h.orm.results.loading.entity - (EntityJoinedFetchInitializer) Hydrated EntityKey (com.taskmanagement.entity.Goal.tasks.{element}): 3
2026-02-25 13:51:11 [http-nio-8080-exec-6] DEBUG org.hibernate.orm.results - Extracted JDBC value [0] - [1]
2026-02-25 13:51:11 [http-nio-8080-exec-6] DEBUG o.h.o.r.l.o.h.o.r.loading.collection - (BagInitializer) Current row collection key : com.taskmanagement.entity.Goal.tasks#1
2026-02-25 13:51:11 [http-nio-8080-exec-6] DEBUG org.hibernate.orm.results - Extracted JDBC value [0] - [1]
2026-02-25 13:51:11 [http-nio-8080-exec-6] DEBUG o.h.orm.results.loading.entity - (EntityJoinedFetchInitializer) Created new entity instance [com.taskmanagement.entity.Goal.tasks.{element}#3] : 1596598364
2026-02-25 13:51:11 [http-nio-8080-exec-6] DEBUG org.hibernate.orm.results - Extracted JDBC value [0] - [1]
2026-02-25 13:51:11 [http-nio-8080-exec-6] DEBUG o.h.o.r.l.o.h.o.r.loading.collection - (BagInitializer) Found existing loading collection entry [com.taskmanagement.entity.Goal.tasks#1]; using loading collection instance - org.hibernate.collection.spi.PersistentBag@1382303375
2026-02-25 13:51:11 [http-nio-8080-exec-6] DEBUG o.h.o.r.l.o.h.o.r.loading.collection - (BagInitializer) Responsible for loading collection [com.taskmanagement.entity.Goal.tasks#1] : org.hibernate.collection.spi.PersistentBag@1382303375
2026-02-25 13:51:11 [http-nio-8080-exec-6] DEBUG org.hibernate.orm.results - Extracted JDBC value [2] - [null]
2026-02-25 13:51:11 [http-nio-8080-exec-6] DEBUG org.hibernate.orm.results - Extracted JDBC value [3] - [false]
2026-02-25 13:51:11 [http-nio-8080-exec-6] DEBUG org.hibernate.orm.results - Extracted JDBC value [4] - [null]
2026-02-25 13:51:11 [http-nio-8080-exec-6] DEBUG org.hibernate.orm.results - Extracted JDBC value [5] - [2026-02-25T13:51:11.464295]
2026-02-25 13:51:11 [http-nio-8080-exec-6] DEBUG org.hibernate.orm.results - Extracted JDBC value [6] - [null]
2026-02-25 13:51:11 [http-nio-8080-exec-6] DEBUG org.hibernate.orm.results - Extracted JDBC value [7] - [2]
2026-02-25 13:51:11 [http-nio-8080-exec-6] DEBUG org.hibernate.orm.results - Extracted JDBC value [8] - [2026-02-14]
2026-02-25 13:51:11 [http-nio-8080-exec-6] DEBUG org.hibernate.orm.results - Extracted JDBC value [9] - [null]
2026-02-25 13:51:11 [http-nio-8080-exec-6] DEBUG org.hibernate.orm.results - Extracted JDBC value [10] - [HIGH]
2026-02-25 13:51:11 [http-nio-8080-exec-6] DEBUG org.hibernate.orm.results - Extracted JDBC value [11] - [TODO]
2026-02-25 13:51:11 [http-nio-8080-exec-6] DEBUG org.hibernate.orm.results - Extracted JDBC value [12] - [Test Tasks CRUD]
2026-02-25 13:51:11 [http-nio-8080-exec-6] DEBUG org.hibernate.orm.results - Extracted JDBC value [13] - [2026-02-25T13:51:11.464295]
2026-02-25 13:51:11 [http-nio-8080-exec-6] DEBUG o.h.orm.results.loading.entity - (EntityJoinedFetchInitializer) Done materializing entityInstance : com.taskmanagement.entity.Goal.tasks.{element}#3
2026-02-25 13:51:11 [http-nio-8080-exec-6] DEBUG o.h.o.r.l.o.h.o.r.loading.collection - (BagInitializer) Reading element from row for collection [com.taskmanagement.entity.Goal.tasks#1] -> org.hibernate.collection.spi.PersistentBag@1382303375
2026-02-25 13:51:11 [http-nio-8080-exec-6] DEBUG org.hibernate.orm.results.loading - Calling top-level assembler (0 / 1) : org.hibernate.sql.results.graph.collection.internal.EagerCollectionAssembler@e3975f8
2026-02-25 13:51:11 [http-nio-8080-exec-6] DEBUG o.h.s.results.internal.ResultsHelper - Collection fully initialized: [com.taskmanagement.entity.Goal.tasks#1]
2026-02-25 13:51:11 [http-nio-8080-exec-6] DEBUG o.s.orm.jpa.JpaTransactionManager - Found thread-bound EntityManager [SessionImpl(1149797600<open>)] for JPA transaction
2026-02-25 13:51:11 [http-nio-8080-exec-6] DEBUG o.s.orm.jpa.JpaTransactionManager - Participating in existing transaction
2026-02-25 13:51:11 [http-nio-8080-exec-6] DEBUG o.h.j.i.PersistenceUnitUtilImpl - jakarta.persistence.PersistenceUnitUtil.getIdentifier is only intended to work with enhanced entities (although Hibernate also adapts this support to its proxies); however the passed entity was not enhanced (nor a proxy).. may not be able to read identifier
2026-02-25 13:51:11 [http-nio-8080-exec-6] DEBUG o.s.orm.jpa.JpaTransactionManager - Found thread-bound EntityManager [SessionImpl(1149797600<open>)] for JPA transaction
2026-02-25 13:51:11 [http-nio-8080-exec-6] DEBUG o.s.orm.jpa.JpaTransactionManager - Participating in existing transaction
2026-02-25 13:51:11 [http-nio-8080-exec-6] DEBUG o.s.orm.jpa.JpaTransactionManager - Initiating transaction commit
2026-02-25 13:51:11 [http-nio-8080-exec-6] DEBUG o.s.orm.jpa.JpaTransactionManager - Committing JPA transaction on EntityManager [SessionImpl(1149797600<open>)]
2026-02-25 13:51:11 [http-nio-8080-exec-6] DEBUG o.h.e.t.internal.TransactionImpl - committing
2026-02-25 13:51:11 [http-nio-8080-exec-6] DEBUG o.h.e.i.AbstractFlushingEventListener - Processing flush-time cascades
2026-02-25 13:51:11 [http-nio-8080-exec-6] DEBUG o.h.e.i.AbstractFlushingEventListener - Dirty checking collections
2026-02-25 13:51:11 [http-nio-8080-exec-6] DEBUG o.s.d.a.AuditingHandlerSupport - Touched com.taskmanagement.entity.Task@3f8c4df4 - Last modification at 2026-02-25T13:51:11.709222200 by unknown
2026-02-25 13:51:11 [http-nio-8080-exec-6] DEBUG o.s.d.a.AuditingHandlerSupport - Touched com.taskmanagement.entity.Goal@63dafa58 - Last modification at 2026-02-25T13:51:11.710796 by unknown
2026-02-25 13:51:11 [http-nio-8080-exec-6] DEBUG o.h.engine.internal.Collections - Collection found: [com.taskmanagement.entity.Goal.tasks#1], was: [com.taskmanagement.entity.Goal.tasks#1] (initialized)
2026-02-25 13:51:11 [http-nio-8080-exec-6] DEBUG o.h.e.i.AbstractFlushingEventListener - Flushed: 0 insertions, 2 updates, 0 deletions to 4 objects
2026-02-25 13:51:11 [http-nio-8080-exec-6] DEBUG o.h.e.i.AbstractFlushingEventListener - Flushed: 0 (re)creations, 0 updates, 0 removals to 1 collections
2026-02-25 13:51:11 [http-nio-8080-exec-6] DEBUG o.h.internal.util.EntityPrinter - Listing entities:
2026-02-25 13:51:11 [http-nio-8080-exec-6] DEBUG o.h.internal.util.EntityPrinter - com.taskmanagement.entity.Goal{createdAt=2026-02-25T13:51:11.164095, targetDate=2026-02-28, description=Test all endpoints of the Task Management Service, completionDate=null, progressPercentage=33, id=1, priority=HIGH, title=Complete API Testing, userId=1, tasks=[com.taskmanagement.entity.Task#1, com.taskmanagement.entity.Task#2, com.taskmanagement.entity.Task#3], status=IN_PROGRESS, updatedAt=2026-02-25T13:51:11.710796}
2026-02-25 13:51:11 [http-nio-8080-exec-6] DEBUG o.h.internal.util.EntityPrinter - com.taskmanagement.entity.Task{completedAt=2026-02-25T13:51:11.701622200, goal=com.taskmanagement.entity.Goal#1, dueDate=2026-02-12, displayOrder=0, description=null, completed=true, priority=LOW, title=Test Health endpoint, actualHours=null, createdAt=2026-02-25T13:51:11.455632, estimatedHours=null, id=1, status=COMPLETED, updatedAt=2026-02-25T13:51:11.709222200}
2026-02-25 13:51:11 [http-nio-8080-exec-6] DEBUG o.h.internal.util.EntityPrinter - com.taskmanagement.entity.Task{completedAt=null, goal=com.taskmanagement.entity.Goal#1, dueDate=2026-02-13, displayOrder=1, description=null, completed=false, priority=HIGH, title=Test Goals CRUD, actualHours=null, createdAt=2026-02-25T13:51:11.461716, estimatedHours=null, id=2, status=TODO, updatedAt=2026-02-25T13:51:11.461716}
2026-02-25 13:51:11 [http-nio-8080-exec-6] DEBUG o.h.internal.util.EntityPrinter - com.taskmanagement.entity.Task{completedAt=null, goal=com.taskmanagement.entity.Goal#1, dueDate=2026-02-14, displayOrder=2, description=null, completed=false, priority=HIGH, title=Test Tasks CRUD, actualHours=null, createdAt=2026-02-25T13:51:11.464295, estimatedHours=null, id=3, status=TODO, updatedAt=2026-02-25T13:51:11.464295}
2026-02-25 13:51:11 [http-nio-8080-exec-6] DEBUG org.hibernate.SQL - 
    update
        goals 
    set
        completion_date=?,
        description=?,
        priority=?,
        progress_percentage=?,
        status=?,
        target_date=?,
        title=?,
        updated_at=?,
        user_id=? 
    where
        id=?
2026-02-25 13:51:11 [http-nio-8080-exec-6] DEBUG org.hibernate.orm.jdbc.batch - PreparedStatementDetails did not contain PreparedStatement on #releaseStatements : update goals set completion_date=?,description=?,priority=?,progress_percentage=?,status=?,target_date=?,title=?,updated_at=?,user_id=? where id=?
2026-02-25 13:51:11 [http-nio-8080-exec-6] DEBUG org.hibernate.SQL - 
    update
        tasks 
    set
        actual_hours=?,
        is_completed=?,
        completed_at=?,
        description=?,
        display_order=?,
        due_date=?,
        estimated_hours=?,
        goal_id=?,
        priority=?,
        status=?,
        title=?,
        updated_at=? 
    where
        id=?
2026-02-25 13:51:11 [http-nio-8080-exec-6] DEBUG org.hibernate.orm.jdbc.batch - PreparedStatementDetails did not contain PreparedStatement on #releaseStatements : update tasks set actual_hours=?,is_completed=?,completed_at=?,description=?,display_order=?,due_date=?,estimated_hours=?,goal_id=?,priority=?,status=?,title=?,updated_at=? where id=?
2026-02-25 13:51:11 [http-nio-8080-exec-6] DEBUG org.hibernate.orm.jdbc.batch - PreparedStatementDetails did not contain PreparedStatement on #releaseStatements : update tasks set actual_hours=?,is_completed=?,completed_at=?,description=?,display_order=?,due_date=?,estimated_hours=?,goal_id=?,priority=?,status=?,title=?,updated_at=? where id=?
2026-02-25 13:51:11 [http-nio-8080-exec-6] DEBUG o.s.orm.jpa.JpaTransactionManager - Not closing pre-bound JPA EntityManager after transaction
2026-02-25 13:51:11 [http-nio-8080-exec-6] DEBUG o.s.w.s.m.m.a.HttpEntityMethodProcessor - Using 'application/json', given [*/*] and supported [application/json, application/*+json]
2026-02-25 13:51:11 [http-nio-8080-exec-6] DEBUG o.s.w.s.m.m.a.HttpEntityMethodProcessor - Writing [ApiResponse(success=true, message=Task completion updated, data=TaskResponse(id=1, title=Test Health (truncated)...]
2026-02-25 13:51:11 [http-nio-8080-exec-6] DEBUG o.s.o.j.s.OpenEntityManagerInViewInterceptor - Closing JPA EntityManager in OpenEntityManagerInViewInterceptor
2026-02-25 13:51:11 [http-nio-8080-exec-6] DEBUG o.h.e.j.internal.JdbcCoordinatorImpl - HHH000420: Closing un-released batch
2026-02-25 13:51:11 [http-nio-8080-exec-6] DEBUG org.hibernate.orm.jdbc.batch - PreparedStatementDetails did not contain PreparedStatement on #releaseStatements : update tasks set actual_hours=?,is_completed=?,completed_at=?,description=?,display_order=?,due_date=?,estimated_hours=?,goal_id=?,priority=?,status=?,title=?,updated_at=? where id=?
2026-02-25 13:51:11 [http-nio-8080-exec-6] DEBUG org.hibernate.orm.jdbc.batch - PreparedStatementDetails did not contain PreparedStatement on #releaseStatements : update tasks set actual_hours=?,is_completed=?,completed_at=?,description=?,display_order=?,due_date=?,estimated_hours=?,goal_id=?,priority=?,status=?,title=?,updated_at=? where id=?
2026-02-25 13:51:11 [http-nio-8080-exec-6] DEBUG org.hibernate.orm.jdbc.batch - PreparedStatementDetails did not contain PreparedStatement on #releaseStatements : update tasks set actual_hours=?,is_completed=?,completed_at=?,description=?,display_order=?,due_date=?,estimated_hours=?,goal_id=?,priority=?,status=?,title=?,updated_at=? where id=?
2026-02-25 13:51:11 [http-nio-8080-exec-6] DEBUG o.s.web.servlet.DispatcherServlet - Completed 200 OK
2026-02-25 13:51:11 [http-nio-8080-exec-10] DEBUG o.s.web.servlet.DispatcherServlet - GET "/api/v1/goals/1/stats", parameters={}
2026-02-25 13:51:11 [http-nio-8080-exec-10] DEBUG o.s.w.s.m.m.a.RequestMappingHandlerMapping - Mapped to com.taskmanagement.controller.GoalController#getGoalStats(Long)
2026-02-25 13:51:11 [http-nio-8080-exec-10] DEBUG o.s.o.j.s.OpenEntityManagerInViewInterceptor - Opening JPA EntityManager in OpenEntityManagerInViewInterceptor
2026-02-25 13:51:11 [http-nio-8080-exec-10] DEBUG o.s.orm.jpa.JpaTransactionManager - Found thread-bound EntityManager [SessionImpl(718527434<open>)] for JPA transaction
2026-02-25 13:51:11 [http-nio-8080-exec-10] DEBUG o.s.orm.jpa.JpaTransactionManager - Creating new transaction with name [com.taskmanagement.service.impl.GoalServiceImpl.getGoalStats]: PROPAGATION_REQUIRED,ISOLATION_DEFAULT,readOnly
2026-02-25 13:51:11 [http-nio-8080-exec-10] DEBUG o.s.jdbc.datasource.DataSourceUtils - Setting JDBC Connection [HikariProxyConnection@1875984628 wrapping conn0: url=jdbc:h2:mem:taskmanagement user=SA] read-only
2026-02-25 13:51:11 [http-nio-8080-exec-10] DEBUG o.h.e.t.internal.TransactionImpl - On TransactionImpl creation, JpaCompliance#isJpaTransactionComplianceEnabled == false
2026-02-25 13:51:11 [http-nio-8080-exec-10] DEBUG o.h.e.t.internal.TransactionImpl - begin
2026-02-25 13:51:11 [http-nio-8080-exec-10] DEBUG o.s.orm.jpa.JpaTransactionManager - Exposing JPA transaction as JDBC [org.springframework.orm.jpa.vendor.HibernateJpaDialect$HibernateConnectionHandle@120293d4]
2026-02-25 13:51:11 [http-nio-8080-exec-10] DEBUG org.hibernate.orm.sql.exec - Skipping reading Query result cache data: cache-enabled = false, cache-mode = NORMAL
2026-02-25 13:51:11 [http-nio-8080-exec-10] DEBUG org.hibernate.orm.results - Initializer list is empty
2026-02-25 13:51:11 [http-nio-8080-exec-10] DEBUG org.hibernate.SQL - 
    select
        count(t1_0.id) 
    from
        tasks t1_0 
    where
        t1_0.goal_id=?
2026-02-25 13:51:11 [http-nio-8080-exec-10] DEBUG org.hibernate.orm.results.loading - Calling top-level assembler (0 / 1) : org.hibernate.sql.results.graph.basic.BasicResultAssembler@645d16d9
2026-02-25 13:51:11 [http-nio-8080-exec-10] DEBUG org.hibernate.orm.results - Extracted JDBC value [0] - [3]
2026-02-25 13:51:11 [http-nio-8080-exec-10] DEBUG org.hibernate.orm.sql.exec - Skipping reading Query result cache data: cache-enabled = false, cache-mode = NORMAL
2026-02-25 13:51:11 [http-nio-8080-exec-10] DEBUG org.hibernate.orm.results - Initializer list is empty
2026-02-25 13:51:11 [http-nio-8080-exec-10] DEBUG org.hibernate.SQL - 
    select
        count(t1_0.id) 
    from
        tasks t1_0 
    where
        t1_0.goal_id=? 
        and t1_0.is_completed=true
2026-02-25 13:51:11 [http-nio-8080-exec-10] DEBUG org.hibernate.orm.results.loading - Calling top-level assembler (0 / 1) : org.hibernate.sql.results.graph.basic.BasicResultAssembler@72e9ea26
2026-02-25 13:51:11 [http-nio-8080-exec-10] DEBUG org.hibernate.orm.results - Extracted JDBC value [0] - [1]
2026-02-25 13:51:11 [http-nio-8080-exec-10] DEBUG org.hibernate.orm.sql.ast.create - Created new SQL alias : t1_0
2026-02-25 13:51:11 [http-nio-8080-exec-10] DEBUG org.hibernate.orm.sql.ast.create - Registration of TableGroup [StandardTableGroup(com.taskmanagement.entity.Task(104271010434400))] with identifierForTableGroup [com.taskmanagement.entity.Task] for NavigablePath [com.taskmanagement.entity.Task] 
2026-02-25 13:51:11 [http-nio-8080-exec-10] DEBUG org.hibernate.orm.sql.ast.create - Registration of TableGroup [org.hibernate.sql.ast.tree.from.LazyTableGroup@4f63cca0] with identifierForTableGroup [com.taskmanagement.entity.Task.goal] for NavigablePath [com.taskmanagement.entity.Task.goal] 
2026-02-25 13:51:11 [http-nio-8080-exec-10] DEBUG org.hibernate.orm.sql.ast.create - Created new SQL alias : g1_0
2026-02-25 13:51:11 [http-nio-8080-exec-10] DEBUG o.h.q.s.sql.BaseSqmToSqlAstConverter - Determining mapping-model type for SqmParameter : org.hibernate.query.sqm.tree.expression.SqmJpaCriteriaParameterWrapper@7efca717
2026-02-25 13:51:11 [http-nio-8080-exec-10] DEBUG o.h.q.s.sql.BaseSqmToSqlAstConverter - Determining mapping-model type for SqmPath : SqmBasicValuedSimplePath(com.taskmanagement.entity.Task(104271010434400).goal(104271010496400).id) 
2026-02-25 13:51:11 [http-nio-8080-exec-10] DEBUG org.hibernate.orm.results.graph.AST - DomainResult Graph:
 \-EntityResultImpl [com.taskmanagement.entity.Task(104271010434400)]
 |  +-BasicFetch [com.taskmanagement.entity.Task(104271010434400).actualHours]
 |  +-BasicFetch [com.taskmanagement.entity.Task(104271010434400).completed]
 |  +-BasicFetch [com.taskmanagement.entity.Task(104271010434400).completedAt]
 |  +-BasicFetch [com.taskmanagement.entity.Task(104271010434400).createdAt]
 |  +-BasicFetch [com.taskmanagement.entity.Task(104271010434400).description]
 |  +-BasicFetch [com.taskmanagement.entity.Task(104271010434400).displayOrder]
 |  +-BasicFetch [com.taskmanagement.entity.Task(104271010434400).dueDate]
 |  +-BasicFetch [com.taskmanagement.entity.Task(104271010434400).estimatedHours]
 |  +-CircularFetchImpl [com.taskmanagement.entity.Task(104271010434400).goal]
 |  +-BasicFetch [com.taskmanagement.entity.Task(104271010434400).priority]
 |  +-BasicFetch [com.taskmanagement.entity.Task(104271010434400).status]
 |  +-BasicFetch [com.taskmanagement.entity.Task(104271010434400).title]
 |  \-BasicFetch [com.taskmanagement.entity.Task(104271010434400).updatedAt]

2026-02-25 13:51:11 [http-nio-8080-exec-10] DEBUG org.hibernate.orm.sql.ast.tree - SQL AST Tree:
    SelectStatement {
      FromClause {
        StandardTableGroup (t1 : com.taskmanagement.entity.Task(104271010434400)) {
          primaryTableReference : tasks as t1_0
          TableGroupJoins {
            left  join LazyTableGroup (g1 : com.taskmanagement.entity.Task(104271010434400).goal(104271010496400)) {
              primaryTableReference : goals as g1_0
            }
          }
        }
      }
    }

2026-02-25 13:51:11 [http-nio-8080-exec-10] DEBUG org.hibernate.orm.sql.exec - Skipping reading Query result cache data: cache-enabled = false, cache-mode = NORMAL
2026-02-25 13:51:11 [http-nio-8080-exec-10] DEBUG org.hibernate.orm.results - Initializer list:
	  com.taskmanagement.entity.Task(104271010434400).goal -> EntityDelayedFetchInitializer(com.taskmanagement.entity.Task(104271010434400).goal)@1933717402 (ToOneAttributeMapping(NavigableRole[com.taskmanagement.entity.Task.goal])@117370297)
	  com.taskmanagement.entity.Task(104271010434400) -> EntityResultInitializer(com.taskmanagement.entity.Task(104271010434400))@2022386898 (SingleTableEntityPersister(com.taskmanagement.entity.Task))

2026-02-25 13:51:11 [http-nio-8080-exec-10] DEBUG org.hibernate.SQL - 
    select
        t1_0.id,
        t1_0.actual_hours,
        t1_0.is_completed,
        t1_0.completed_at,
        t1_0.created_at,
        t1_0.description,
        t1_0.display_order,
        t1_0.due_date,
        t1_0.estimated_hours,
        t1_0.goal_id,
        t1_0.priority,
        t1_0.status,
        t1_0.title,
        t1_0.updated_at 
    from
        tasks t1_0 
    left join
        goals g1_0 
            on g1_0.id=t1_0.goal_id 
    where
        g1_0.id=?
2026-02-25 13:51:11 [http-nio-8080-exec-10] DEBUG org.hibernate.orm.results - Extracted JDBC value [0] - [1]
2026-02-25 13:51:11 [http-nio-8080-exec-10] DEBUG o.h.orm.results.loading.entity - (EntityResultInitializer) Hydrated EntityKey (com.taskmanagement.entity.Task(104271010434400)): 1
2026-02-25 13:51:11 [http-nio-8080-exec-10] DEBUG o.h.orm.results.loading.entity - (EntityResultInitializer) Created new entity instance [com.taskmanagement.entity.Task(104271010434400)#1] : 1289095376
2026-02-25 13:51:11 [http-nio-8080-exec-10] DEBUG org.hibernate.orm.results - Extracted JDBC value [9] - [1]
2026-02-25 13:51:11 [http-nio-8080-exec-10] DEBUG org.hibernate.orm.results - Extracted JDBC value [1] - [null]
2026-02-25 13:51:11 [http-nio-8080-exec-10] DEBUG org.hibernate.orm.results - Extracted JDBC value [2] - [true]
2026-02-25 13:51:11 [http-nio-8080-exec-10] DEBUG org.hibernate.orm.results - Extracted JDBC value [3] - [2026-02-25T13:51:11.701622]
2026-02-25 13:51:11 [http-nio-8080-exec-10] DEBUG org.hibernate.orm.results - Extracted JDBC value [4] - [2026-02-25T13:51:11.455632]
2026-02-25 13:51:11 [http-nio-8080-exec-10] DEBUG org.hibernate.orm.results - Extracted JDBC value [5] - [null]
2026-02-25 13:51:11 [http-nio-8080-exec-10] DEBUG org.hibernate.orm.results - Extracted JDBC value [6] - [0]
2026-02-25 13:51:11 [http-nio-8080-exec-10] DEBUG org.hibernate.orm.results - Extracted JDBC value [7] - [2026-02-12]
2026-02-25 13:51:11 [http-nio-8080-exec-10] DEBUG org.hibernate.orm.results - Extracted JDBC value [8] - [null]
2026-02-25 13:51:11 [http-nio-8080-exec-10] DEBUG org.hibernate.orm.results - Extracted JDBC value [10] - [LOW]
2026-02-25 13:51:11 [http-nio-8080-exec-10] DEBUG org.hibernate.orm.results - Extracted JDBC value [11] - [COMPLETED]
2026-02-25 13:51:11 [http-nio-8080-exec-10] DEBUG org.hibernate.orm.results - Extracted JDBC value [12] - [Test Health endpoint]
2026-02-25 13:51:11 [http-nio-8080-exec-10] DEBUG org.hibernate.orm.results - Extracted JDBC value [13] - [2026-02-25T13:51:11.709222]
2026-02-25 13:51:11 [http-nio-8080-exec-10] DEBUG o.h.orm.results.loading.entity - (EntityResultInitializer) Done materializing entityInstance : com.taskmanagement.entity.Task(104271010434400)#1
2026-02-25 13:51:11 [http-nio-8080-exec-10] DEBUG org.hibernate.orm.results.loading - Calling top-level assembler (0 / 1) : org.hibernate.sql.results.graph.entity.internal.EntityAssembler@6d9a4024
2026-02-25 13:51:11 [http-nio-8080-exec-10] DEBUG org.hibernate.orm.results - Extracted JDBC value [0] - [2]
2026-02-25 13:51:11 [http-nio-8080-exec-10] DEBUG o.h.orm.results.loading.entity - (EntityResultInitializer) Hydrated EntityKey (com.taskmanagement.entity.Task(104271010434400)): 2
2026-02-25 13:51:11 [http-nio-8080-exec-10] DEBUG o.h.orm.results.loading.entity - (EntityResultInitializer) Created new entity instance [com.taskmanagement.entity.Task(104271010434400)#2] : 600169913
2026-02-25 13:51:11 [http-nio-8080-exec-10] DEBUG org.hibernate.orm.results - Extracted JDBC value [9] - [1]
2026-02-25 13:51:11 [http-nio-8080-exec-10] DEBUG org.hibernate.orm.results - Extracted JDBC value [1] - [null]
2026-02-25 13:51:11 [http-nio-8080-exec-10] DEBUG org.hibernate.orm.results - Extracted JDBC value [2] - [false]
2026-02-25 13:51:11 [http-nio-8080-exec-10] DEBUG org.hibernate.orm.results - Extracted JDBC value [3] - [null]
2026-02-25 13:51:11 [http-nio-8080-exec-10] DEBUG org.hibernate.orm.results - Extracted JDBC value [4] - [2026-02-25T13:51:11.461716]
2026-02-25 13:51:11 [http-nio-8080-exec-10] DEBUG org.hibernate.orm.results - Extracted JDBC value [5] - [null]
2026-02-25 13:51:11 [http-nio-8080-exec-10] DEBUG org.hibernate.orm.results - Extracted JDBC value [6] - [1]
2026-02-25 13:51:11 [http-nio-8080-exec-10] DEBUG org.hibernate.orm.results - Extracted JDBC value [7] - [2026-02-13]
2026-02-25 13:51:11 [http-nio-8080-exec-10] DEBUG org.hibernate.orm.results - Extracted JDBC value [8] - [null]
2026-02-25 13:51:11 [http-nio-8080-exec-10] DEBUG org.hibernate.orm.results - Extracted JDBC value [10] - [HIGH]
2026-02-25 13:51:11 [http-nio-8080-exec-10] DEBUG org.hibernate.orm.results - Extracted JDBC value [11] - [TODO]
2026-02-25 13:51:11 [http-nio-8080-exec-10] DEBUG org.hibernate.orm.results - Extracted JDBC value [12] - [Test Goals CRUD]
2026-02-25 13:51:11 [http-nio-8080-exec-10] DEBUG org.hibernate.orm.results - Extracted JDBC value [13] - [2026-02-25T13:51:11.461716]
2026-02-25 13:51:11 [http-nio-8080-exec-10] DEBUG o.h.orm.results.loading.entity - (EntityResultInitializer) Done materializing entityInstance : com.taskmanagement.entity.Task(104271010434400)#2
2026-02-25 13:51:11 [http-nio-8080-exec-10] DEBUG org.hibernate.orm.results.loading - Calling top-level assembler (0 / 1) : org.hibernate.sql.results.graph.entity.internal.EntityAssembler@6d9a4024
2026-02-25 13:51:11 [http-nio-8080-exec-10] DEBUG org.hibernate.orm.results - Extracted JDBC value [0] - [3]
2026-02-25 13:51:11 [http-nio-8080-exec-10] DEBUG o.h.orm.results.loading.entity - (EntityResultInitializer) Hydrated EntityKey (com.taskmanagement.entity.Task(104271010434400)): 3
2026-02-25 13:51:11 [http-nio-8080-exec-10] DEBUG o.h.orm.results.loading.entity - (EntityResultInitializer) Created new entity instance [com.taskmanagement.entity.Task(104271010434400)#3] : 1532251225
2026-02-25 13:51:11 [http-nio-8080-exec-10] DEBUG org.hibernate.orm.results - Extracted JDBC value [9] - [1]
2026-02-25 13:51:11 [http-nio-8080-exec-10] DEBUG org.hibernate.orm.results - Extracted JDBC value [1] - [null]
2026-02-25 13:51:11 [http-nio-8080-exec-10] DEBUG org.hibernate.orm.results - Extracted JDBC value [2] - [false]
2026-02-25 13:51:11 [http-nio-8080-exec-10] DEBUG org.hibernate.orm.results - Extracted JDBC value [3] - [null]
2026-02-25 13:51:11 [http-nio-8080-exec-10] DEBUG org.hibernate.orm.results - Extracted JDBC value [4] - [2026-02-25T13:51:11.464295]
2026-02-25 13:51:11 [http-nio-8080-exec-10] DEBUG org.hibernate.orm.results - Extracted JDBC value [5] - [null]
2026-02-25 13:51:11 [http-nio-8080-exec-10] DEBUG org.hibernate.orm.results - Extracted JDBC value [6] - [2]
2026-02-25 13:51:11 [http-nio-8080-exec-10] DEBUG org.hibernate.orm.results - Extracted JDBC value [7] - [2026-02-14]
2026-02-25 13:51:11 [http-nio-8080-exec-10] DEBUG org.hibernate.orm.results - Extracted JDBC value [8] - [null]
2026-02-25 13:51:11 [http-nio-8080-exec-10] DEBUG org.hibernate.orm.results - Extracted JDBC value [10] - [HIGH]
2026-02-25 13:51:11 [http-nio-8080-exec-10] DEBUG org.hibernate.orm.results - Extracted JDBC value [11] - [TODO]
2026-02-25 13:51:11 [http-nio-8080-exec-10] DEBUG org.hibernate.orm.results - Extracted JDBC value [12] - [Test Tasks CRUD]
2026-02-25 13:51:11 [http-nio-8080-exec-10] DEBUG org.hibernate.orm.results - Extracted JDBC value [13] - [2026-02-25T13:51:11.464295]
2026-02-25 13:51:11 [http-nio-8080-exec-10] DEBUG o.h.orm.results.loading.entity - (EntityResultInitializer) Done materializing entityInstance : com.taskmanagement.entity.Task(104271010434400)#3
2026-02-25 13:51:11 [http-nio-8080-exec-10] DEBUG org.hibernate.orm.results.loading - Calling top-level assembler (0 / 1) : org.hibernate.sql.results.graph.entity.internal.EntityAssembler@6d9a4024
2026-02-25 13:51:11 [http-nio-8080-exec-10] DEBUG o.s.orm.jpa.JpaTransactionManager - Initiating transaction commit
2026-02-25 13:51:11 [http-nio-8080-exec-10] DEBUG o.s.orm.jpa.JpaTransactionManager - Committing JPA transaction on EntityManager [SessionImpl(718527434<open>)]
2026-02-25 13:51:11 [http-nio-8080-exec-10] DEBUG o.h.e.t.internal.TransactionImpl - committing
2026-02-25 13:51:11 [http-nio-8080-exec-10] DEBUG o.s.jdbc.datasource.DataSourceUtils - Resetting read-only flag of JDBC Connection [HikariProxyConnection@1875984628 wrapping conn0: url=jdbc:h2:mem:taskmanagement user=SA]
2026-02-25 13:51:11 [http-nio-8080-exec-10] DEBUG o.s.orm.jpa.JpaTransactionManager - Not closing pre-bound JPA EntityManager after transaction
2026-02-25 13:51:11 [http-nio-8080-exec-10] DEBUG o.s.w.s.m.m.a.HttpEntityMethodProcessor - Using 'application/json', given [*/*] and supported [application/json, application/*+json]
2026-02-25 13:51:11 [http-nio-8080-exec-10] DEBUG o.s.w.s.m.m.a.HttpEntityMethodProcessor - Writing [ApiResponse(success=true, message=null, data=GoalResponse.GoalStats(totalTasks=3, completedTasks=1,  (truncated)...]
2026-02-25 13:51:11 [http-nio-8080-exec-10] DEBUG o.s.o.j.s.OpenEntityManagerInViewInterceptor - Closing JPA EntityManager in OpenEntityManagerInViewInterceptor
2026-02-25 13:51:11 [http-nio-8080-exec-10] DEBUG o.s.web.servlet.DispatcherServlet - Completed 200 OK
2026-02-25 13:51:11 [http-nio-8080-exec-7] DEBUG o.s.web.servlet.DispatcherServlet - PATCH "/api/v1/goals/1/status", parameters={}
2026-02-25 13:51:11 [http-nio-8080-exec-7] DEBUG o.s.w.s.m.m.a.RequestMappingHandlerMapping - Mapped to com.taskmanagement.controller.GoalController#updateGoalStatus(Long, StatusUpdate)
2026-02-25 13:51:11 [http-nio-8080-exec-7] DEBUG o.s.o.j.s.OpenEntityManagerInViewInterceptor - Opening JPA EntityManager in OpenEntityManagerInViewInterceptor
2026-02-25 13:51:11 [http-nio-8080-exec-7] DEBUG o.s.w.s.m.m.a.RequestResponseBodyMethodProcessor - Read "application/json;charset=UTF-8" to [GoalRequest.StatusUpdate(status=IN_PROGRESS)]
2026-02-25 13:51:11 [http-nio-8080-exec-7] DEBUG o.s.orm.jpa.JpaTransactionManager - Found thread-bound EntityManager [SessionImpl(94120806<open>)] for JPA transaction
2026-02-25 13:51:11 [http-nio-8080-exec-7] DEBUG o.s.orm.jpa.JpaTransactionManager - Creating new transaction with name [com.taskmanagement.service.impl.GoalServiceImpl.updateGoalStatus]: PROPAGATION_REQUIRED,ISOLATION_DEFAULT
2026-02-25 13:51:11 [http-nio-8080-exec-7] DEBUG o.h.e.t.internal.TransactionImpl - On TransactionImpl creation, JpaCompliance#isJpaTransactionComplianceEnabled == false
2026-02-25 13:51:11 [http-nio-8080-exec-7] DEBUG o.h.e.t.internal.TransactionImpl - begin
2026-02-25 13:51:11 [http-nio-8080-exec-7] DEBUG o.s.orm.jpa.JpaTransactionManager - Exposing JPA transaction as JDBC [org.springframework.orm.jpa.vendor.HibernateJpaDialect$HibernateConnectionHandle@63916ca2]
2026-02-25 13:51:11 [http-nio-8080-exec-7] INFO  c.t.service.impl.GoalServiceImpl - Updating status for goal ID: 1 to IN_PROGRESS
2026-02-25 13:51:11 [http-nio-8080-exec-7] DEBUG o.s.orm.jpa.JpaTransactionManager - Found thread-bound EntityManager [SessionImpl(94120806<open>)] for JPA transaction
2026-02-25 13:51:11 [http-nio-8080-exec-7] DEBUG o.s.orm.jpa.JpaTransactionManager - Participating in existing transaction
2026-02-25 13:51:11 [http-nio-8080-exec-7] DEBUG org.hibernate.orm.sql.exec - Skipping reading Query result cache data: cache-enabled = false, cache-mode = IGNORE
2026-02-25 13:51:11 [http-nio-8080-exec-7] DEBUG org.hibernate.orm.results - Initializer list:
	  com.taskmanagement.entity.Goal -> EntityResultInitializer(com.taskmanagement.entity.Goal)@120765613 (SingleTableEntityPersister(com.taskmanagement.entity.Goal))
	  com.taskmanagement.entity.Goal.tasks -> DelayedCollectionInitializer(com.taskmanagement.entity.Goal.tasks)@1667772987 (PluralAttribute(com.taskmanagement.entity.Goal.tasks))

2026-02-25 13:51:11 [http-nio-8080-exec-7] DEBUG org.hibernate.SQL - 
    select
        g1_0.id,
        g1_0.completion_date,
        g1_0.created_at,
        g1_0.description,
        g1_0.priority,
        g1_0.progress_percentage,
        g1_0.status,
        g1_0.target_date,
        g1_0.title,
        g1_0.updated_at,
        g1_0.user_id 
    from
        goals g1_0 
    where
        g1_0.id=?
2026-02-25 13:51:11 [http-nio-8080-exec-7] DEBUG o.h.orm.results.loading.entity - (EntityResultInitializer) Hydrated EntityKey (com.taskmanagement.entity.Goal): 1
2026-02-25 13:51:11 [http-nio-8080-exec-7] DEBUG org.hibernate.orm.results - Extracted JDBC value [0] - [1]
2026-02-25 13:51:11 [http-nio-8080-exec-7] DEBUG o.h.o.r.l.o.h.o.r.loading.collection - (DelayedCollectionInitializer) Current row collection key : com.taskmanagement.entity.Goal.tasks#1
2026-02-25 13:51:11 [http-nio-8080-exec-7] DEBUG o.h.orm.results.loading.entity - (EntityResultInitializer) Created new entity instance [com.taskmanagement.entity.Goal#1] : 1108193459
2026-02-25 13:51:11 [http-nio-8080-exec-7] DEBUG org.hibernate.orm.results - Extracted JDBC value [1] - [null]
2026-02-25 13:51:11 [http-nio-8080-exec-7] DEBUG org.hibernate.orm.results - Extracted JDBC value [2] - [2026-02-25T13:51:11.164095]
2026-02-25 13:51:11 [http-nio-8080-exec-7] DEBUG org.hibernate.orm.results - Extracted JDBC value [3] - [Test all endpoints of the Task Management Service]
2026-02-25 13:51:11 [http-nio-8080-exec-7] DEBUG org.hibernate.orm.results - Extracted JDBC value [4] - [HIGH]
2026-02-25 13:51:11 [http-nio-8080-exec-7] DEBUG org.hibernate.orm.results - Extracted JDBC value [5] - [33]
2026-02-25 13:51:11 [http-nio-8080-exec-7] DEBUG org.hibernate.orm.results - Extracted JDBC value [6] - [IN_PROGRESS]
2026-02-25 13:51:11 [http-nio-8080-exec-7] DEBUG org.hibernate.orm.results - Extracted JDBC value [7] - [2026-02-28]
2026-02-25 13:51:11 [http-nio-8080-exec-7] DEBUG org.hibernate.orm.results - Extracted JDBC value [8] - [Complete API Testing]
2026-02-25 13:51:11 [http-nio-8080-exec-7] DEBUG org.hibernate.orm.results - Extracted JDBC value [9] - [2026-02-25T13:51:11.710796]
2026-02-25 13:51:11 [http-nio-8080-exec-7] DEBUG org.hibernate.orm.results - Extracted JDBC value [10] - [1]
2026-02-25 13:51:11 [http-nio-8080-exec-7] DEBUG o.h.orm.results.loading.entity - (EntityResultInitializer) Done materializing entityInstance : com.taskmanagement.entity.Goal#1
2026-02-25 13:51:11 [http-nio-8080-exec-7] DEBUG org.hibernate.orm.results.loading - Calling top-level assembler (0 / 1) : org.hibernate.sql.results.graph.entity.internal.EntityAssembler@792b4da0
2026-02-25 13:51:11 [http-nio-8080-exec-7] DEBUG o.s.orm.jpa.JpaTransactionManager - Found thread-bound EntityManager [SessionImpl(94120806<open>)] for JPA transaction
2026-02-25 13:51:11 [http-nio-8080-exec-7] DEBUG o.s.orm.jpa.JpaTransactionManager - Participating in existing transaction
2026-02-25 13:51:11 [http-nio-8080-exec-7] DEBUG o.h.j.i.PersistenceUnitUtilImpl - jakarta.persistence.PersistenceUnitUtil.getIdentifier is only intended to work with enhanced entities (although Hibernate also adapts this support to its proxies); however the passed entity was not enhanced (nor a proxy).. may not be able to read identifier
2026-02-25 13:51:11 [http-nio-8080-exec-7] DEBUG o.s.orm.jpa.JpaTransactionManager - Initiating transaction commit
2026-02-25 13:51:11 [http-nio-8080-exec-7] DEBUG o.s.orm.jpa.JpaTransactionManager - Committing JPA transaction on EntityManager [SessionImpl(94120806<open>)]
2026-02-25 13:51:11 [http-nio-8080-exec-7] DEBUG o.h.e.t.internal.TransactionImpl - committing
2026-02-25 13:51:11 [http-nio-8080-exec-7] DEBUG o.h.e.i.AbstractFlushingEventListener - Processing flush-time cascades
2026-02-25 13:51:11 [http-nio-8080-exec-7] DEBUG o.h.e.i.AbstractFlushingEventListener - Dirty checking collections
2026-02-25 13:51:11 [http-nio-8080-exec-7] DEBUG o.h.engine.internal.Collections - Collection found: [com.taskmanagement.entity.Goal.tasks#1], was: [com.taskmanagement.entity.Goal.tasks#1] (uninitialized)
2026-02-25 13:51:11 [http-nio-8080-exec-7] DEBUG o.h.e.i.AbstractFlushingEventListener - Flushed: 0 insertions, 0 updates, 0 deletions to 1 objects
2026-02-25 13:51:11 [http-nio-8080-exec-7] DEBUG o.h.e.i.AbstractFlushingEventListener - Flushed: 0 (re)creations, 0 updates, 0 removals to 1 collections
2026-02-25 13:51:11 [http-nio-8080-exec-7] DEBUG o.h.internal.util.EntityPrinter - Listing entities:
2026-02-25 13:51:11 [http-nio-8080-exec-7] DEBUG o.h.internal.util.EntityPrinter - com.taskmanagement.entity.Goal{createdAt=2026-02-25T13:51:11.164095, targetDate=2026-02-28, description=Test all endpoints of the Task Management Service, completionDate=null, progressPercentage=33, id=1, priority=HIGH, title=Complete API Testing, userId=1, tasks=<uninitialized>, status=IN_PROGRESS, updatedAt=2026-02-25T13:51:11.710796}
2026-02-25 13:51:11 [http-nio-8080-exec-7] DEBUG o.s.orm.jpa.JpaTransactionManager - Not closing pre-bound JPA EntityManager after transaction
2026-02-25 13:51:11 [http-nio-8080-exec-7] DEBUG o.s.w.s.m.m.a.HttpEntityMethodProcessor - Using 'application/json', given [*/*] and supported [application/json, application/*+json]
2026-02-25 13:51:11 [http-nio-8080-exec-7] DEBUG o.s.w.s.m.m.a.HttpEntityMethodProcessor - Writing [ApiResponse(success=true, message=Goal status updated, data=GoalResponse(id=1, title=Complete API Te (truncated)...]
2026-02-25 13:51:11 [http-nio-8080-exec-7] DEBUG o.s.o.j.s.OpenEntityManagerInViewInterceptor - Closing JPA EntityManager in OpenEntityManagerInViewInterceptor
2026-02-25 13:51:11 [http-nio-8080-exec-7] DEBUG o.s.web.servlet.DispatcherServlet - Completed 200 OK
2026-02-25 13:51:12 [http-nio-8080-exec-8] DEBUG o.s.web.servlet.DispatcherServlet - DELETE "/api/v1/goals/1", parameters={}
2026-02-25 13:51:12 [http-nio-8080-exec-8] DEBUG o.s.w.s.m.m.a.RequestMappingHandlerMapping - Mapped to com.taskmanagement.controller.GoalController#deleteGoal(Long)
2026-02-25 13:51:12 [http-nio-8080-exec-8] DEBUG o.s.o.j.s.OpenEntityManagerInViewInterceptor - Opening JPA EntityManager in OpenEntityManagerInViewInterceptor
2026-02-25 13:51:12 [http-nio-8080-exec-8] DEBUG o.s.orm.jpa.JpaTransactionManager - Found thread-bound EntityManager [SessionImpl(1105584954<open>)] for JPA transaction
2026-02-25 13:51:12 [http-nio-8080-exec-8] DEBUG o.s.orm.jpa.JpaTransactionManager - Creating new transaction with name [com.taskmanagement.service.impl.GoalServiceImpl.deleteGoal]: PROPAGATION_REQUIRED,ISOLATION_DEFAULT
2026-02-25 13:51:12 [http-nio-8080-exec-8] DEBUG o.h.e.t.internal.TransactionImpl - On TransactionImpl creation, JpaCompliance#isJpaTransactionComplianceEnabled == false
2026-02-25 13:51:12 [http-nio-8080-exec-8] DEBUG o.h.e.t.internal.TransactionImpl - begin
2026-02-25 13:51:12 [http-nio-8080-exec-8] DEBUG o.s.orm.jpa.JpaTransactionManager - Exposing JPA transaction as JDBC [org.springframework.orm.jpa.vendor.HibernateJpaDialect$HibernateConnectionHandle@5a829bdc]
2026-02-25 13:51:12 [http-nio-8080-exec-8] INFO  c.t.service.impl.GoalServiceImpl - Deleting goal with ID: 1
2026-02-25 13:51:12 [http-nio-8080-exec-8] DEBUG o.s.orm.jpa.JpaTransactionManager - Found thread-bound EntityManager [SessionImpl(1105584954<open>)] for JPA transaction
2026-02-25 13:51:12 [http-nio-8080-exec-8] DEBUG o.s.orm.jpa.JpaTransactionManager - Participating in existing transaction
2026-02-25 13:51:12 [http-nio-8080-exec-8] DEBUG org.hibernate.orm.query.hql - HQL : select count(*) from Goal x WHERE x.id = :id
2026-02-25 13:51:12 [http-nio-8080-exec-8] DEBUG o.h.o.q.hql.reservedWordAsIdentifier - Encountered use of reserved word as identifier : (
2026-02-25 13:51:12 [http-nio-8080-exec-8] DEBUG o.h.o.q.hql.reservedWordAsIdentifier - Encountered use of reserved word as identifier : =
2026-02-25 13:51:12 [http-nio-8080-exec-8] DEBUG o.h.o.q.hql.reservedWordAsIdentifier - Encountered use of reserved word as identifier : <EOF>
2026-02-25 13:51:12 [http-nio-8080-exec-8] DEBUG o.hibernate.orm.query.sqm.creation - Applying inferable type to SqmExpression [SqmNamedParameter(id)] : null -> SqmBasicValuedSimplePath(com.taskmanagement.entity.Goal(x).id)
2026-02-25 13:51:12 [http-nio-8080-exec-8] DEBUG org.hibernate.orm.query.sqm.ast - SqmStatement Tree :
    -> [select]
      -> [query-spec]
        -> [select]
          -> [selection]
          <- [selection]
        <- [select]
        -> [from]
          -> [root] - `com.taskmanagement.entity.Goal(x)`
          <- [root] - `com.taskmanagement.entity.Goal(x)`
        <- [from]
        -> [where]
          -> [EQUAL]
              -> [basic-path] - `com.taskmanagement.entity.Goal(x).id`
              :id
          <- [EQUAL]
        <- [where]
      <- [query-spec]
    <- [select]

2026-02-25 13:51:12 [http-nio-8080-exec-8] DEBUG org.hibernate.orm.sql.ast.create - Created new SQL alias : g1_0
2026-02-25 13:51:12 [http-nio-8080-exec-8] DEBUG org.hibernate.orm.sql.ast.create - Registration of TableGroup [StandardTableGroup(com.taskmanagement.entity.Goal(x))] with identifierForTableGroup [com.taskmanagement.entity.Goal] for NavigablePath [com.taskmanagement.entity.Goal] 
2026-02-25 13:51:12 [http-nio-8080-exec-8] DEBUG o.h.q.s.sql.BaseSqmToSqlAstConverter - Determining mapping-model type for SqmParameter : SqmNamedParameter(id)
2026-02-25 13:51:12 [http-nio-8080-exec-8] DEBUG o.h.q.s.sql.BaseSqmToSqlAstConverter - Determining mapping-model type for SqmPath : SqmBasicValuedSimplePath(com.taskmanagement.entity.Goal(x).id) 
2026-02-25 13:51:12 [http-nio-8080-exec-8] DEBUG org.hibernate.orm.results.graph.AST - DomainResult Graph:
 \-BasicResult

2026-02-25 13:51:12 [http-nio-8080-exec-8] DEBUG org.hibernate.orm.sql.ast.tree - SQL AST Tree:
    SelectStatement {
      FromClause {
        StandardTableGroup (g1 : com.taskmanagement.entity.Goal(x)) {
          primaryTableReference : goals as g1_0
        }
      }
    }

2026-02-25 13:51:12 [http-nio-8080-exec-8] DEBUG org.hibernate.orm.sql.exec - Skipping reading Query result cache data: cache-enabled = false, cache-mode = NORMAL
2026-02-25 13:51:12 [http-nio-8080-exec-8] DEBUG org.hibernate.orm.results - Initializer list is empty
2026-02-25 13:51:12 [http-nio-8080-exec-8] DEBUG org.hibernate.SQL - 
    select
        count(*) 
    from
        goals g1_0 
    where
        g1_0.id=?
2026-02-25 13:51:12 [http-nio-8080-exec-8] DEBUG org.hibernate.orm.results.loading - Calling top-level assembler (0 / 1) : org.hibernate.sql.results.graph.basic.BasicResultAssembler@461bce2f
2026-02-25 13:51:12 [http-nio-8080-exec-8] DEBUG org.hibernate.orm.results - Extracted JDBC value [0] - [1]
2026-02-25 13:51:12 [http-nio-8080-exec-8] DEBUG org.hibernate.orm.sql.ast.create - Created new SQL alias : t1_0
2026-02-25 13:51:12 [http-nio-8080-exec-8] DEBUG org.hibernate.orm.sql.ast.create - Registration of TableGroup [StandardTableGroup(com.taskmanagement.entity.Task(t))] with identifierForTableGroup [com.taskmanagement.entity.Task] for NavigablePath [com.taskmanagement.entity.Task] 
2026-02-25 13:51:12 [http-nio-8080-exec-8] DEBUG org.hibernate.orm.sql.ast.create - Registration of TableGroup [org.hibernate.sql.ast.tree.from.LazyTableGroup@35fe5843] with identifierForTableGroup [com.taskmanagement.entity.Task.goal] for NavigablePath [com.taskmanagement.entity.Task.goal] 
2026-02-25 13:51:12 [http-nio-8080-exec-8] DEBUG o.h.q.s.sql.BaseSqmToSqlAstConverter - Determining mapping-model type for SqmParameter : SqmNamedParameter(goalId)
2026-02-25 13:51:12 [http-nio-8080-exec-8] DEBUG o.h.q.s.sql.BaseSqmToSqlAstConverter - Determining mapping-model type for SqmPath : SqmBasicValuedSimplePath(com.taskmanagement.entity.Task(t).goal.id) 
2026-02-25 13:51:12 [http-nio-8080-exec-8] DEBUG org.hibernate.SQL - 
    delete 
    from
        tasks 
    where
        goal_id=?
2026-02-25 13:51:12 [http-nio-8080-exec-8] DEBUG o.s.orm.jpa.JpaTransactionManager - Found thread-bound EntityManager [SessionImpl(1105584954<open>)] for JPA transaction
2026-02-25 13:51:12 [http-nio-8080-exec-8] DEBUG o.s.orm.jpa.JpaTransactionManager - Participating in existing transaction
2026-02-25 13:51:12 [http-nio-8080-exec-8] DEBUG org.hibernate.orm.sql.exec - Skipping reading Query result cache data: cache-enabled = false, cache-mode = IGNORE
2026-02-25 13:51:12 [http-nio-8080-exec-8] DEBUG org.hibernate.orm.results - Initializer list:
	  com.taskmanagement.entity.Goal -> EntityResultInitializer(com.taskmanagement.entity.Goal)@1442823694 (SingleTableEntityPersister(com.taskmanagement.entity.Goal))
	  com.taskmanagement.entity.Goal.tasks -> DelayedCollectionInitializer(com.taskmanagement.entity.Goal.tasks)@1362598056 (PluralAttribute(com.taskmanagement.entity.Goal.tasks))

2026-02-25 13:51:12 [http-nio-8080-exec-8] DEBUG org.hibernate.SQL - 
    select
        g1_0.id,
        g1_0.completion_date,
        g1_0.created_at,
        g1_0.description,
        g1_0.priority,
        g1_0.progress_percentage,
        g1_0.status,
        g1_0.target_date,
        g1_0.title,
        g1_0.updated_at,
        g1_0.user_id 
    from
        goals g1_0 
    where
        g1_0.id=?
2026-02-25 13:51:12 [http-nio-8080-exec-8] DEBUG o.h.orm.results.loading.entity - (EntityResultInitializer) Hydrated EntityKey (com.taskmanagement.entity.Goal): 1
2026-02-25 13:51:12 [http-nio-8080-exec-8] DEBUG org.hibernate.orm.results - Extracted JDBC value [0] - [1]
2026-02-25 13:51:12 [http-nio-8080-exec-8] DEBUG o.h.o.r.l.o.h.o.r.loading.collection - (DelayedCollectionInitializer) Current row collection key : com.taskmanagement.entity.Goal.tasks#1
2026-02-25 13:51:12 [http-nio-8080-exec-8] DEBUG o.h.orm.results.loading.entity - (EntityResultInitializer) Created new entity instance [com.taskmanagement.entity.Goal#1] : 1565122880
2026-02-25 13:51:12 [http-nio-8080-exec-8] DEBUG org.hibernate.orm.results - Extracted JDBC value [1] - [null]
2026-02-25 13:51:12 [http-nio-8080-exec-8] DEBUG org.hibernate.orm.results - Extracted JDBC value [2] - [2026-02-25T13:51:11.164095]
2026-02-25 13:51:12 [http-nio-8080-exec-8] DEBUG org.hibernate.orm.results - Extracted JDBC value [3] - [Test all endpoints of the Task Management Service]
2026-02-25 13:51:12 [http-nio-8080-exec-8] DEBUG org.hibernate.orm.results - Extracted JDBC value [4] - [HIGH]
2026-02-25 13:51:12 [http-nio-8080-exec-8] DEBUG org.hibernate.orm.results - Extracted JDBC value [5] - [33]
2026-02-25 13:51:12 [http-nio-8080-exec-8] DEBUG org.hibernate.orm.results - Extracted JDBC value [6] - [IN_PROGRESS]
2026-02-25 13:51:12 [http-nio-8080-exec-8] DEBUG org.hibernate.orm.results - Extracted JDBC value [7] - [2026-02-28]
2026-02-25 13:51:12 [http-nio-8080-exec-8] DEBUG org.hibernate.orm.results - Extracted JDBC value [8] - [Complete API Testing]
2026-02-25 13:51:12 [http-nio-8080-exec-8] DEBUG org.hibernate.orm.results - Extracted JDBC value [9] - [2026-02-25T13:51:11.710796]
2026-02-25 13:51:12 [http-nio-8080-exec-8] DEBUG org.hibernate.orm.results - Extracted JDBC value [10] - [1]
2026-02-25 13:51:12 [http-nio-8080-exec-8] DEBUG o.h.orm.results.loading.entity - (EntityResultInitializer) Done materializing entityInstance : com.taskmanagement.entity.Goal#1
2026-02-25 13:51:12 [http-nio-8080-exec-8] DEBUG org.hibernate.orm.results.loading - Calling top-level assembler (0 / 1) : org.hibernate.sql.results.graph.entity.internal.EntityAssembler@3492aeac
2026-02-25 13:51:12 [http-nio-8080-exec-8] DEBUG o.h.j.i.PersistenceUnitUtilImpl - jakarta.persistence.PersistenceUnitUtil.getIdentifier is only intended to work with enhanced entities (although Hibernate also adapts this support to its proxies); however the passed entity was not enhanced (nor a proxy).. may not be able to read identifier
2026-02-25 13:51:12 [http-nio-8080-exec-8] DEBUG o.h.j.i.PersistenceUnitUtilImpl - jakarta.persistence.PersistenceUnitUtil.getIdentifier is only intended to work with enhanced entities (although Hibernate also adapts this support to its proxies); however the passed entity was not enhanced (nor a proxy).. may not be able to read identifier
2026-02-25 13:51:12 [http-nio-8080-exec-8] DEBUG org.hibernate.orm.sql.exec - Skipping reading Query result cache data: cache-enabled = false, cache-mode = IGNORE
2026-02-25 13:51:12 [http-nio-8080-exec-8] DEBUG org.hibernate.orm.results - Initializer list:
	  com.taskmanagement.entity.Goal.tasks -> BagInitializer(com.taskmanagement.entity.Goal.tasks)@844501296 (PluralAttribute(com.taskmanagement.entity.Goal.tasks))
	  com.taskmanagement.entity.Goal.tasks.{element} -> EntityJoinedFetchInitializer(com.taskmanagement.entity.Goal.tasks.{element})@1720207154 (EntityCollectionPart(com.taskmanagement.entity.Goal.tasks#{element})@1132975070)
	  com.taskmanagement.entity.Goal.tasks.{element}.goal -> EntityDelayedFetchInitializer(com.taskmanagement.entity.Goal.tasks.{element}.goal)@69534300 (ToOneAttributeMapping(NavigableRole[com.taskmanagement.entity.Task.goal])@117370297)

2026-02-25 13:51:12 [http-nio-8080-exec-8] DEBUG org.hibernate.SQL - 
    select
        t1_0.goal_id,
        t1_0.id,
        t1_0.actual_hours,
        t1_0.is_completed,
        t1_0.completed_at,
        t1_0.created_at,
        t1_0.description,
        t1_0.display_order,
        t1_0.due_date,
        t1_0.estimated_hours,
        t1_0.priority,
        t1_0.status,
        t1_0.title,
        t1_0.updated_at 
    from
        tasks t1_0 
    where
        t1_0.goal_id=? 
    order by
        t1_0.display_order,
        t1_0.created_at
2026-02-25 13:51:12 [http-nio-8080-exec-8] DEBUG o.h.s.results.internal.ResultsHelper - Collection fully initialized: [com.taskmanagement.entity.Goal.tasks#1]
2026-02-25 13:51:12 [http-nio-8080-exec-8] INFO  c.t.service.impl.GoalServiceImpl - Goal deleted successfully with ID: 1
2026-02-25 13:51:12 [http-nio-8080-exec-8] DEBUG o.s.orm.jpa.JpaTransactionManager - Initiating transaction commit
2026-02-25 13:51:12 [http-nio-8080-exec-8] DEBUG o.s.orm.jpa.JpaTransactionManager - Committing JPA transaction on EntityManager [SessionImpl(1105584954<open>)]
2026-02-25 13:51:12 [http-nio-8080-exec-8] DEBUG o.h.e.t.internal.TransactionImpl - committing
2026-02-25 13:51:12 [http-nio-8080-exec-8] DEBUG o.h.e.i.AbstractFlushingEventListener - Processing flush-time cascades
2026-02-25 13:51:12 [http-nio-8080-exec-8] DEBUG o.h.e.i.AbstractFlushingEventListener - Dirty checking collections
2026-02-25 13:51:12 [http-nio-8080-exec-8] DEBUG o.h.engine.internal.Collections - Collection dereferenced: [com.taskmanagement.entity.Goal.tasks#1]
2026-02-25 13:51:12 [http-nio-8080-exec-8] DEBUG o.h.e.i.AbstractFlushingEventListener - Flushed: 0 insertions, 0 updates, 1 deletions to 1 objects
2026-02-25 13:51:12 [http-nio-8080-exec-8] DEBUG o.h.e.i.AbstractFlushingEventListener - Flushed: 0 (re)creations, 0 updates, 1 removals to 1 collections
2026-02-25 13:51:12 [http-nio-8080-exec-8] DEBUG o.h.internal.util.EntityPrinter - Listing entities:
2026-02-25 13:51:12 [http-nio-8080-exec-8] DEBUG o.h.internal.util.EntityPrinter - com.taskmanagement.entity.Goal{createdAt=2026-02-25T13:51:11.164095, targetDate=2026-02-28, description=Test all endpoints of the Task Management Service, completionDate=null, progressPercentage=33, id=1, priority=HIGH, title=Complete API Testing, userId=1, tasks=[], status=IN_PROGRESS, updatedAt=2026-02-25T13:51:11.710796}
2026-02-25 13:51:12 [http-nio-8080-exec-8] DEBUG org.hibernate.SQL - 
    delete 
    from
        goals 
    where
        id=?
2026-02-25 13:51:12 [http-nio-8080-exec-8] DEBUG org.hibernate.orm.jdbc.batch - PreparedStatementDetails did not contain PreparedStatement on #releaseStatements : delete from goals where id=?
2026-02-25 13:51:12 [http-nio-8080-exec-8] DEBUG org.hibernate.orm.jdbc.batch - PreparedStatementDetails did not contain PreparedStatement on #releaseStatements : delete from goals where id=?
2026-02-25 13:51:12 [http-nio-8080-exec-8] DEBUG o.s.orm.jpa.JpaTransactionManager - Not closing pre-bound JPA EntityManager after transaction
2026-02-25 13:51:12 [http-nio-8080-exec-8] DEBUG o.s.w.s.m.m.a.HttpEntityMethodProcessor - Using 'application/json', given [*/*] and supported [application/json, application/*+json]
2026-02-25 13:51:12 [http-nio-8080-exec-8] DEBUG o.s.w.s.m.m.a.HttpEntityMethodProcessor - Writing [ApiResponse(success=true, message=Goal deleted successfully, data=null, errors=null, pageInfo=null,  (truncated)...]
2026-02-25 13:51:12 [http-nio-8080-exec-8] DEBUG o.s.o.j.s.OpenEntityManagerInViewInterceptor - Closing JPA EntityManager in OpenEntityManagerInViewInterceptor
2026-02-25 13:51:12 [http-nio-8080-exec-8] DEBUG o.h.e.j.internal.JdbcCoordinatorImpl - HHH000420: Closing un-released batch
2026-02-25 13:51:12 [http-nio-8080-exec-8] DEBUG org.hibernate.orm.jdbc.batch - PreparedStatementDetails did not contain PreparedStatement on #releaseStatements : delete from goals where id=?
2026-02-25 13:51:12 [http-nio-8080-exec-8] DEBUG org.hibernate.orm.jdbc.batch - PreparedStatementDetails did not contain PreparedStatement on #releaseStatements : delete from goals where id=?
2026-02-25 13:51:12 [http-nio-8080-exec-8] DEBUG org.hibernate.orm.jdbc.batch - PreparedStatementDetails did not contain PreparedStatement on #releaseStatements : delete from goals where id=?
2026-02-25 13:51:12 [http-nio-8080-exec-8] DEBUG o.s.web.servlet.DispatcherServlet - Completed 200 OK
2026-02-25 13:51:30 [HikariPool-1 housekeeper] DEBUG com.zaxxer.hikari.pool.HikariPool - HikariPool-1 - Before cleanup stats (total=5, active=0, idle=5, waiting=0)
2026-02-25 13:51:30 [HikariPool-1 housekeeper] DEBUG com.zaxxer.hikari.pool.HikariPool - HikariPool-1 - After cleanup  stats (total=5, active=0, idle=5, waiting=0)
2026-02-25 13:51:30 [HikariPool-1 housekeeper] DEBUG com.zaxxer.hikari.pool.HikariPool - HikariPool-1 - Fill pool skipped, pool has sufficient level or currently being filled (queueDepth=0).
2026-02-25 13:52:00 [HikariPool-1 housekeeper] DEBUG com.zaxxer.hikari.pool.HikariPool - HikariPool-1 - Before cleanup stats (total=5, active=0, idle=5, waiting=0)
2026-02-25 13:52:00 [HikariPool-1 housekeeper] DEBUG com.zaxxer.hikari.pool.HikariPool - HikariPool-1 - After cleanup  stats (total=5, active=0, idle=5, waiting=0)
2026-02-25 13:52:00 [HikariPool-1 housekeeper] DEBUG com.zaxxer.hikari.pool.HikariPool - HikariPool-1 - Fill pool skipped, pool has sufficient level or currently being filled (queueDepth=0).
2026-02-25 13:52:30 [HikariPool-1 housekeeper] DEBUG com.zaxxer.hikari.pool.HikariPool - HikariPool-1 - Before cleanup stats (total=5, active=0, idle=5, waiting=0)
2026-02-25 13:52:30 [HikariPool-1 housekeeper] DEBUG com.zaxxer.hikari.pool.HikariPool - HikariPool-1 - After cleanup  stats (total=5, active=0, idle=5, waiting=0)
2026-02-25 13:52:30 [HikariPool-1 housekeeper] DEBUG com.zaxxer.hikari.pool.HikariPool - HikariPool-1 - Fill pool skipped, pool has sufficient level or currently being filled (queueDepth=0).
2026-02-25 13:53:00 [HikariPool-1 housekeeper] DEBUG com.zaxxer.hikari.pool.HikariPool - HikariPool-1 - Before cleanup stats (total=5, active=0, idle=5, waiting=0)
2026-02-25 13:53:00 [HikariPool-1 housekeeper] DEBUG com.zaxxer.hikari.pool.HikariPool - HikariPool-1 - After cleanup  stats (total=5, active=0, idle=5, waiting=0)
2026-02-25 13:53:00 [HikariPool-1 housekeeper] DEBUG com.zaxxer.hikari.pool.HikariPool - HikariPool-1 - Fill pool skipped, pool has sufficient level or currently being filled (queueDepth=0).
2026-02-25 13:53:30 [HikariPool-1 housekeeper] DEBUG com.zaxxer.hikari.pool.HikariPool - HikariPool-1 - Before cleanup stats (total=5, active=0, idle=5, waiting=0)
2026-02-25 13:53:30 [HikariPool-1 housekeeper] DEBUG com.zaxxer.hikari.pool.HikariPool - HikariPool-1 - After cleanup  stats (total=5, active=0, idle=5, waiting=0)
2026-02-25 13:53:30 [HikariPool-1 housekeeper] DEBUG com.zaxxer.hikari.pool.HikariPool - HikariPool-1 - Fill pool skipped, pool has sufficient level or currently being filled (queueDepth=0).
2026-02-25 13:54:00 [HikariPool-1 housekeeper] DEBUG com.zaxxer.hikari.pool.HikariPool - HikariPool-1 - Before cleanup stats (total=5, active=0, idle=5, waiting=0)
2026-02-25 13:54:00 [HikariPool-1 housekeeper] DEBUG com.zaxxer.hikari.pool.HikariPool - HikariPool-1 - After cleanup  stats (total=5, active=0, idle=5, waiting=0)
2026-02-25 13:54:00 [HikariPool-1 housekeeper] DEBUG com.zaxxer.hikari.pool.HikariPool - HikariPool-1 - Fill pool skipped, pool has sufficient level or currently being filled (queueDepth=0).
2026-02-25 13:54:30 [HikariPool-1 housekeeper] DEBUG com.zaxxer.hikari.pool.HikariPool - HikariPool-1 - Before cleanup stats (total=5, active=0, idle=5, waiting=0)
2026-02-25 13:54:30 [HikariPool-1 housekeeper] DEBUG com.zaxxer.hikari.pool.HikariPool - HikariPool-1 - After cleanup  stats (total=5, active=0, idle=5, waiting=0)
2026-02-25 13:54:30 [HikariPool-1 housekeeper] DEBUG com.zaxxer.hikari.pool.HikariPool - HikariPool-1 - Fill pool skipped, pool has sufficient level or currently being filled (queueDepth=0).
2026-02-25 13:55:00 [HikariPool-1 housekeeper] DEBUG com.zaxxer.hikari.pool.HikariPool - HikariPool-1 - Before cleanup stats (total=5, active=0, idle=5, waiting=0)
2026-02-25 13:55:00 [HikariPool-1 housekeeper] DEBUG com.zaxxer.hikari.pool.HikariPool - HikariPool-1 - After cleanup  stats (total=5, active=0, idle=5, waiting=0)
2026-02-25 13:55:00 [HikariPool-1 housekeeper] DEBUG com.zaxxer.hikari.pool.HikariPool - HikariPool-1 - Fill pool skipped, pool has sufficient level or currently being filled (queueDepth=0).
2026-02-25 13:55:30 [HikariPool-1 housekeeper] DEBUG com.zaxxer.hikari.pool.HikariPool - HikariPool-1 - Before cleanup stats (total=5, active=0, idle=5, waiting=0)
2026-02-25 13:55:30 [HikariPool-1 housekeeper] DEBUG com.zaxxer.hikari.pool.HikariPool - HikariPool-1 - After cleanup  stats (total=5, active=0, idle=5, waiting=0)
2026-02-25 13:55:30 [HikariPool-1 housekeeper] DEBUG com.zaxxer.hikari.pool.HikariPool - HikariPool-1 - Fill pool skipped, pool has sufficient level or currently being filled (queueDepth=0).
2026-02-25 13:56:00 [HikariPool-1 housekeeper] DEBUG com.zaxxer.hikari.pool.HikariPool - HikariPool-1 - Before cleanup stats (total=5, active=0, idle=5, waiting=0)
2026-02-25 13:56:00 [HikariPool-1 housekeeper] DEBUG com.zaxxer.hikari.pool.HikariPool - HikariPool-1 - After cleanup  stats (total=5, active=0, idle=5, waiting=0)
2026-02-25 13:56:00 [HikariPool-1 housekeeper] DEBUG com.zaxxer.hikari.pool.HikariPool - HikariPool-1 - Fill pool skipped, pool has sufficient level or currently being filled (queueDepth=0).
2026-02-25 13:56:30 [HikariPool-1 housekeeper] DEBUG com.zaxxer.hikari.pool.HikariPool - HikariPool-1 - Before cleanup stats (total=5, active=0, idle=5, waiting=0)
2026-02-25 13:56:30 [HikariPool-1 housekeeper] DEBUG com.zaxxer.hikari.pool.HikariPool - HikariPool-1 - After cleanup  stats (total=5, active=0, idle=5, waiting=0)
2026-02-25 13:56:30 [HikariPool-1 housekeeper] DEBUG com.zaxxer.hikari.pool.HikariPool - HikariPool-1 - Fill pool skipped, pool has sufficient level or currently being filled (queueDepth=0).
